N,P,K,Soil_pH,Temperature,Humidity,Rainfall,Crop_Type,Season_Kharif,Season_Rabi,Season_Zaid,Soil_Texture_Clay,Soil_Texture_Loamy,Soil_Texture_Sandy,Soil_Texture_Silt,Region_Central,Region_East,Region_North,Region_South,Region_West,Soil_Type_Alluvial Soil,Soil_Type_Black Soil,Soil_Type_Black Soil ,Soil_Type_Desert Soil,Soil_Type_Red Soil
33,85,88,5.37,27.97,48.39,1638.09,0,1,0,0,1,0,0,0,1,0,0,0,0,0,1,0,0,0
113,40,82,5.66,23.59,57.47,2229.66,0,1,0,0,1,0,0,0,1,0,0,0,0,0,1,0,0,0
122,76,35,6.58,14.95,35.95,1356.11,0,1,0,0,1,0,0,0,1,0,0,0,0,0,1,0,0,0
93,44,20,7.17,26.51,86.04,1387.83,0,1,0,0,1,0,0,0,1,0,0,0,0,0,1,0,0,0
129,42,123,4.88,39.07,69.58,2218.77,0,1,0,0,1,0,0,0,1,0,0,0,0,0,1,0,0,0
78,62,47,5.8,12.94,79.27,1291.22,0,1,0,0,1,0,0,0,1,0,0,0,0,0,1,0,0,0
134,76,111,5.42,30.34,86.19,403.99,0,1,0,0,1,0,0,0,1,0,0,0,0,0,1,0,0,0
125,80,58,5.76,22.28,35.74,528.44,0,1,0,0,1,0,0,0,1,0,0,0,0,0,1,0,0,0
82,80,116,6.51,14.99,46.91,1911.37,0,1,0,0,1,0,0,0,1,0,0,0,0,0,1,0,0,0
105,98,64,5.84,37.62,52.94,1126.13,0,1,0,0,1,0,0,0,1,0,0,0,0,0,1,0,0,0
179,51,91,7.32,32.65,86.22,2083.11,0,1,0,0,1,0,0,0,1,0,0,0,0,0,1,0,0,0
174,29,91,4.82,34.28,70.41,610.0,0,1,0,0,1,0,0,0,1,0,0,0,0,0,1,0,0,0
168,26,101,6.8,12.05,88.68,521.07,0,1,0,0,1,0,0,0,1,0,0,0,0,0,1,0,0,0
32,22,96,8.02,36.56,66.24,924.87,0,1,0,0,1,0,0,0,1,0,0,0,0,0,1,0,0,0
159,25,131,4.97,39.68,85.37,414.99,0,1,0,0,1,0,0,0,1,0,0,0,0,0,1,0,0,0
31,20,26,6.45,23.01,48.59,1014.69,0,1,0,0,1,0,0,0,1,0,0,0,0,0,1,0,0,0
148,16,115,5.42,29.52,81.51,1820.23,0,1,0,0,1,0,0,0,1,0,0,0,0,0,1,0,0,0
119,80,72,6.26,12.21,36.19,1322.06,0,1,0,0,1,0,0,0,1,0,0,0,0,0,1,0,0,0
130,88,25,6.43,13.93,66.84,1889.71,0,1,0,0,1,0,0,0,1,0,0,0,0,0,1,0,0,0
154,31,34,6.81,15.03,79.88,313.51,0,1,0,0,1,0,0,0,1,0,0,0,0,0,1,0,0,0
65,15,24,5.08,27.4,39.63,1976.67,0,1,0,0,1,0,0,0,1,0,0,0,0,0,1,0,0,0
154,62,113,8.18,10.35,69.93,2604.49,0,1,0,0,1,0,0,0,1,0,0,0,0,0,1,0,0,0
106,31,137,5.55,37.17,58.88,1449.83,0,1,0,0,1,0,0,0,1,0,0,0,0,0,1,0,0,0
172,52,84,6.46,22.7,41.37,2035.22,0,1,0,0,0,1,0,0,1,0,0,0,0,0,1,0,0,0
175,59,34,7.35,35.5,52.22,1958.79,0,1,0,0,0,1,0,0,1,0,0,0,0,0,1,0,0,0
85,92,129,5.84,14.6,52.61,1011.68,0,1,0,0,0,1,0,0,1,0,0,0,0,0,1,0,0,0
72,65,141,6.69,28.06,38.73,900.74,0,1,0,0,0,1,0,0,1,0,0,0,0,0,1,0,0,0
124,69,91,7.58,22.25,76.74,1847.31,0,1,0,0,0,1,0,0,1,0,0,0,0,0,1,0,0,0
78,31,64,5.31,35.31,35.5,1971.73,0,1,0,0,0,1,0,0,1,0,0,0,0,0,1,0,0,0
101,30,59,7.67,23.08,36.59,611.32,0,1,0,0,0,1,0,0,1,0,0,0,0,0,1,0,0,0
153,98,51,8.01,23.29,41.73,2367.42,0,1,0,0,0,1,0,0,1,0,0,0,0,0,1,0,0,0
133,28,143,8.01,36.65,47.95,685.15,0,1,0,0,0,1,0,0,1,0,0,0,0,0,1,0,0,0
130,48,31,5.77,17.32,66.48,882.86,0,1,0,0,0,1,0,0,1,0,0,0,0,0,1,0,0,0
138,88,86,6.81,22.01,57.8,1501.19,0,1,0,0,0,1,0,0,1,0,0,0,0,0,1,0,0,0
46,23,105,7.74,19.35,39.7,1173.61,0,1,0,0,0,1,0,0,1,0,0,0,0,0,1,0,0,0
128,85,43,5.35,28.39,42.17,1979.12,0,1,0,0,0,1,0,0,1,0,0,0,0,0,1,0,0,0
130,58,125,6.97,37.36,33.0,509.67,0,1,0,0,0,1,0,0,1,0,0,0,0,0,1,0,0,0
75,57,81,5.11,39.97,73.19,2703.95,0,1,0,0,0,1,0,0,1,0,0,0,0,0,1,0,0,0
33,92,31,7.63,38.55,73.33,1918.29,0,1,0,0,0,1,0,0,1,0,0,0,0,0,1,0,0,0
78,38,20,7.6,20.35,64.92,697.43,0,1,0,0,0,1,0,0,1,0,0,0,0,0,1,0,0,0
175,92,112,5.08,23.46,56.83,2358.45,0,1,0,0,0,1,0,0,1,0,0,0,0,0,1,0,0,0
56,63,48,5.97,21.56,46.97,1755.69,0,1,0,0,0,1,0,0,1,0,0,0,0,0,1,0,0,0
109,59,141,6.69,27.24,53.43,2112.21,0,1,0,0,0,1,0,0,1,0,0,0,0,0,1,0,0,0
75,29,36,5.28,18.5,53.55,2529.36,0,1,0,0,0,1,0,0,1,0,0,0,0,0,1,0,0,0
106,41,99,6.15,21.53,53.58,1523.4,0,1,0,0,0,1,0,0,1,0,0,0,0,0,1,0,0,0
91,24,118,5.5,23.23,71.5,456.98,0,1,0,0,0,1,0,0,1,0,0,0,0,0,1,0,0,0
144,68,22,7.35,21.38,39.09,1795.37,0,1,0,0,0,1,0,0,1,0,0,0,0,0,1,0,0,0
116,33,104,6.56,31.28,59.81,615.19,0,1,0,0,0,1,0,0,1,0,0,0,0,0,1,0,0,0
77,74,62,5.08,36.04,71.97,829.91,0,1,0,0,0,1,0,0,1,0,0,0,0,0,1,0,0,0
42,40,49,7.57,17.52,35.91,2272.91,0,1,0,0,0,0,1,0,1,0,0,0,0,0,0,0,0,1
149,83,29,6.44,34.56,58.6,2469.95,0,1,0,0,0,0,1,0,1,0,0,0,0,0,0,0,0,1
109,58,61,7.94,19.01,74.73,2026.58,0,1,0,0,0,0,1,0,1,0,0,0,0,0,0,0,0,1
140,34,86,6.17,16.45,89.23,1243.71,0,1,0,0,0,0,1,0,1,0,0,0,0,0,0,0,0,1
133,28,145,6.05,39.0,79.62,2407.99,0,1,0,0,0,0,1,0,1,0,0,0,0,0,0,0,0,1
167,91,76,6.31,15.3,88.05,2577.37,0,1,0,0,0,0,1,0,1,0,0,0,0,0,0,0,0,1
166,72,96,6.32,38.58,76.37,349.44,0,1,0,0,0,0,1,0,1,0,0,0,0,0,0,0,0,1
97,58,27,5.65,13.9,50.31,1270.95,0,1,0,0,0,0,1,0,1,0,0,0,0,0,0,0,0,1
145,79,126,6.05,35.14,88.8,2592.02,0,1,0,0,0,0,1,0,1,0,0,0,0,0,0,0,0,1
73,93,113,4.82,17.27,40.85,2096.96,0,1,0,0,0,0,1,0,1,0,0,0,0,0,0,0,0,1
52,31,148,5.7,19.02,38.24,572.82,0,1,0,0,0,0,1,0,1,0,0,0,0,0,0,0,0,1
33,23,55,7.66,13.69,31.51,1631.89,0,1,0,0,0,0,1,0,1,0,0,0,0,0,0,0,0,1
164,38,134,4.87,11.74,71.82,2435.58,0,1,0,0,0,0,1,0,1,0,0,0,0,0,0,0,0,1
140,23,112,7.32,36.13,79.04,348.54,0,1,0,0,0,0,1,0,1,0,0,0,0,0,0,0,0,1
68,58,147,6.16,34.54,51.27,1563.57,0,1,0,0,0,0,1,0,1,0,0,0,0,0,0,0,0,1
101,25,96,7.65,20.16,65.31,2795.73,0,1,0,0,0,0,1,0,1,0,0,0,0,0,0,0,0,1
92,73,97,7.9,17.86,43.78,1465.39,0,1,0,0,0,0,1,0,1,0,0,0,0,0,0,0,0,1
109,15,97,8.1,11.45,65.62,307.73,0,1,0,0,0,0,1,0,1,0,0,0,0,0,0,0,0,1
152,31,23,6.57,36.68,31.91,1886.22,0,1,0,0,0,0,1,0,1,0,0,0,0,0,0,0,0,1
155,56,134,6.43,19.45,76.24,482.74,0,1,0,0,0,0,1,0,1,0,0,0,0,0,0,0,0,1
177,75,61,5.19,39.85,87.9,2061.42,0,1,0,0,0,0,1,0,1,0,0,0,0,0,0,0,0,1
147,67,56,8.14,15.0,57.37,862.4,0,1,0,0,0,0,1,0,1,0,0,0,0,0,0,0,0,1
161,55,26,7.55,32.27,37.4,1005.64,0,1,0,0,0,0,1,0,1,0,0,0,0,0,0,0,0,1
37,42,141,5.07,22.25,67.94,1500.03,0,1,0,0,0,0,1,0,1,0,0,0,0,0,0,0,0,1
116,21,79,7.77,26.28,80.63,1168.93,0,1,0,0,0,0,1,0,1,0,0,0,0,0,0,0,0,1
76,27,38,6.36,22.85,41.66,1589.86,0,1,0,0,0,0,1,0,1,0,0,0,0,0,0,0,0,1
52,85,100,7.67,21.14,34.73,517.97,0,1,0,0,0,0,1,0,1,0,0,0,0,0,0,0,0,1
105,52,46,5.88,29.78,60.63,2642.35,0,1,0,0,0,0,1,0,1,0,0,0,0,0,0,0,0,1
144,95,53,5.3,30.25,54.22,1235.51,0,1,0,0,0,0,1,0,1,0,0,0,0,0,0,0,0,1
69,29,58,7.09,10.05,74.94,1598.16,0,1,0,0,0,0,0,1,1,0,0,0,0,1,0,0,0,0
36,29,82,5.76,24.05,45.24,2248.34,0,1,0,0,0,0,0,1,1,0,0,0,0,1,0,0,0,0
160,67,149,7.91,34.38,83.06,1169.47,0,1,0,0,0,0,0,1,1,0,0,0,0,1,0,0,0,0
33,69,53,5.57,30.67,50.02,2406.82,0,1,0,0,0,0,0,1,1,0,0,0,0,1,0,0,0,0
166,72,108,4.83,13.92,32.26,1472.24,0,1,0,0,0,0,0,1,1,0,0,0,0,1,0,0,0,0
152,36,139,6.68,38.33,71.34,2183.73,0,1,0,0,0,0,0,1,1,0,0,0,0,1,0,0,0,0
69,78,100,6.18,36.67,72.93,1544.91,0,1,0,0,0,0,0,1,1,0,0,0,0,1,0,0,0,0
74,40,143,6.3,37.42,74.65,1217.65,0,1,0,0,0,0,0,1,1,0,0,0,0,1,0,0,0,0
41,99,93,7.41,33.15,87.13,2462.8,0,1,0,0,0,0,0,1,1,0,0,0,0,1,0,0,0,0
154,86,92,5.65,27.04,52.76,395.74,0,1,0,0,0,0,0,1,1,0,0,0,0,1,0,0,0,0
166,34,77,7.32,18.09,31.42,1981.01,0,1,0,0,0,0,0,1,1,0,0,0,0,1,0,0,0,0
145,77,101,5.05,34.95,54.46,1967.6,0,1,0,0,0,0,0,1,1,0,0,0,0,1,0,0,0,0
71,43,125,4.89,22.97,71.87,1731.72,0,1,0,0,0,0,0,1,1,0,0,0,0,1,0,0,0,0
51,42,35,7.95,37.55,38.75,2244.28,0,1,0,0,0,0,0,1,1,0,0,0,0,1,0,0,0,0
151,59,28,7.17,32.67,64.35,1493.63,0,1,0,0,0,0,0,1,1,0,0,0,0,1,0,0,0,0
114,98,26,7.58,23.05,75.65,1325.25,0,1,0,0,0,0,0,1,1,0,0,0,0,1,0,0,0,0
34,27,31,6.33,34.43,70.36,1000.96,0,1,0,0,0,0,0,1,1,0,0,0,0,1,0,0,0,0
153,59,76,6.66,28.7,43.52,751.73,0,1,0,0,0,0,0,1,1,0,0,0,0,1,0,0,0,0
157,72,104,6.31,39.39,42.07,367.32,0,1,0,0,0,0,0,1,1,0,0,0,0,1,0,0,0,0
121,83,145,6.9,14.91,60.47,2311.38,0,1,0,0,0,0,0,1,1,0,0,0,0,1,0,0,0,0
45,68,61,6.31,23.11,65.38,1289.76,0,1,0,0,0,0,0,1,1,0,0,0,0,1,0,0,0,0
35,90,134,7.25,36.76,70.95,2116.54,0,1,0,0,0,0,0,1,1,0,0,0,0,1,0,0,0,0
102,73,74,5.87,17.11,33.37,1776.23,0,1,0,0,0,0,0,1,1,0,0,0,0,1,0,0,0,0
96,20,97,6.71,12.13,61.85,1429.57,0,1,0,0,0,0,0,1,1,0,0,0,0,1,0,0,0,0
30,35,131,6.16,31.89,56.68,411.69,0,1,0,0,0,0,0,1,1,0,0,0,0,1,0,0,0,0
174,17,97,6.03,36.84,81.82,434.18,0,1,0,0,0,0,0,1,1,0,0,0,0,1,0,0,0,0
155,69,139,7.1,35.31,41.89,1389.08,0,1,0,0,0,0,0,1,1,0,0,0,0,1,0,0,0,0
164,87,109,4.91,11.81,51.46,2098.74,0,1,0,0,0,0,0,1,1,0,0,0,0,1,0,0,0,0
120,30,62,8.09,31.36,62.98,670.23,0,1,0,0,0,0,0,1,1,0,0,0,0,1,0,0,0,0
117,55,51,4.85,36.67,75.84,1094.92,0,1,0,0,1,0,0,0,0,1,0,0,0,1,0,0,0,0
171,31,89,6.11,18.56,63.98,2062.64,0,1,0,0,1,0,0,0,0,1,0,0,0,1,0,0,0,0
59,34,141,6.91,35.02,61.9,2467.49,0,1,0,0,1,0,0,0,0,1,0,0,0,1,0,0,0,0
65,77,70,5.12,17.73,58.38,1082.22,0,1,0,0,1,0,0,0,0,1,0,0,0,1,0,0,0,0
74,96,25,7.12,13.16,48.09,1578.61,0,1,0,0,1,0,0,0,0,1,0,0,0,1,0,0,0,0
68,70,125,5.02,29.04,70.89,1230.55,0,1,0,0,1,0,0,0,0,1,0,0,0,1,0,0,0,0
133,22,57,7.67,11.77,58.81,1594.24,0,1,0,0,1,0,0,0,0,1,0,0,0,1,0,0,0,0
60,54,55,5.91,31.16,63.35,683.48,0,1,0,0,1,0,0,0,0,1,0,0,0,1,0,0,0,0
74,95,98,7.23,36.39,48.6,1582.09,0,1,0,0,1,0,0,0,0,1,0,0,0,1,0,0,0,0
63,75,40,6.09,34.38,82.81,2454.6,0,1,0,0,1,0,0,0,0,1,0,0,0,1,0,0,0,0
94,35,107,7.57,19.15,33.43,1331.14,0,1,0,0,1,0,0,0,0,1,0,0,0,1,0,0,0,0
46,72,50,7.74,29.45,40.43,1586.18,0,1,0,0,1,0,0,0,0,1,0,0,0,1,0,0,0,0
147,33,60,6.64,38.55,70.04,1001.95,0,1,0,0,1,0,0,0,0,1,0,0,0,1,0,0,0,0
137,33,132,7.7,38.97,42.34,667.28,0,1,0,0,1,0,0,0,0,1,0,0,0,1,0,0,0,0
137,74,72,7.05,28.99,62.5,353.74,0,1,0,0,1,0,0,0,0,1,0,0,0,1,0,0,0,0
88,52,120,5.61,13.11,30.35,2536.23,0,1,0,0,1,0,0,0,0,1,0,0,0,1,0,0,0,0
140,89,119,4.99,16.0,56.34,2293.37,0,1,0,0,1,0,0,0,0,1,0,0,0,1,0,0,0,0
42,98,133,5.67,31.19,69.64,1192.61,0,1,0,0,1,0,0,0,0,1,0,0,0,1,0,0,0,0
153,39,31,4.8,20.02,65.06,2651.36,0,1,0,0,1,0,0,0,0,1,0,0,0,1,0,0,0,0
119,15,104,4.98,11.33,75.3,1957.31,0,1,0,0,1,0,0,0,0,1,0,0,0,1,0,0,0,0
143,52,96,7.72,21.0,51.97,1260.86,0,1,0,0,1,0,0,0,0,1,0,0,0,1,0,0,0,0
66,55,125,6.23,37.59,56.21,1198.26,0,1,0,0,1,0,0,0,0,1,0,0,0,1,0,0,0,0
134,90,63,6.02,25.72,75.67,422.98,0,1,0,0,1,0,0,0,0,1,0,0,0,1,0,0,0,0
152,84,38,5.39,26.87,32.07,352.59,0,1,0,0,1,0,0,0,0,1,0,0,0,1,0,0,0,0
45,47,38,5.75,24.63,46.34,1190.77,0,1,0,0,1,0,0,0,0,1,0,0,0,1,0,0,0,0
115,26,134,7.39,19.52,68.36,1536.16,0,1,0,0,1,0,0,0,0,1,0,0,0,1,0,0,0,0
35,37,65,6.66,22.43,40.27,332.79,0,1,0,0,1,0,0,0,0,1,0,0,0,1,0,0,0,0
162,68,115,7.42,33.04,30.52,1065.73,0,1,0,0,0,1,0,0,0,1,0,0,0,1,0,0,0,0
90,66,111,4.96,24.18,30.54,2433.89,0,1,0,0,0,1,0,0,0,1,0,0,0,1,0,0,0,0
67,42,110,5.32,38.51,66.85,1750.98,0,1,0,0,0,1,0,0,0,1,0,0,0,1,0,0,0,0
34,61,118,7.38,18.79,57.29,2028.89,0,1,0,0,0,1,0,0,0,1,0,0,0,1,0,0,0,0
165,80,65,6.79,33.94,61.22,1017.92,0,1,0,0,0,1,0,0,0,1,0,0,0,1,0,0,0,0
81,49,31,5.59,11.16,32.8,2236.54,0,1,0,0,0,1,0,0,0,1,0,0,0,1,0,0,0,0
32,55,46,7.9,11.1,37.66,1237.29,0,1,0,0,0,1,0,0,0,1,0,0,0,1,0,0,0,0
147,64,29,7.59,14.32,73.02,1767.57,0,1,0,0,0,1,0,0,0,1,0,0,0,1,0,0,0,0
88,16,66,7.78,19.25,65.05,1770.23,0,1,0,0,0,1,0,0,0,1,0,0,0,1,0,0,0,0
176,63,124,7.16,22.8,71.72,2067.73,0,1,0,0,0,1,0,0,0,1,0,0,0,1,0,0,0,0
79,29,71,7.23,19.42,36.71,1892.53,0,1,0,0,0,1,0,0,0,1,0,0,0,1,0,0,0,0
96,19,33,5.14,36.15,55.72,2559.47,0,1,0,0,0,1,0,0,0,1,0,0,0,1,0,0,0,0
107,70,82,7.72,34.85,63.29,2123.17,0,1,0,0,0,1,0,0,0,1,0,0,0,1,0,0,0,0
30,73,131,5.71,17.81,85.28,1722.29,0,1,0,0,0,1,0,0,0,1,0,0,0,1,0,0,0,0
98,44,20,5.58,34.13,45.13,2161.23,0,1,0,0,0,1,0,0,0,1,0,0,0,1,0,0,0,0
170,76,70,4.96,18.87,78.77,1297.94,0,1,0,0,0,1,0,0,0,1,0,0,0,1,0,0,0,0
69,94,113,5.17,36.24,46.15,2386.94,0,1,0,0,0,1,0,0,0,1,0,0,0,1,0,0,0,0
97,52,39,7.95,14.05,36.33,629.16,0,1,0,0,0,1,0,0,0,1,0,0,0,1,0,0,0,0
45,85,63,7.27,37.55,38.0,2064.49,0,1,0,0,0,1,0,0,0,1,0,0,0,1,0,0,0,0
145,68,105,5.59,34.78,36.03,1319.44,0,1,0,0,0,1,0,0,0,1,0,0,0,1,0,0,0,0
62,62,37,6.62,24.81,70.03,837.13,0,1,0,0,0,1,0,0,0,1,0,0,0,1,0,0,0,0
176,83,61,6.51,20.2,63.45,1534.77,0,1,0,0,0,1,0,0,0,1,0,0,0,1,0,0,0,0
154,65,135,7.45,24.14,62.7,2323.62,0,1,0,0,0,1,0,0,0,1,0,0,0,1,0,0,0,0
138,83,137,5.32,24.0,55.16,697.57,0,1,0,0,0,1,0,0,0,1,0,0,0,1,0,0,0,0
40,94,146,4.91,28.31,73.29,1650.49,0,1,0,0,0,1,0,0,0,1,0,0,0,1,0,0,0,0
60,42,145,5.45,24.85,42.54,856.93,0,1,0,0,0,1,0,0,0,1,0,0,0,1,0,0,0,0
136,20,54,6.53,34.85,49.91,1858.8,0,1,0,0,0,1,0,0,0,1,0,0,0,1,0,0,0,0
94,53,40,6.81,23.33,74.93,1234.51,0,1,0,0,0,0,1,0,0,1,0,0,0,0,0,0,0,1
32,15,126,7.58,14.61,62.65,2310.92,0,1,0,0,0,0,1,0,0,1,0,0,0,0,0,0,0,1
30,91,58,6.51,25.05,32.02,2506.23,0,1,0,0,0,0,1,0,0,1,0,0,0,0,0,0,0,1
38,74,29,7.38,15.83,31.79,2553.94,0,1,0,0,0,0,1,0,0,1,0,0,0,0,0,0,0,1
162,22,40,4.99,31.09,82.41,2318.16,0,1,0,0,0,0,1,0,0,1,0,0,0,0,0,0,0,1
172,23,103,8.17,22.13,63.38,2481.98,0,1,0,0,0,0,1,0,0,1,0,0,0,0,0,0,0,1
94,81,49,5.32,32.94,57.07,2799.26,0,1,0,0,0,0,1,0,0,1,0,0,0,0,0,0,0,1
75,29,131,6.57,10.5,82.47,513.99,0,1,0,0,0,0,1,0,0,1,0,0,0,0,0,0,0,1
155,95,52,5.18,28.9,84.16,2325.34,0,1,0,0,0,0,1,0,0,1,0,0,0,0,0,0,0,1
147,39,54,6.61,12.47,36.48,777.05,0,1,0,0,0,0,1,0,0,1,0,0,0,0,0,0,0,1
115,92,119,5.53,39.69,79.95,754.47,0,1,0,0,0,0,1,0,0,1,0,0,0,0,0,0,0,1
142,92,24,7.15,28.14,49.99,804.47,0,1,0,0,0,0,1,0,0,1,0,0,0,0,0,0,0,1
124,39,75,7.02,29.8,70.14,2172.45,0,1,0,0,0,0,1,0,0,1,0,0,0,0,0,0,0,1
130,35,24,6.2,12.99,61.27,2619.96,0,1,0,0,0,0,1,0,0,1,0,0,0,0,0,0,0,1
161,27,108,6.8,35.03,70.73,1305.39,0,1,0,0,0,0,1,0,0,1,0,0,0,0,0,0,0,1
137,33,37,4.83,17.31,50.98,673.22,0,1,0,0,0,0,1,0,0,1,0,0,0,0,0,0,0,1
75,17,56,5.44,17.01,55.32,1632.85,0,1,0,0,0,0,1,0,0,1,0,0,0,0,0,0,0,1
126,59,138,6.66,38.52,66.54,392.03,0,1,0,0,0,0,1,0,0,1,0,0,0,0,0,0,0,1
68,72,74,6.82,36.08,47.2,2057.62,0,1,0,0,0,0,1,0,0,1,0,0,0,0,0,0,0,1
42,16,148,7.21,38.81,85.14,445.24,0,1,0,0,0,0,1,0,0,1,0,0,0,0,0,0,0,1
131,38,137,5.68,20.75,39.76,1975.82,0,1,0,0,0,0,1,0,0,1,0,0,0,0,0,0,0,1
151,37,126,6.53,35.47,51.59,807.16,0,1,0,0,0,0,1,0,0,1,0,0,0,0,0,0,0,1
109,38,79,6.63,22.63,46.68,916.39,0,1,0,0,0,0,1,0,0,1,0,0,0,0,0,0,0,1
149,50,138,5.01,37.08,58.57,1133.8,0,1,0,0,0,0,1,0,0,1,0,0,0,0,0,0,0,1
118,81,35,6.45,14.48,66.18,1342.69,0,1,0,0,0,0,1,0,0,1,0,0,0,0,0,0,0,1
46,24,149,6.74,21.34,51.86,625.75,0,1,0,0,0,0,1,0,0,1,0,0,0,0,0,0,0,1
154,98,30,5.24,16.84,41.56,1436.71,0,1,0,0,0,0,1,0,0,1,0,0,0,0,0,0,0,1
144,56,43,7.82,20.62,62.24,1074.26,0,1,0,0,0,0,1,0,0,1,0,0,0,0,0,0,0,1
138,32,102,7.43,34.44,87.6,401.69,0,1,0,0,0,0,1,0,0,1,0,0,0,0,0,0,0,1
74,20,70,6.69,18.68,48.55,871.46,0,1,0,0,0,0,1,0,0,1,0,0,0,0,0,0,0,1
132,49,102,7.49,10.9,40.85,1183.87,0,1,0,0,0,0,1,0,0,1,0,0,0,0,0,0,0,1
83,28,113,7.58,18.95,32.82,1520.43,0,1,0,0,0,0,1,0,0,1,0,0,0,0,0,0,0,1
48,76,55,6.56,37.29,59.83,2772.31,0,1,0,0,0,0,1,0,0,1,0,0,0,0,0,0,0,1
154,58,147,7.21,22.3,73.52,2119.28,0,1,0,0,0,0,1,0,0,1,0,0,0,0,0,0,0,1
74,18,79,7.48,27.69,60.39,1404.25,0,1,0,0,0,0,0,1,0,1,0,0,0,1,0,0,0,0
96,47,81,7.61,27.53,78.45,2154.3,0,1,0,0,0,0,0,1,0,1,0,0,0,1,0,0,0,0
76,77,103,7.13,23.49,54.73,899.1,0,1,0,0,0,0,0,1,0,1,0,0,0,1,0,0,0,0
151,41,72,6.06,30.16,59.08,1508.42,0,1,0,0,0,0,0,1,0,1,0,0,0,1,0,0,0,0
44,92,81,5.47,11.46,59.47,2631.48,0,1,0,0,0,0,0,1,0,1,0,0,0,1,0,0,0,0
65,76,117,5.92,38.3,68.62,510.14,0,1,0,0,0,0,0,1,0,1,0,0,0,1,0,0,0,0
80,61,126,7.93,12.48,74.24,771.09,0,1,0,0,0,0,0,1,0,1,0,0,0,1,0,0,0,0
75,33,86,7.19,38.42,37.86,2423.07,0,1,0,0,0,0,0,1,0,1,0,0,0,1,0,0,0,0
68,78,77,6.07,33.05,62.97,1361.13,0,1,0,0,0,0,0,1,0,1,0,0,0,1,0,0,0,0
32,38,85,5.47,37.45,76.08,2176.99,0,1,0,0,0,0,0,1,0,1,0,0,0,1,0,0,0,0
86,35,90,8.09,28.18,78.3,1385.38,0,1,0,0,0,0,0,1,0,1,0,0,0,1,0,0,0,0
48,69,117,6.13,21.23,35.73,2269.97,0,1,0,0,0,0,0,1,0,1,0,0,0,1,0,0,0,0
110,90,133,7.1,26.0,83.04,1751.11,0,1,0,0,0,0,0,1,0,1,0,0,0,1,0,0,0,0
140,77,89,7.09,28.29,45.98,401.46,0,1,0,0,0,0,0,1,0,1,0,0,0,1,0,0,0,0
80,16,67,4.94,26.41,86.57,2091.74,0,1,0,0,0,0,0,1,0,1,0,0,0,1,0,0,0,0
101,67,45,7.28,25.53,69.71,887.13,0,1,0,0,0,0,0,1,0,1,0,0,0,1,0,0,0,0
134,84,127,6.13,39.57,33.16,2079.55,0,1,0,0,0,0,0,1,0,1,0,0,0,1,0,0,0,0
156,63,68,6.96,29.14,36.37,460.22,0,1,0,0,0,0,0,1,0,1,0,0,0,1,0,0,0,0
166,41,56,6.09,26.26,88.05,2308.28,0,1,0,0,0,0,0,1,0,1,0,0,0,1,0,0,0,0
154,86,43,6.58,28.46,72.91,1608.47,0,1,0,0,0,0,0,1,0,1,0,0,0,1,0,0,0,0
100,20,94,8.13,26.91,82.42,1399.96,0,1,0,0,0,0,0,1,0,1,0,0,0,1,0,0,0,0
176,30,61,5.3,18.23,75.51,1515.9,0,1,0,0,0,0,0,1,0,1,0,0,0,1,0,0,0,0
61,51,75,6.99,18.52,40.35,2565.91,0,1,0,0,0,0,0,1,0,1,0,0,0,1,0,0,0,0
60,28,89,6.04,24.67,82.86,2731.42,0,1,0,0,0,0,0,1,0,1,0,0,0,1,0,0,0,0
176,87,91,5.55,39.41,46.99,2679.81,0,1,0,0,0,0,0,1,0,1,0,0,0,1,0,0,0,0
167,28,105,7.13,24.26,38.53,357.72,0,1,0,0,0,0,0,1,0,1,0,0,0,1,0,0,0,0
121,95,141,6.55,30.11,33.98,2725.05,0,1,0,0,0,0,0,1,0,1,0,0,0,1,0,0,0,0
61,89,68,5.55,20.05,76.83,759.11,0,1,0,0,0,0,0,1,0,1,0,0,0,1,0,0,0,0
163,62,85,5.87,16.77,64.22,1635.86,0,1,0,0,0,0,0,1,0,1,0,0,0,1,0,0,0,0
63,24,101,7.5,11.96,31.49,789.46,0,1,0,0,0,0,0,1,0,1,0,0,0,1,0,0,0,0
133,94,59,6.94,19.59,51.32,1024.13,0,1,0,0,1,0,0,0,0,0,1,0,0,1,0,0,0,0
37,37,94,8.13,35.71,34.0,646.12,0,1,0,0,1,0,0,0,0,0,1,0,0,1,0,0,0,0
92,73,89,5.14,19.46,84.0,1652.82,0,1,0,0,1,0,0,0,0,0,1,0,0,1,0,0,0,0
144,61,27,5.18,33.51,87.58,2243.89,0,1,0,0,1,0,0,0,0,0,1,0,0,1,0,0,0,0
82,95,124,4.8,29.88,58.11,1690.39,0,1,0,0,1,0,0,0,0,0,1,0,0,1,0,0,0,0
170,98,39,7.99,39.59,35.07,601.82,0,1,0,0,1,0,0,0,0,0,1,0,0,1,0,0,0,0
171,16,93,6.95,31.19,36.26,2058.4,0,1,0,0,1,0,0,0,0,0,1,0,0,1,0,0,0,0
34,37,136,7.03,33.89,42.32,2611.23,0,1,0,0,1,0,0,0,0,0,1,0,0,1,0,0,0,0
137,84,85,6.54,26.97,88.19,325.73,0,1,0,0,1,0,0,0,0,0,1,0,0,1,0,0,0,0
30,73,33,6.07,34.03,85.52,2598.38,0,1,0,0,1,0,0,0,0,0,1,0,0,1,0,0,0,0
33,70,57,5.32,20.79,43.59,1332.02,0,1,0,0,1,0,0,0,0,0,1,0,0,1,0,0,0,0
177,63,146,7.96,32.29,66.01,1689.73,0,1,0,0,1,0,0,0,0,0,1,0,0,1,0,0,0,0
35,20,57,6.29,11.62,80.23,2780.46,0,1,0,0,1,0,0,0,0,0,1,0,0,1,0,0,0,0
100,95,123,6.44,15.61,38.76,1065.52,0,1,0,0,1,0,0,0,0,0,1,0,0,1,0,0,0,0
39,73,21,7.03,38.93,36.04,1593.16,0,1,0,0,1,0,0,0,0,0,1,0,0,1,0,0,0,0
106,87,24,7.4,13.12,70.51,2658.95,0,1,0,0,1,0,0,0,0,0,1,0,0,1,0,0,0,0
99,40,89,6.49,19.19,30.5,601.21,0,1,0,0,1,0,0,0,0,0,1,0,0,1,0,0,0,0
109,40,83,5.78,36.15,66.82,2314.24,0,1,0,0,1,0,0,0,0,0,1,0,0,1,0,0,0,0
100,74,131,4.86,39.27,73.78,1131.45,0,1,0,0,1,0,0,0,0,0,1,0,0,1,0,0,0,0
179,61,39,6.69,23.08,46.36,1758.09,0,1,0,0,1,0,0,0,0,0,1,0,0,1,0,0,0,0
168,46,85,6.44,11.44,66.39,2025.36,0,1,0,0,1,0,0,0,0,0,1,0,0,1,0,0,0,0
102,36,133,7.05,22.44,74.7,1096.57,0,1,0,0,1,0,0,0,0,0,1,0,0,1,0,0,0,0
178,84,37,7.81,29.04,87.82,2462.24,0,1,0,0,1,0,0,0,0,0,1,0,0,1,0,0,0,0
157,20,63,7.49,36.98,47.66,2634.69,0,1,0,0,1,0,0,0,0,0,1,0,0,1,0,0,0,0
88,99,27,7.0,22.04,50.62,1384.31,0,1,0,0,1,0,0,0,0,0,1,0,0,1,0,0,0,0
85,98,61,7.63,15.08,71.29,2279.07,0,1,0,0,1,0,0,0,0,0,1,0,0,1,0,0,0,0
61,78,26,6.15,23.56,70.6,1025.8,0,1,0,0,1,0,0,0,0,0,1,0,0,1,0,0,0,0
98,81,81,5.0,19.85,31.63,2235.83,0,1,0,0,1,0,0,0,0,0,1,0,0,1,0,0,0,0
90,52,81,7.91,32.62,60.62,1064.85,0,1,0,0,1,0,0,0,0,0,1,0,0,1,0,0,0,0
138,18,113,8.16,33.56,69.64,2190.78,0,1,0,0,1,0,0,0,0,0,1,0,0,1,0,0,0,0
82,23,149,7.82,24.37,70.7,1499.0,0,1,0,0,1,0,0,0,0,0,1,0,0,1,0,0,0,0
179,90,57,5.16,23.44,37.87,1290.95,0,1,0,0,1,0,0,0,0,0,1,0,0,1,0,0,0,0
140,98,37,5.17,37.73,41.17,764.22,0,1,0,0,0,1,0,0,0,0,1,0,0,1,0,0,0,0
37,66,128,5.36,17.06,52.92,1480.28,0,1,0,0,0,1,0,0,0,0,1,0,0,1,0,0,0,0
58,15,69,5.26,36.5,70.0,2762.76,0,1,0,0,0,1,0,0,0,0,1,0,0,1,0,0,0,0
131,32,103,6.59,38.48,58.27,848.7,0,1,0,0,0,1,0,0,0,0,1,0,0,1,0,0,0,0
65,29,70,5.75,19.44,34.86,2358.9,0,1,0,0,0,1,0,0,0,0,1,0,0,1,0,0,0,0
103,58,54,6.42,33.07,77.57,1896.75,0,1,0,0,0,1,0,0,0,0,1,0,0,1,0,0,0,0
156,20,83,7.96,20.07,57.19,563.16,0,1,0,0,0,1,0,0,0,0,1,0,0,1,0,0,0,0
83,87,53,6.91,34.72,67.28,1576.73,0,1,0,0,0,1,0,0,0,0,1,0,0,1,0,0,0,0
161,75,63,7.1,27.73,34.35,420.04,0,1,0,0,0,1,0,0,0,0,1,0,0,1,0,0,0,0
55,58,103,7.26,34.82,36.07,665.18,0,1,0,0,0,1,0,0,0,0,1,0,0,1,0,0,0,0
176,36,72,6.66,14.63,84.01,1887.51,0,1,0,0,0,1,0,0,0,0,1,0,0,1,0,0,0,0
160,89,96,6.0,11.18,64.84,2087.12,0,1,0,0,0,1,0,0,0,0,1,0,0,1,0,0,0,0
113,85,63,7.83,16.28,48.28,2663.44,0,1,0,0,0,1,0,0,0,0,1,0,0,1,0,0,0,0
34,76,63,7.02,14.66,68.81,735.42,0,1,0,0,0,1,0,0,0,0,1,0,0,1,0,0,0,0
166,51,39,7.25,36.96,32.32,1219.35,0,1,0,0,0,1,0,0,0,0,1,0,0,1,0,0,0,0
102,50,83,5.32,18.84,37.66,489.4,0,1,0,0,0,1,0,0,0,0,1,0,0,1,0,0,0,0
55,54,68,7.22,27.77,42.25,1631.16,0,1,0,0,0,1,0,0,0,0,1,0,0,1,0,0,0,0
87,45,44,6.69,10.73,65.99,1820.41,0,1,0,0,0,1,0,0,0,0,1,0,0,1,0,0,0,0
170,96,41,6.81,36.58,83.88,1249.52,0,1,0,0,0,1,0,0,0,0,1,0,0,1,0,0,0,0
77,82,134,5.62,16.15,58.58,2334.9,0,1,0,0,0,1,0,0,0,0,1,0,0,1,0,0,0,0
115,94,111,6.16,22.0,71.98,2178.22,0,1,0,0,0,1,0,0,0,0,1,0,0,1,0,0,0,0
46,95,148,6.79,16.84,33.63,1632.39,0,1,0,0,0,1,0,0,0,0,1,0,0,1,0,0,0,0
160,79,130,7.11,30.93,38.18,676.3,0,1,0,0,0,1,0,0,0,0,1,0,0,1,0,0,0,0
149,53,127,6.29,19.72,87.12,331.66,0,1,0,0,0,1,0,0,0,0,1,0,0,1,0,0,0,0
103,77,84,7.18,35.84,39.6,360.5,0,1,0,0,0,1,0,0,0,0,1,0,0,1,0,0,0,0
94,94,147,4.81,25.2,52.58,2548.25,0,1,0,0,0,1,0,0,0,0,1,0,0,1,0,0,0,0
102,30,121,7.6,36.57,60.67,917.16,0,1,0,0,0,1,0,0,0,0,1,0,0,1,0,0,0,0
66,25,30,5.73,16.43,60.89,2304.57,0,1,0,0,0,1,0,0,0,0,1,0,0,1,0,0,0,0
82,30,115,7.72,13.38,41.21,2265.13,0,1,0,0,0,1,0,0,0,0,1,0,0,1,0,0,0,0
108,95,113,7.0,33.29,84.85,2703.11,0,1,0,0,0,1,0,0,0,0,1,0,0,1,0,0,0,0
105,79,20,8.18,37.87,57.1,1758.83,0,1,0,0,0,1,0,0,0,0,1,0,0,1,0,0,0,0
70,70,144,8.06,11.04,69.97,1196.05,0,1,0,0,0,1,0,0,0,0,1,0,0,1,0,0,0,0
105,68,103,6.72,30.57,67.06,1764.87,0,1,0,0,0,1,0,0,0,0,1,0,0,1,0,0,0,0
159,59,123,7.43,10.99,54.32,2400.33,0,1,0,0,0,0,1,0,0,0,1,0,0,0,0,0,1,0
122,90,57,5.07,14.71,33.2,1595.45,0,1,0,0,0,0,1,0,0,0,1,0,0,0,0,0,1,0
150,58,53,8.05,31.6,72.45,2728.74,0,1,0,0,0,0,1,0,0,0,1,0,0,0,0,0,1,0
154,17,66,5.79,39.51,56.57,1056.31,0,1,0,0,0,0,1,0,0,0,1,0,0,0,0,0,1,0
60,92,63,5.27,13.51,61.72,1165.82,0,1,0,0,0,0,1,0,0,0,1,0,0,0,0,0,1,0
40,82,115,7.43,18.64,60.77,1745.78,0,1,0,0,0,0,1,0,0,0,1,0,0,0,0,0,1,0
74,16,35,5.89,24.39,33.24,1753.29,0,1,0,0,0,0,1,0,0,0,1,0,0,0,0,0,1,0
118,74,137,5.67,24.97,37.02,2084.52,0,1,0,0,0,0,1,0,0,0,1,0,0,0,0,0,1,0
61,20,73,7.71,26.79,71.91,2523.67,0,1,0,0,0,0,1,0,0,0,1,0,0,0,0,0,1,0
153,93,82,6.97,39.49,53.95,1938.6,0,1,0,0,0,0,1,0,0,0,1,0,0,0,0,0,1,0
154,15,102,8.02,14.83,87.18,1494.37,0,1,0,0,0,0,1,0,0,0,1,0,0,0,0,0,1,0
162,65,82,6.98,20.91,55.04,1530.81,0,1,0,0,0,0,1,0,0,0,1,0,0,0,0,0,1,0
37,88,53,5.39,22.22,47.6,2247.13,0,1,0,0,0,0,1,0,0,0,1,0,0,0,0,0,1,0
67,58,40,7.55,30.06,39.36,2237.11,0,1,0,0,0,0,1,0,0,0,1,0,0,0,0,0,1,0
122,54,71,7.58,15.68,74.73,1580.78,0,1,0,0,0,0,1,0,0,0,1,0,0,0,0,0,1,0
38,51,141,7.16,28.52,44.79,2474.73,0,1,0,0,0,0,1,0,0,0,1,0,0,0,0,0,1,0
172,89,32,6.35,22.61,82.99,2524.23,0,1,0,0,0,0,1,0,0,0,1,0,0,0,0,0,1,0
160,44,124,7.23,31.12,46.54,2373.75,0,1,0,0,0,0,1,0,0,0,1,0,0,0,0,0,1,0
177,79,27,6.1,30.65,53.97,1191.6,0,1,0,0,0,0,1,0,0,0,1,0,0,0,0,0,1,0
112,17,55,7.08,30.62,36.76,1249.29,0,1,0,0,0,0,1,0,0,0,1,0,0,0,0,0,1,0
155,23,139,7.36,13.0,42.76,1462.76,0,1,0,0,0,0,1,0,0,0,1,0,0,0,0,0,1,0
101,26,36,6.81,12.61,42.77,1497.77,0,1,0,0,0,0,1,0,0,0,1,0,0,0,0,0,1,0
154,71,54,6.2,31.61,34.44,2442.41,0,1,0,0,0,0,1,0,0,0,1,0,0,0,0,0,1,0
62,91,112,5.21,23.19,60.07,839.97,0,1,0,0,0,0,1,0,0,0,1,0,0,0,0,0,1,0
163,83,95,6.88,26.88,71.53,413.14,0,1,0,0,0,0,1,0,0,0,1,0,0,0,0,0,1,0
152,71,122,5.82,19.79,72.86,2728.39,0,1,0,0,0,0,1,0,0,0,1,0,0,0,0,0,1,0
44,84,86,6.97,10.55,86.29,885.12,0,1,0,0,0,0,1,0,0,0,1,0,0,0,0,0,1,0
58,21,118,5.74,32.94,39.33,582.25,0,1,0,0,0,0,1,0,0,0,1,0,0,0,0,0,1,0
114,97,149,7.88,17.38,74.12,2710.42,0,1,0,0,0,0,0,1,0,0,1,0,0,1,0,0,0,0
115,87,106,5.83,28.52,83.58,321.02,0,1,0,0,0,0,0,1,0,0,1,0,0,1,0,0,0,0
151,40,100,7.27,19.13,80.2,2624.01,0,1,0,0,0,0,0,1,0,0,1,0,0,1,0,0,0,0
121,26,146,5.46,24.85,42.19,362.15,0,1,0,0,0,0,0,1,0,0,1,0,0,1,0,0,0,0
70,79,128,6.54,19.43,71.37,1660.43,0,1,0,0,0,0,0,1,0,0,1,0,0,1,0,0,0,0
86,96,35,7.11,24.51,88.71,2731.76,0,1,0,0,0,0,0,1,0,0,1,0,0,1,0,0,0,0
71,35,147,6.2,18.44,71.3,2644.62,0,1,0,0,0,0,0,1,0,0,1,0,0,1,0,0,0,0
104,89,29,6.35,20.97,84.19,1823.43,0,1,0,0,0,0,0,1,0,0,1,0,0,1,0,0,0,0
174,80,112,7.25,30.86,64.63,463.34,0,1,0,0,0,0,0,1,0,0,1,0,0,1,0,0,0,0
154,82,141,5.75,19.02,82.39,2254.61,0,1,0,0,0,0,0,1,0,0,1,0,0,1,0,0,0,0
143,40,113,5.37,18.81,41.47,1206.38,0,1,0,0,0,0,0,1,0,0,1,0,0,1,0,0,0,0
108,17,92,7.98,15.96,86.48,1548.11,0,1,0,0,0,0,0,1,0,0,1,0,0,1,0,0,0,0
98,79,59,7.65,25.36,30.45,1855.26,0,1,0,0,0,0,0,1,0,0,1,0,0,1,0,0,0,0
161,53,110,5.06,18.66,76.97,307.72,0,1,0,0,0,0,0,1,0,0,1,0,0,1,0,0,0,0
160,24,61,7.4,16.67,68.23,2710.13,0,1,0,0,0,0,0,1,0,0,1,0,0,1,0,0,0,0
117,67,75,5.54,34.55,36.43,1254.15,0,1,0,0,0,0,0,1,0,0,1,0,0,1,0,0,0,0
179,95,56,7.43,39.68,78.57,1526.32,0,1,0,0,0,0,0,1,0,0,1,0,0,1,0,0,0,0
66,70,27,5.62,15.91,70.18,2169.94,0,1,0,0,0,0,0,1,0,0,1,0,0,1,0,0,0,0
108,59,137,7.0,17.6,38.96,629.0,0,1,0,0,0,0,0,1,0,0,1,0,0,1,0,0,0,0
85,28,128,7.48,20.37,85.66,729.6,0,1,0,0,0,0,0,1,0,0,1,0,0,1,0,0,0,0
105,88,126,7.24,38.9,41.73,2470.28,0,1,0,0,1,0,0,0,0,0,0,1,0,0,1,0,0,0
128,31,44,5.15,22.09,79.54,2667.56,0,1,0,0,1,0,0,0,0,0,0,1,0,0,1,0,0,0
166,18,63,6.4,16.99,71.97,1276.24,0,1,0,0,1,0,0,0,0,0,0,1,0,0,1,0,0,0
168,48,23,8.19,27.15,77.42,1277.81,0,1,0,0,1,0,0,0,0,0,0,1,0,0,1,0,0,0
80,98,52,6.67,22.69,88.53,401.14,0,1,0,0,1,0,0,0,0,0,0,1,0,0,1,0,0,0
153,33,100,6.14,33.31,40.69,534.2,0,1,0,0,1,0,0,0,0,0,0,1,0,0,1,0,0,0
31,83,53,6.66,20.42,52.09,1978.5,0,1,0,0,1,0,0,0,0,0,0,1,0,0,1,0,0,0
155,33,123,7.65,33.79,78.14,2326.12,0,1,0,0,1,0,0,0,0,0,0,1,0,0,1,0,0,0
85,96,106,6.79,11.45,49.31,681.32,0,1,0,0,1,0,0,0,0,0,0,1,0,0,1,0,0,0
111,62,125,6.95,15.88,34.3,800.26,0,1,0,0,1,0,0,0,0,0,0,1,0,0,1,0,0,0
83,18,127,7.16,11.8,31.19,1942.21,0,1,0,0,1,0,0,0,0,0,0,1,0,0,1,0,0,0
46,73,115,7.91,16.59,89.15,1984.77,0,1,0,0,1,0,0,0,0,0,0,1,0,0,1,0,0,0
175,92,69,7.36,16.19,81.31,2715.96,0,1,0,0,1,0,0,0,0,0,0,1,0,0,1,0,0,0
66,69,147,6.14,24.03,57.58,417.02,0,1,0,0,1,0,0,0,0,0,0,1,0,0,1,0,0,0
74,28,38,5.26,31.11,52.78,646.92,0,1,0,0,1,0,0,0,0,0,0,1,0,0,1,0,0,0
50,64,21,7.59,30.29,71.73,600.82,0,1,0,0,1,0,0,0,0,0,0,1,0,0,1,0,0,0
49,80,74,5.18,33.14,79.98,1563.81,0,1,0,0,1,0,0,0,0,0,0,1,0,0,1,0,0,0
147,77,93,7.39,21.53,56.89,641.29,0,1,0,0,1,0,0,0,0,0,0,1,0,0,1,0,0,0
142,73,87,8.14,27.79,49.51,1025.53,0,1,0,0,1,0,0,0,0,0,0,1,0,0,1,0,0,0
39,31,124,5.09,26.47,68.69,1515.48,0,1,0,0,1,0,0,0,0,0,0,1,0,0,1,0,0,0
158,54,77,7.82,29.23,78.78,2052.51,0,1,0,0,1,0,0,0,0,0,0,1,0,0,1,0,0,0
89,68,41,4.84,12.6,67.14,1244.97,0,1,0,0,1,0,0,0,0,0,0,1,0,0,1,0,0,0
57,26,139,6.36,11.88,74.67,2724.97,0,1,0,0,1,0,0,0,0,0,0,1,0,0,1,0,0,0
104,62,110,5.57,11.23,71.07,1277.07,0,1,0,0,1,0,0,0,0,0,0,1,0,0,1,0,0,0
121,76,146,5.59,17.04,77.93,2636.11,0,1,0,0,1,0,0,0,0,0,0,1,0,0,1,0,0,0
174,57,29,5.9,28.92,58.44,814.35,0,1,0,0,1,0,0,0,0,0,0,1,0,0,1,0,0,0
176,24,96,7.77,37.21,38.84,1184.79,0,1,0,0,1,0,0,0,0,0,0,1,0,0,1,0,0,0
91,81,138,6.13,20.11,71.87,1552.2,0,1,0,0,1,0,0,0,0,0,0,1,0,0,1,0,0,0
112,35,103,5.15,10.5,85.39,391.39,0,1,0,0,1,0,0,0,0,0,0,1,0,0,1,0,0,0
152,83,117,4.88,38.7,33.03,2448.51,0,1,0,0,0,1,0,0,0,0,0,1,0,0,1,0,0,0
68,79,35,5.14,17.95,55.13,1281.16,0,1,0,0,0,1,0,0,0,0,0,1,0,0,1,0,0,0
101,68,69,7.04,36.64,74.18,2363.61,0,1,0,0,0,1,0,0,0,0,0,1,0,0,1,0,0,0
41,56,87,5.2,20.13,32.0,1667.74,0,1,0,0,0,1,0,0,0,0,0,1,0,0,1,0,0,0
46,28,84,7.56,23.71,85.91,2118.66,0,1,0,0,0,1,0,0,0,0,0,1,0,0,1,0,0,0
42,66,104,4.86,28.4,41.75,1119.1,0,1,0,0,0,1,0,0,0,0,0,1,0,0,1,0,0,0
118,21,28,7.19,11.48,69.19,2373.76,0,1,0,0,0,1,0,0,0,0,0,1,0,0,1,0,0,0
127,68,76,8.18,28.24,88.05,1146.6,0,1,0,0,0,1,0,0,0,0,0,1,0,0,1,0,0,0
82,61,126,7.55,29.91,71.76,994.12,0,1,0,0,0,1,0,0,0,0,0,1,0,0,1,0,0,0
115,87,100,5.13,27.42,63.59,1864.6,0,1,0,0,0,1,0,0,0,0,0,1,0,0,1,0,0,0
165,54,110,5.63,29.03,62.38,2531.21,0,1,0,0,0,1,0,0,0,0,0,1,0,0,1,0,0,0
148,59,122,7.94,12.14,63.07,1310.37,0,1,0,0,0,1,0,0,0,0,0,1,0,0,1,0,0,0
76,42,22,5.11,11.74,88.92,874.08,0,1,0,0,0,1,0,0,0,0,0,1,0,0,1,0,0,0
168,19,73,5.4,30.25,86.19,2584.73,0,1,0,0,0,1,0,0,0,0,0,1,0,0,1,0,0,0
103,39,92,6.96,23.6,65.97,1059.51,0,1,0,0,0,1,0,0,0,0,0,1,0,0,1,0,0,0
155,93,124,7.67,14.56,46.78,1081.73,0,1,0,0,0,1,0,0,0,0,0,1,0,0,1,0,0,0
61,92,131,6.23,29.0,36.11,1805.52,0,1,0,0,0,1,0,0,0,0,0,1,0,0,1,0,0,0
87,18,23,6.04,38.58,68.5,2192.97,0,1,0,0,0,1,0,0,0,0,0,1,0,0,1,0,0,0
69,21,136,8.15,25.4,31.34,468.69,0,1,0,0,0,1,0,0,0,0,0,1,0,0,1,0,0,0
83,88,102,6.66,33.86,69.81,1203.13,0,1,0,0,0,1,0,0,0,0,0,1,0,0,1,0,0,0
75,30,103,6.66,33.31,43.95,2631.92,0,1,0,0,0,1,0,0,0,0,0,1,0,0,1,0,0,0
135,72,45,6.01,36.87,51.48,1626.34,0,1,0,0,0,1,0,0,0,0,0,1,0,0,1,0,0,0
78,28,89,5.38,12.88,59.28,1233.37,0,1,0,0,0,1,0,0,0,0,0,1,0,0,1,0,0,0
163,15,119,7.59,11.87,66.03,1477.78,0,1,0,0,0,1,0,0,0,0,0,1,0,0,1,0,0,0
135,78,31,6.66,33.49,52.09,2799.07,0,1,0,0,0,1,0,0,0,0,0,1,0,0,1,0,0,0
54,83,135,7.86,29.44,81.44,1902.26,0,1,0,0,0,1,0,0,0,0,0,1,0,0,1,0,0,0
146,96,107,6.1,27.39,43.73,2254.31,0,1,0,0,0,1,0,0,0,0,0,1,0,0,1,0,0,0
46,80,120,4.87,17.59,76.3,1722.92,0,1,0,0,0,1,0,0,0,0,0,1,0,0,1,0,0,0
141,92,107,5.87,19.03,63.02,1366.58,0,1,0,0,0,1,0,0,0,0,0,1,0,0,1,0,0,0
146,41,96,5.71,36.93,50.01,1024.73,0,1,0,0,0,1,0,0,0,0,0,1,0,0,1,0,0,0
80,48,75,7.84,34.87,60.19,1157.51,0,1,0,0,0,1,0,0,0,0,0,1,0,0,1,0,0,0
52,42,146,5.11,37.62,59.59,504.23,0,1,0,0,0,1,0,0,0,0,0,1,0,0,1,0,0,0
122,81,68,4.88,21.49,77.19,1204.9,0,1,0,0,0,1,0,0,0,0,0,1,0,0,1,0,0,0
75,37,102,7.86,39.33,40.04,1872.79,0,1,0,0,0,1,0,0,0,0,0,1,0,0,1,0,0,0
93,68,40,5.52,33.94,88.37,2074.78,0,1,0,0,0,1,0,0,0,0,0,1,0,0,1,0,0,0
89,15,140,5.54,15.53,36.95,1123.41,0,1,0,0,0,1,0,0,0,0,0,1,0,0,1,0,0,0
97,22,138,6.92,26.0,65.17,2665.89,0,1,0,0,0,1,0,0,0,0,0,1,0,0,1,0,0,0
80,83,131,5.39,37.89,34.22,733.23,0,1,0,0,0,0,1,0,0,0,0,1,0,0,0,0,0,1
93,99,22,6.01,32.74,33.23,890.61,0,1,0,0,0,0,1,0,0,0,0,1,0,0,0,0,0,1
91,43,90,5.55,29.11,65.13,2070.42,0,1,0,0,0,0,1,0,0,0,0,1,0,0,0,0,0,1
149,73,87,5.79,32.99,86.88,2567.62,0,1,0,0,0,0,1,0,0,0,0,1,0,0,0,0,0,1
134,53,94,4.81,34.33,52.36,1483.43,0,1,0,0,0,0,1,0,0,0,0,1,0,0,0,0,0,1
175,23,145,7.51,38.99,69.2,2244.23,0,1,0,0,0,0,1,0,0,0,0,1,0,0,0,0,0,1
156,93,94,7.78,25.1,56.38,1729.7,0,1,0,0,0,0,1,0,0,0,0,1,0,0,0,0,0,1
59,22,127,8.0,18.57,49.75,1505.67,0,1,0,0,0,0,1,0,0,0,0,1,0,0,0,0,0,1
163,63,29,5.6,20.98,31.76,787.24,0,1,0,0,0,0,1,0,0,0,0,1,0,0,0,0,0,1
142,17,50,6.4,21.0,34.33,1632.19,0,1,0,0,0,0,1,0,0,0,0,1,0,0,0,0,0,1
151,71,29,6.32,19.04,40.35,1308.88,0,1,0,0,0,0,1,0,0,0,0,1,0,0,0,0,0,1
161,73,121,7.65,19.71,46.2,934.3,0,1,0,0,0,0,1,0,0,0,0,1,0,0,0,0,0,1
64,85,24,7.06,29.6,42.6,334.53,0,1,0,0,0,0,1,0,0,0,0,1,0,0,0,0,0,1
132,35,73,5.86,15.25,33.05,1120.1,0,1,0,0,0,0,1,0,0,0,0,1,0,0,0,0,0,1
31,88,25,5.97,33.44,47.44,1542.19,0,1,0,0,0,0,1,0,0,0,0,1,0,0,0,0,0,1
144,83,138,5.63,17.16,35.71,737.45,0,1,0,0,0,0,1,0,0,0,0,1,0,0,0,0,0,1
63,97,145,6.8,26.51,71.35,543.69,0,1,0,0,0,0,1,0,0,0,0,1,0,0,0,0,0,1
148,99,128,6.56,19.83,62.19,2627.06,0,1,0,0,0,0,1,0,0,0,0,1,0,0,0,0,0,1
149,97,97,4.94,34.72,72.79,2371.79,0,1,0,0,0,0,1,0,0,0,0,1,0,0,0,0,0,1
160,29,56,6.42,14.68,69.77,2234.21,0,1,0,0,0,0,1,0,0,0,0,1,0,0,0,0,0,1
130,43,107,8.16,17.4,67.39,1273.66,0,1,0,0,0,0,1,0,0,0,0,1,0,0,0,0,0,1
171,31,59,7.64,34.94,46.38,464.77,0,1,0,0,0,0,1,0,0,0,0,1,0,0,0,0,0,1
93,85,67,4.99,35.22,49.95,1417.05,0,1,0,0,0,0,1,0,0,0,0,1,0,0,0,0,0,1
48,29,25,7.9,25.8,36.7,1437.4,0,1,0,0,0,0,1,0,0,0,0,1,0,0,0,0,0,1
109,64,121,5.55,20.38,48.72,2790.48,0,1,0,0,0,0,1,0,0,0,0,1,0,0,0,0,0,1
45,19,78,5.93,21.63,32.49,956.28,0,1,0,0,0,0,1,0,0,0,0,1,0,0,0,0,0,1
162,64,56,6.47,15.66,87.28,2753.37,0,1,0,0,0,0,1,0,0,0,0,1,0,0,0,0,0,1
176,73,140,7.33,22.52,59.12,479.7,0,1,0,0,0,0,1,0,0,0,0,1,0,0,0,0,0,1
171,51,23,7.63,26.23,73.53,610.72,0,1,0,0,0,0,1,0,0,0,0,1,0,0,0,0,0,1
57,77,48,6.1,15.9,78.51,2631.35,0,1,0,0,0,0,1,0,0,0,0,1,0,0,0,0,0,1
63,67,90,6.89,11.24,79.07,567.21,0,1,0,0,0,0,0,1,0,0,0,1,0,1,0,0,0,0
113,41,60,5.46,21.06,44.8,2145.38,0,1,0,0,0,0,0,1,0,0,0,1,0,1,0,0,0,0
176,88,56,5.21,16.65,71.47,705.79,0,1,0,0,0,0,0,1,0,0,0,1,0,1,0,0,0,0
135,51,79,7.9,24.93,63.22,1596.98,0,1,0,0,0,0,0,1,0,0,0,1,0,1,0,0,0,0
104,45,40,7.47,21.57,82.91,1334.38,0,1,0,0,0,0,0,1,0,0,0,1,0,1,0,0,0,0
39,80,67,5.41,19.88,35.31,2550.88,0,1,0,0,0,0,0,1,0,0,0,1,0,1,0,0,0,0
50,49,145,7.59,11.98,66.54,470.7,0,1,0,0,0,0,0,1,0,0,0,1,0,1,0,0,0,0
117,89,84,7.99,28.4,51.26,1634.47,0,1,0,0,0,0,0,1,0,0,0,1,0,1,0,0,0,0
104,98,138,6.87,21.71,87.17,480.26,0,1,0,0,0,0,0,1,0,0,0,1,0,1,0,0,0,0
45,83,63,8.01,27.3,70.36,990.39,0,1,0,0,0,0,0,1,0,0,0,1,0,1,0,0,0,0
114,96,145,7.83,29.96,79.67,2049.08,0,1,0,0,0,0,0,1,0,0,0,1,0,1,0,0,0,0
84,78,80,7.26,13.62,48.27,1206.07,0,1,0,0,0,0,0,1,0,0,0,1,0,1,0,0,0,0
90,89,25,6.5,11.84,86.87,1978.87,0,1,0,0,0,0,0,1,0,0,0,1,0,1,0,0,0,0
141,28,75,7.2,37.13,64.48,623.54,0,1,0,0,0,0,0,1,0,0,0,1,0,1,0,0,0,0
159,57,40,6.84,14.98,49.49,2373.74,0,1,0,0,0,0,0,1,0,0,0,1,0,1,0,0,0,0
134,64,93,5.79,27.77,77.72,1078.11,0,1,0,0,0,0,0,1,0,0,0,1,0,1,0,0,0,0
149,63,82,5.65,33.49,33.11,1084.88,0,1,0,0,0,0,0,1,0,0,0,1,0,1,0,0,0,0
87,24,145,8.01,25.4,30.53,1324.29,0,1,0,0,0,0,0,1,0,0,0,1,0,1,0,0,0,0
49,29,46,6.63,35.39,37.58,1177.87,0,1,0,0,0,0,0,1,0,0,0,1,0,1,0,0,0,0
93,62,79,6.36,27.27,83.43,1777.68,0,1,0,0,0,0,0,1,0,0,0,1,0,1,0,0,0,0
68,47,138,7.69,27.92,75.98,920.94,0,1,0,0,0,0,0,1,0,0,0,1,0,1,0,0,0,0
41,37,38,4.88,16.93,68.43,1570.68,0,1,0,0,0,0,0,1,0,0,0,1,0,1,0,0,0,0
99,91,22,6.55,20.65,66.39,1686.2,0,1,0,0,0,0,0,1,0,0,0,1,0,1,0,0,0,0
95,26,108,7.72,19.31,54.91,861.34,0,1,0,0,0,0,0,1,0,0,0,1,0,1,0,0,0,0
149,15,118,7.03,25.17,34.76,1007.08,0,1,0,0,0,0,0,1,0,0,0,1,0,1,0,0,0,0
160,37,147,7.54,23.46,63.71,1446.37,0,1,0,0,0,0,0,1,0,0,0,1,0,1,0,0,0,0
141,70,116,7.65,19.19,42.23,2080.27,0,1,0,0,0,0,0,1,0,0,0,1,0,1,0,0,0,0
77,53,119,5.55,19.45,76.49,1366.58,0,1,0,0,0,0,0,1,0,0,0,1,0,1,0,0,0,0
77,93,98,7.8,11.69,83.9,2575.43,0,1,0,0,0,0,0,1,0,0,0,1,0,1,0,0,0,0
149,80,135,5.67,14.85,78.02,945.86,0,1,0,0,1,0,0,0,0,0,0,0,1,0,1,0,0,0
76,73,113,6.98,37.62,53.6,2223.74,0,1,0,0,1,0,0,0,0,0,0,0,1,0,1,0,0,0
66,96,91,6.11,17.04,65.72,392.37,0,1,0,0,1,0,0,0,0,0,0,0,1,0,1,0,0,0
138,23,92,5.55,19.07,42.31,359.07,0,1,0,0,1,0,0,0,0,0,0,0,1,0,1,0,0,0
148,73,82,6.68,38.71,55.84,1376.5,0,1,0,0,1,0,0,0,0,0,0,0,1,0,1,0,0,0
71,72,79,5.38,33.68,63.8,1991.24,0,1,0,0,1,0,0,0,0,0,0,0,1,0,1,0,0,0
41,88,149,5.01,35.84,74.47,1061.82,0,1,0,0,1,0,0,0,0,0,0,0,1,0,1,0,0,0
134,60,147,5.88,12.12,33.09,455.53,0,1,0,0,1,0,0,0,0,0,0,0,1,0,1,0,0,0
54,74,26,7.27,37.03,36.94,2405.32,0,1,0,0,1,0,0,0,0,0,0,0,1,0,1,0,0,0
169,77,59,7.88,15.46,34.2,308.62,0,1,0,0,1,0,0,0,0,0,0,0,1,0,1,0,0,0
86,21,81,7.39,12.59,85.74,1075.47,0,1,0,0,1,0,0,0,0,0,0,0,1,0,1,0,0,0
147,83,56,7.84,29.25,80.64,2504.98,0,1,0,0,1,0,0,0,0,0,0,0,1,0,1,0,0,0
115,27,109,7.02,29.58,87.76,366.47,0,1,0,0,1,0,0,0,0,0,0,0,1,0,1,0,0,0
65,19,52,7.35,14.71,55.97,1678.21,0,1,0,0,1,0,0,0,0,0,0,0,1,0,1,0,0,0
46,65,118,6.4,16.07,40.16,506.61,0,1,0,0,1,0,0,0,0,0,0,0,1,0,1,0,0,0
89,90,144,8.03,14.33,45.86,1757.99,0,1,0,0,1,0,0,0,0,0,0,0,1,0,1,0,0,0
58,25,132,5.6,26.82,67.44,1043.85,0,1,0,0,1,0,0,0,0,0,0,0,1,0,1,0,0,0
102,57,104,5.39,37.99,50.45,908.96,0,1,0,0,1,0,0,0,0,0,0,0,1,0,1,0,0,0
105,47,81,6.92,39.54,38.11,1310.4,0,1,0,0,1,0,0,0,0,0,0,0,1,0,1,0,0,0
30,59,135,6.24,29.35,39.75,2739.75,0,1,0,0,1,0,0,0,0,0,0,0,1,0,1,0,0,0
125,81,77,5.53,11.78,56.85,689.24,0,1,0,0,1,0,0,0,0,0,0,0,1,0,1,0,0,0
164,20,146,8.12,38.61,69.1,2717.13,0,1,0,0,1,0,0,0,0,0,0,0,1,0,1,0,0,0
161,29,37,6.48,36.99,49.81,1848.23,0,1,0,0,0,1,0,0,0,0,0,0,1,0,1,0,0,0
151,66,81,6.79,12.98,30.01,853.82,0,1,0,0,0,1,0,0,0,0,0,0,1,0,1,0,0,0
67,69,129,5.93,33.71,51.57,385.51,0,1,0,0,0,1,0,0,0,0,0,0,1,0,1,0,0,0
67,83,74,6.85,31.59,31.91,958.17,0,1,0,0,0,1,0,0,0,0,0,0,1,0,1,0,0,0
172,39,111,6.86,33.58,48.81,1112.49,0,1,0,0,0,1,0,0,0,0,0,0,1,0,1,0,0,0
94,31,133,7.22,13.26,37.64,1752.47,0,1,0,0,0,1,0,0,0,0,0,0,1,0,1,0,0,0
136,50,144,6.48,34.77,38.69,1222.34,0,1,0,0,0,1,0,0,0,0,0,0,1,0,1,0,0,0
87,70,76,6.38,22.64,55.12,2054.76,0,1,0,0,0,1,0,0,0,0,0,0,1,0,1,0,0,0
34,64,72,6.73,25.13,68.46,949.26,0,1,0,0,0,1,0,0,0,0,0,0,1,0,1,0,0,0
59,31,139,7.13,15.12,50.87,455.59,0,1,0,0,0,1,0,0,0,0,0,0,1,0,1,0,0,0
171,82,22,7.64,15.81,83.61,915.49,0,1,0,0,0,1,0,0,0,0,0,0,1,0,1,0,0,0
98,94,133,6.54,32.28,75.87,357.52,0,1,0,0,0,1,0,0,0,0,0,0,1,0,1,0,0,0
177,67,148,7.06,10.49,34.72,2454.46,0,1,0,0,0,1,0,0,0,0,0,0,1,0,1,0,0,0
142,77,29,6.79,15.76,67.7,1913.74,0,1,0,0,0,1,0,0,0,0,0,0,1,0,1,0,0,0
53,61,138,6.11,19.26,30.29,1613.81,0,1,0,0,0,1,0,0,0,0,0,0,1,0,1,0,0,0
36,38,98,6.77,38.82,38.46,1341.03,0,1,0,0,0,1,0,0,0,0,0,0,1,0,1,0,0,0
57,40,51,6.43,19.35,60.61,2303.39,0,1,0,0,0,0,1,0,0,0,0,0,1,0,0,0,1,0
78,51,24,5.21,25.34,41.54,1224.23,0,1,0,0,0,0,1,0,0,0,0,0,1,0,0,0,1,0
158,62,66,6.77,29.41,37.01,1670.21,0,1,0,0,0,0,1,0,0,0,0,0,1,0,0,0,1,0
129,30,71,7.55,21.03,38.15,2712.79,0,1,0,0,0,0,1,0,0,0,0,0,1,0,0,0,1,0
76,22,20,6.41,30.04,32.85,1848.41,0,1,0,0,0,0,1,0,0,0,0,0,1,0,0,0,1,0
88,62,26,7.86,30.35,79.2,926.72,0,1,0,0,0,0,1,0,0,0,0,0,1,0,0,0,1,0
65,61,80,7.08,18.43,52.2,1283.78,0,1,0,0,0,0,1,0,0,0,0,0,1,0,0,0,1,0
91,74,79,7.05,18.53,33.89,569.32,0,1,0,0,0,0,1,0,0,0,0,0,1,0,0,0,1,0
111,71,42,7.99,21.86,74.49,2605.49,0,1,0,0,0,0,1,0,0,0,0,0,1,0,0,0,1,0
124,71,138,6.22,32.83,59.91,741.41,0,1,0,0,0,0,1,0,0,0,0,0,1,0,0,0,1,0
173,21,96,7.31,33.3,45.11,2719.63,0,1,0,0,0,0,1,0,0,0,0,0,1,0,0,0,1,0
131,29,91,7.9,26.85,72.48,1565.39,0,1,0,0,0,0,1,0,0,0,0,0,1,0,0,0,1,0
53,60,26,5.88,10.91,71.23,659.64,0,1,0,0,0,0,1,0,0,0,0,0,1,0,0,0,1,0
128,16,120,7.98,34.55,52.77,890.13,0,1,0,0,0,0,1,0,0,0,0,0,1,0,0,0,1,0
167,27,51,8.08,30.73,55.52,615.4,0,1,0,0,0,0,1,0,0,0,0,0,1,0,0,0,1,0
88,45,23,5.39,16.95,73.45,1258.91,0,1,0,0,0,0,1,0,0,0,0,0,1,0,0,0,1,0
151,62,110,6.54,31.93,73.24,578.95,0,1,0,0,0,0,1,0,0,0,0,0,1,0,0,0,1,0
162,57,20,5.1,34.26,44.95,1670.26,0,1,0,0,0,0,1,0,0,0,0,0,1,0,0,0,1,0
173,53,52,7.27,30.4,50.55,1866.87,0,1,0,0,0,0,1,0,0,0,0,0,1,0,0,0,1,0
68,91,145,5.48,12.09,69.28,1921.39,0,1,0,0,0,0,1,0,0,0,0,0,1,0,0,0,1,0
56,61,122,5.89,25.54,58.26,1177.57,0,1,0,0,0,0,1,0,0,0,0,0,1,0,0,0,1,0
81,30,43,7.18,36.05,73.78,696.08,0,1,0,0,0,0,1,0,0,0,0,0,1,0,0,0,1,0
128,34,51,6.43,27.16,36.29,591.45,0,1,0,0,0,0,1,0,0,0,0,0,1,0,0,0,1,0
141,67,116,5.76,37.66,68.97,460.32,0,1,0,0,0,0,1,0,0,0,0,0,1,0,0,0,1,0
173,72,65,7.57,25.29,36.3,509.66,0,1,0,0,0,0,0,1,0,0,0,0,1,1,0,0,0,0
114,99,82,7.19,35.56,37.76,1993.14,0,1,0,0,0,0,0,1,0,0,0,0,1,1,0,0,0,0
80,55,110,5.29,28.82,80.83,2077.59,0,1,0,0,0,0,0,1,0,0,0,0,1,1,0,0,0,0
128,95,122,5.6,12.28,57.53,1987.66,0,1,0,0,0,0,0,1,0,0,0,0,1,1,0,0,0,0
130,36,112,5.7,14.27,51.31,472.51,0,1,0,0,0,0,0,1,0,0,0,0,1,1,0,0,0,0
167,79,95,7.42,30.04,53.41,1003.17,0,1,0,0,0,0,0,1,0,0,0,0,1,1,0,0,0,0
177,67,73,6.46,32.96,84.78,2694.86,0,1,0,0,0,0,0,1,0,0,0,0,1,1,0,0,0,0
137,76,62,8.02,36.59,60.59,1216.01,0,1,0,0,0,0,0,1,0,0,0,0,1,1,0,0,0,0
38,67,47,7.42,16.61,61.26,1685.1,0,1,0,0,0,0,0,1,0,0,0,0,1,1,0,0,0,0
37,49,24,5.69,32.25,70.32,1290.59,0,1,0,0,0,0,0,1,0,0,0,0,1,1,0,0,0,0
92,59,33,7.04,29.94,38.19,2218.2,0,1,0,0,0,0,0,1,0,0,0,0,1,1,0,0,0,0
148,42,61,6.86,34.54,49.83,781.05,0,1,0,0,0,0,0,1,0,0,0,0,1,1,0,0,0,0
57,23,129,7.02,36.05,62.23,2308.93,0,1,0,0,0,0,0,1,0,0,0,0,1,1,0,0,0,0
35,38,147,6.94,22.79,44.89,2572.25,0,1,0,0,0,0,0,1,0,0,0,0,1,1,0,0,0,0
57,79,127,5.6,29.04,48.22,569.35,0,1,0,0,0,0,0,1,0,0,0,0,1,1,0,0,0,0
152,73,33,7.92,29.26,81.06,2210.85,0,1,0,0,0,0,0,1,0,0,0,0,1,1,0,0,0,0
92,19,42,5.03,38.4,35.41,2374.75,0,1,0,0,0,0,0,1,0,0,0,0,1,1,0,0,0,0
61,26,25,7.76,11.69,38.92,850.11,0,1,0,0,0,0,0,1,0,0,0,0,1,1,0,0,0,0
128,44,115,5.11,20.07,69.27,1101.55,0,1,0,0,0,0,0,1,0,0,0,0,1,1,0,0,0,0
134,34,97,7.26,19.73,47.92,2323.45,0,1,0,0,0,0,0,1,0,0,0,0,1,1,0,0,0,0
90,41,51,7.76,38.14,45.14,2458.9,0,1,0,0,0,0,0,1,0,0,0,0,1,1,0,0,0,0
95,52,63,7.61,21.03,68.63,739.28,0,1,0,0,0,0,0,1,0,0,0,0,1,1,0,0,0,0
132,70,40,7.42,28.8,40.35,868.66,0,1,0,0,0,0,0,1,0,0,0,0,1,1,0,0,0,0
68,58,124,5.18,33.01,50.82,1822.13,0,1,0,0,0,0,0,1,0,0,0,0,1,1,0,0,0,0
136,24,109,5.69,29.39,35.34,1744.8,0,1,0,0,0,0,0,1,0,0,0,0,1,1,0,0,0,0
78,29,63,6.69,22.08,79.77,2299.26,0,1,0,0,0,0,0,1,0,0,0,0,1,1,0,0,0,0
66,67,71,7.46,24.85,75.13,1943.28,0,1,0,0,0,0,0,1,0,0,0,0,1,1,0,0,0,0
38,65,149,6.96,28.23,80.17,2778.73,0,1,0,0,0,0,0,1,0,0,0,0,1,1,0,0,0,0
130,49,133,5.5,16.52,88.95,793.59,0,1,0,0,0,0,0,1,0,0,0,0,1,1,0,0,0,0
61,95,139,4.92,20.21,53.05,2666.97,0,1,0,0,0,0,0,1,0,0,0,0,1,1,0,0,0,0
169,63,82,7.97,30.98,45.77,1169.1,0,1,0,0,0,0,0,1,0,0,0,0,1,1,0,0,0,0
97,38,125,7.66,29.98,48.46,836.73,0,0,1,0,1,0,0,0,1,0,0,0,0,0,1,0,0,0
159,29,103,4.97,13.24,51.75,950.29,0,0,1,0,1,0,0,0,1,0,0,0,0,0,1,0,0,0
69,61,37,7.29,29.24,39.45,1424.27,0,0,1,0,1,0,0,0,1,0,0,0,0,0,1,0,0,0
88,71,109,6.89,32.29,36.5,357.52,0,0,1,0,1,0,0,0,1,0,0,0,0,0,1,0,0,0
98,58,144,8.1,34.87,49.38,2554.33,0,0,1,0,1,0,0,0,1,0,0,0,0,0,1,0,0,0
176,61,128,6.51,16.75,49.96,800.72,0,0,1,0,1,0,0,0,1,0,0,0,0,0,1,0,0,0
178,22,84,7.63,36.68,59.0,2330.97,0,0,1,0,1,0,0,0,1,0,0,0,0,0,1,0,0,0
141,67,143,5.52,23.0,76.08,2440.66,0,0,1,0,1,0,0,0,1,0,0,0,0,0,1,0,0,0
50,91,89,4.87,37.34,37.36,2561.34,0,0,1,0,1,0,0,0,1,0,0,0,0,0,1,0,0,0
145,98,47,4.85,21.69,44.83,1267.16,0,0,1,0,1,0,0,0,1,0,0,0,0,0,1,0,0,0
101,40,137,5.43,26.15,76.09,1524.57,0,0,1,0,1,0,0,0,1,0,0,0,0,0,1,0,0,0
31,31,149,7.1,15.87,80.66,2125.41,0,0,1,0,1,0,0,0,1,0,0,0,0,0,1,0,0,0
123,56,49,6.18,22.4,76.44,2129.04,0,0,1,0,1,0,0,0,1,0,0,0,0,0,1,0,0,0
79,55,126,5.53,32.19,64.16,2537.52,0,0,1,0,1,0,0,0,1,0,0,0,0,0,1,0,0,0
142,15,75,6.57,17.95,32.7,1760.69,0,0,1,0,1,0,0,0,1,0,0,0,0,0,1,0,0,0
32,28,67,5.89,18.18,68.88,1519.95,0,0,1,0,1,0,0,0,1,0,0,0,0,0,1,0,0,0
138,55,38,8.2,17.95,81.41,2402.01,0,0,1,0,1,0,0,0,1,0,0,0,0,0,1,0,0,0
102,48,148,6.9,39.98,48.57,2356.14,0,0,1,0,1,0,0,0,1,0,0,0,0,0,1,0,0,0
122,66,148,7.11,23.88,85.98,1658.99,0,0,1,0,1,0,0,0,1,0,0,0,0,0,1,0,0,0
83,76,122,7.33,20.91,44.66,347.72,0,0,1,0,1,0,0,0,1,0,0,0,0,0,1,0,0,0
89,29,130,7.05,25.23,59.86,958.44,0,0,1,0,1,0,0,0,1,0,0,0,0,0,1,0,0,0
111,51,78,6.07,13.32,86.69,2488.08,0,0,1,0,1,0,0,0,1,0,0,0,0,0,1,0,0,0
171,48,50,7.16,37.78,62.44,1454.42,0,0,1,0,1,0,0,0,1,0,0,0,0,0,1,0,0,0
127,64,116,8.16,13.34,82.09,1911.06,0,0,1,0,1,0,0,0,1,0,0,0,0,0,1,0,0,0
96,99,116,6.48,24.7,30.33,780.22,0,0,1,0,1,0,0,0,1,0,0,0,0,0,1,0,0,0
90,49,147,6.99,36.67,88.48,462.14,0,0,1,0,1,0,0,0,1,0,0,0,0,0,1,0,0,0
48,55,115,8.2,36.18,85.34,1422.2,0,0,1,0,1,0,0,0,1,0,0,0,0,0,1,0,0,0
63,51,126,5.62,21.48,36.25,843.94,0,0,1,0,1,0,0,0,1,0,0,0,0,0,1,0,0,0
48,67,28,5.46,16.64,30.23,975.54,0,0,1,0,1,0,0,0,1,0,0,0,0,0,1,0,0,0
31,36,84,7.61,17.75,78.63,2786.48,0,0,1,0,1,0,0,0,1,0,0,0,0,0,1,0,0,0
86,23,57,7.9,33.84,39.06,2377.17,0,0,1,0,1,0,0,0,1,0,0,0,0,0,1,0,0,0
44,64,111,5.97,10.95,47.77,944.76,0,0,1,0,1,0,0,0,1,0,0,0,0,0,1,0,0,0
145,38,24,7.24,29.77,72.76,1235.04,0,0,1,0,1,0,0,0,1,0,0,0,0,0,1,0,0,0
164,42,43,7.11,12.93,67.76,1678.94,0,0,1,0,0,1,0,0,1,0,0,0,0,0,1,0,0,0
35,20,57,4.89,31.94,50.16,2438.02,0,0,1,0,0,1,0,0,1,0,0,0,0,0,1,0,0,0
58,39,115,6.43,34.77,85.49,2349.35,0,0,1,0,0,1,0,0,1,0,0,0,0,0,1,0,0,0
93,62,127,5.89,11.86,32.38,611.04,0,0,1,0,0,1,0,0,1,0,0,0,0,0,1,0,0,0
102,38,52,8.16,32.96,80.75,1626.3,0,0,1,0,0,1,0,0,1,0,0,0,0,0,1,0,0,0
110,46,107,4.88,37.45,88.13,596.6,0,0,1,0,0,1,0,0,1,0,0,0,0,0,1,0,0,0
92,88,109,7.54,20.78,84.97,1991.4,0,0,1,0,0,1,0,0,1,0,0,0,0,0,1,0,0,0
41,66,136,7.33,36.24,80.56,565.17,0,0,1,0,0,1,0,0,1,0,0,0,0,0,1,0,0,0
126,46,95,6.92,37.34,51.18,865.62,0,0,1,0,0,1,0,0,1,0,0,0,0,0,1,0,0,0
153,98,142,6.28,38.78,53.02,2705.94,0,0,1,0,0,1,0,0,1,0,0,0,0,0,1,0,0,0
125,65,137,4.94,36.63,64.19,1622.2,0,0,1,0,0,1,0,0,1,0,0,0,0,0,1,0,0,0
110,52,133,5.62,25.37,44.99,1580.24,0,0,1,0,0,1,0,0,1,0,0,0,0,0,1,0,0,0
145,51,68,7.63,19.5,31.77,2607.76,0,0,1,0,0,1,0,0,1,0,0,0,0,0,1,0,0,0
110,15,35,6.24,23.39,68.08,2208.11,0,0,1,0,0,1,0,0,1,0,0,0,0,0,1,0,0,0
174,31,106,7.02,17.89,88.69,1576.76,0,0,1,0,0,1,0,0,1,0,0,0,0,0,1,0,0,0
80,98,59,6.99,24.88,34.14,310.93,0,0,1,0,0,1,0,0,1,0,0,0,0,0,1,0,0,0
77,87,98,6.23,35.84,39.34,2057.07,0,0,1,0,0,1,0,0,1,0,0,0,0,0,1,0,0,0
114,35,138,5.2,39.14,89.56,2538.82,0,0,1,0,0,1,0,0,1,0,0,0,0,0,1,0,0,0
135,16,148,7.89,21.73,38.73,940.64,0,0,1,0,0,1,0,0,1,0,0,0,0,0,1,0,0,0
132,57,42,6.47,33.71,85.82,2765.63,0,0,1,0,0,1,0,0,1,0,0,0,0,0,1,0,0,0
93,33,70,4.85,34.17,72.32,691.07,0,0,1,0,0,1,0,0,1,0,0,0,0,0,1,0,0,0
96,52,93,7.49,11.31,69.02,1522.87,0,0,1,0,0,1,0,0,1,0,0,0,0,0,1,0,0,0
66,63,81,5.3,33.29,40.82,951.93,0,0,1,0,0,1,0,0,1,0,0,0,0,0,1,0,0,0
33,87,137,4.8,32.49,85.54,2522.32,0,0,1,0,0,1,0,0,1,0,0,0,0,0,1,0,0,0
86,15,22,4.98,19.8,86.58,1698.78,0,0,1,0,0,1,0,0,1,0,0,0,0,0,1,0,0,0
85,16,33,5.15,33.81,59.26,665.69,0,0,1,0,0,1,0,0,1,0,0,0,0,0,1,0,0,0
109,32,68,8.19,19.81,35.28,1686.51,0,0,1,0,0,1,0,0,1,0,0,0,0,0,1,0,0,0
80,81,26,5.5,33.56,49.37,585.88,0,0,1,0,0,1,0,0,1,0,0,0,0,0,1,0,0,0
154,44,137,7.73,23.41,67.63,965.92,0,0,1,0,0,1,0,0,1,0,0,0,0,0,1,0,0,0
133,60,146,8.11,33.21,48.52,776.87,0,0,1,0,0,1,0,0,1,0,0,0,0,0,1,0,0,0
68,24,31,6.0,17.54,85.71,1108.92,0,0,1,0,0,0,1,0,1,0,0,0,0,0,0,0,0,1
147,51,49,5.97,24.2,72.91,2676.57,0,0,1,0,0,0,1,0,1,0,0,0,0,0,0,0,0,1
142,68,51,7.94,13.17,73.68,1778.54,0,0,1,0,0,0,1,0,1,0,0,0,0,0,0,0,0,1
58,99,32,7.17,26.06,71.39,1303.76,0,0,1,0,0,0,1,0,1,0,0,0,0,0,0,0,0,1
54,35,21,6.6,12.46,57.16,2442.86,0,0,1,0,0,0,1,0,1,0,0,0,0,0,0,0,0,1
71,49,135,7.02,34.42,39.79,1553.52,0,0,1,0,0,0,1,0,1,0,0,0,0,0,0,0,0,1
54,66,116,5.0,28.44,74.61,1981.02,0,0,1,0,0,0,1,0,1,0,0,0,0,0,0,0,0,1
135,20,105,7.01,30.57,40.56,1752.59,0,0,1,0,0,0,1,0,1,0,0,0,0,0,0,0,0,1
168,89,48,8.11,17.11,50.38,1436.53,0,0,1,0,0,0,1,0,1,0,0,0,0,0,0,0,0,1
72,20,50,5.75,17.6,56.58,2529.03,0,0,1,0,0,0,1,0,1,0,0,0,0,0,0,0,0,1
92,78,49,5.76,37.92,50.66,480.6,0,0,1,0,0,0,1,0,1,0,0,0,0,0,0,0,0,1
168,85,111,6.36,26.42,71.51,2327.57,0,0,1,0,0,0,1,0,1,0,0,0,0,0,0,0,0,1
175,54,114,4.9,13.34,37.49,2147.52,0,0,1,0,0,0,1,0,1,0,0,0,0,0,0,0,0,1
60,79,96,8.16,34.02,82.09,2530.74,0,0,1,0,0,0,1,0,1,0,0,0,0,0,0,0,0,1
134,83,78,5.42,30.48,78.28,2749.34,0,0,1,0,0,0,1,0,1,0,0,0,0,0,0,0,0,1
84,28,122,5.79,17.13,32.8,993.22,0,0,1,0,0,0,1,0,1,0,0,0,0,0,0,0,0,1
126,79,80,5.54,30.86,80.01,908.63,0,0,1,0,0,0,1,0,1,0,0,0,0,0,0,0,0,1
96,34,120,5.01,20.2,34.18,1622.26,0,0,1,0,0,0,1,0,1,0,0,0,0,0,0,0,0,1
132,75,67,7.67,23.63,58.51,1050.47,0,0,1,0,0,0,1,0,1,0,0,0,0,0,0,0,0,1
31,66,113,5.67,28.92,80.61,2336.02,0,0,1,0,0,0,1,0,1,0,0,0,0,0,0,0,0,1
78,94,146,6.64,32.41,65.45,2370.91,0,0,1,0,0,0,1,0,1,0,0,0,0,0,0,0,0,1
121,47,66,7.53,31.9,73.02,2064.17,0,0,1,0,0,0,1,0,1,0,0,0,0,0,0,0,0,1
140,24,114,5.94,16.0,89.9,2518.54,0,0,1,0,0,0,1,0,1,0,0,0,0,0,0,0,0,1
162,85,64,6.7,36.78,59.97,2091.29,0,0,1,0,0,0,1,0,1,0,0,0,0,0,0,0,0,1
102,36,79,6.97,26.84,84.06,778.94,0,0,1,0,0,0,1,0,1,0,0,0,0,0,0,0,0,1
51,80,94,7.86,38.8,46.37,516.76,0,0,1,0,0,0,1,0,1,0,0,0,0,0,0,0,0,1
82,43,36,7.19,18.33,49.13,868.12,0,0,1,0,0,0,0,1,1,0,0,0,0,1,0,0,0,0
119,79,85,5.59,38.18,35.64,1153.3,0,0,1,0,0,0,0,1,1,0,0,0,0,1,0,0,0,0
115,19,49,6.16,38.18,47.34,1053.74,0,0,1,0,0,0,0,1,1,0,0,0,0,1,0,0,0,0
31,95,59,4.88,22.64,42.37,866.62,0,0,1,0,0,0,0,1,1,0,0,0,0,1,0,0,0,0
112,16,69,5.64,23.81,42.47,2248.8,0,0,1,0,0,0,0,1,1,0,0,0,0,1,0,0,0,0
144,36,99,6.7,26.38,37.42,676.94,0,0,1,0,0,0,0,1,1,0,0,0,0,1,0,0,0,0
41,43,107,4.86,13.65,52.55,1694.7,0,0,1,0,0,0,0,1,1,0,0,0,0,1,0,0,0,0
37,45,38,5.99,26.66,89.57,574.07,0,0,1,0,0,0,0,1,1,0,0,0,0,1,0,0,0,0
98,36,37,5.54,26.37,40.43,1260.0,0,0,1,0,0,0,0,1,1,0,0,0,0,1,0,0,0,0
174,55,23,7.95,25.05,75.58,2353.5,0,0,1,0,0,0,0,1,1,0,0,0,0,1,0,0,0,0
141,79,100,7.48,12.01,30.81,1369.97,0,0,1,0,0,0,0,1,1,0,0,0,0,1,0,0,0,0
35,61,20,5.32,33.5,34.48,1081.23,0,0,1,0,0,0,0,1,1,0,0,0,0,1,0,0,0,0
145,49,92,8.11,34.1,89.27,2201.35,0,0,1,0,0,0,0,1,1,0,0,0,0,1,0,0,0,0
140,87,28,4.84,13.82,79.65,1351.76,0,0,1,0,0,0,0,1,1,0,0,0,0,1,0,0,0,0
109,47,38,6.49,31.59,81.28,1778.72,0,0,1,0,0,0,0,1,1,0,0,0,0,1,0,0,0,0
114,40,33,5.24,13.99,87.56,2689.58,0,0,1,0,0,0,0,1,1,0,0,0,0,1,0,0,0,0
88,85,83,7.12,26.6,72.9,2060.05,0,0,1,0,0,0,0,1,1,0,0,0,0,1,0,0,0,0
138,87,22,5.88,15.93,85.8,2474.15,0,0,1,0,0,0,0,1,1,0,0,0,0,1,0,0,0,0
59,65,144,7.88,34.31,70.11,2213.42,0,0,1,0,0,0,0,1,1,0,0,0,0,1,0,0,0,0
85,87,110,7.89,13.17,68.07,2658.37,0,0,1,0,0,0,0,1,1,0,0,0,0,1,0,0,0,0
134,92,142,6.75,10.81,47.46,979.86,0,0,1,0,0,0,0,1,1,0,0,0,0,1,0,0,0,0
91,46,120,5.42,39.14,89.76,1248.09,0,0,1,0,0,0,0,1,1,0,0,0,0,1,0,0,0,0
178,81,44,5.42,14.6,62.01,1239.51,0,0,1,0,0,0,0,1,1,0,0,0,0,1,0,0,0,0
80,16,145,7.99,27.28,78.61,2527.67,0,0,1,0,0,0,0,1,1,0,0,0,0,1,0,0,0,0
38,85,65,6.05,19.44,71.77,2379.03,0,0,1,0,0,0,0,1,1,0,0,0,0,1,0,0,0,0
151,91,125,6.34,15.36,30.33,2100.87,0,0,1,0,0,0,0,1,1,0,0,0,0,1,0,0,0,0
48,61,74,8.12,22.93,58.62,2768.27,0,0,1,0,0,0,0,1,1,0,0,0,0,1,0,0,0,0
179,87,98,5.22,20.81,30.99,686.37,0,0,1,0,0,0,0,1,1,0,0,0,0,1,0,0,0,0
85,80,63,7.55,16.48,61.68,2649.05,0,0,1,0,0,0,0,1,1,0,0,0,0,1,0,0,0,0
137,89,128,7.75,31.03,51.45,1518.86,0,0,1,0,0,0,0,1,1,0,0,0,0,1,0,0,0,0
153,17,111,5.41,19.73,36.29,732.59,0,0,1,0,0,0,0,1,1,0,0,0,0,1,0,0,0,0
140,68,57,5.87,29.34,82.55,509.8,0,0,1,0,0,0,0,1,1,0,0,0,0,1,0,0,0,0
149,32,119,7.24,32.83,70.89,2475.46,0,0,1,0,0,0,0,1,1,0,0,0,0,1,0,0,0,0
126,85,134,7.22,23.49,32.14,1995.65,0,0,1,0,1,0,0,0,0,1,0,0,0,1,0,0,0,0
32,34,20,6.15,13.69,77.75,1282.97,0,0,1,0,1,0,0,0,0,1,0,0,0,1,0,0,0,0
68,42,118,4.83,13.98,58.56,2439.44,0,0,1,0,1,0,0,0,0,1,0,0,0,1,0,0,0,0
70,30,103,7.95,38.48,59.67,1669.49,0,0,1,0,1,0,0,0,0,1,0,0,0,1,0,0,0,0
173,37,63,6.5,36.36,44.53,692.58,0,0,1,0,1,0,0,0,0,1,0,0,0,1,0,0,0,0
86,33,90,7.36,10.52,82.64,845.67,0,0,1,0,1,0,0,0,0,1,0,0,0,1,0,0,0,0
119,79,61,7.82,32.11,62.38,1388.47,0,0,1,0,1,0,0,0,0,1,0,0,0,1,0,0,0,0
46,96,32,7.47,31.41,89.58,2499.52,0,0,1,0,1,0,0,0,0,1,0,0,0,1,0,0,0,0
158,95,134,5.2,17.76,45.78,416.33,0,0,1,0,1,0,0,0,0,1,0,0,0,1,0,0,0,0
33,74,146,5.55,35.69,73.38,2756.0,0,0,1,0,1,0,0,0,0,1,0,0,0,1,0,0,0,0
81,50,136,6.57,30.28,58.2,1359.31,0,0,1,0,1,0,0,0,0,1,0,0,0,1,0,0,0,0
113,41,89,7.6,28.27,52.21,1719.93,0,0,1,0,1,0,0,0,0,1,0,0,0,1,0,0,0,0
85,80,73,7.94,37.9,82.07,825.35,0,0,1,0,1,0,0,0,0,1,0,0,0,1,0,0,0,0
152,55,44,5.48,19.97,68.33,1079.46,0,0,1,0,1,0,0,0,0,1,0,0,0,1,0,0,0,0
36,66,60,6.7,12.91,85.73,2023.67,0,0,1,0,1,0,0,0,0,1,0,0,0,1,0,0,0,0
37,53,35,7.82,24.87,57.38,1265.49,0,0,1,0,1,0,0,0,0,1,0,0,0,1,0,0,0,0
35,58,56,5.19,19.83,86.86,2337.68,0,0,1,0,1,0,0,0,0,1,0,0,0,1,0,0,0,0
64,70,56,5.81,25.24,82.09,1808.83,0,0,1,0,1,0,0,0,0,1,0,0,0,1,0,0,0,0
70,52,44,7.58,26.52,56.44,2351.29,0,0,1,0,1,0,0,0,0,1,0,0,0,1,0,0,0,0
44,88,104,7.15,29.36,64.3,383.95,0,0,1,0,1,0,0,0,0,1,0,0,0,1,0,0,0,0
159,46,45,7.42,29.54,30.51,2755.78,0,0,1,0,1,0,0,0,0,1,0,0,0,1,0,0,0,0
31,73,116,7.92,36.25,83.0,2741.33,0,0,1,0,1,0,0,0,0,1,0,0,0,1,0,0,0,0
118,34,130,5.82,10.27,36.18,2706.65,0,0,1,0,1,0,0,0,0,1,0,0,0,1,0,0,0,0
123,59,135,7.29,18.27,50.51,2519.03,0,0,1,0,1,0,0,0,0,1,0,0,0,1,0,0,0,0
157,33,85,7.3,14.3,70.52,494.24,0,0,1,0,1,0,0,0,0,1,0,0,0,1,0,0,0,0
49,42,114,5.15,30.68,58.94,346.71,0,0,1,0,1,0,0,0,0,1,0,0,0,1,0,0,0,0
44,30,99,6.62,28.67,51.45,2179.82,0,0,1,0,1,0,0,0,0,1,0,0,0,1,0,0,0,0
74,36,101,5.83,31.9,48.24,2620.14,0,0,1,0,1,0,0,0,0,1,0,0,0,1,0,0,0,0
148,77,30,7.06,32.66,42.04,1894.93,0,0,1,0,1,0,0,0,0,1,0,0,0,1,0,0,0,0
33,58,124,7.5,31.49,50.86,1976.59,0,0,1,0,1,0,0,0,0,1,0,0,0,1,0,0,0,0
47,42,29,5.85,33.97,70.5,317.9,0,0,1,0,1,0,0,0,0,1,0,0,0,1,0,0,0,0
157,47,87,6.81,39.63,61.14,473.58,0,0,1,0,0,1,0,0,0,1,0,0,0,1,0,0,0,0
128,77,34,6.72,34.75,43.95,1303.32,0,0,1,0,0,1,0,0,0,1,0,0,0,1,0,0,0,0
179,22,49,7.29,15.42,65.55,1972.35,0,0,1,0,0,1,0,0,0,1,0,0,0,1,0,0,0,0
76,64,149,7.68,38.74,71.6,1203.84,0,0,1,0,0,1,0,0,0,1,0,0,0,1,0,0,0,0
44,73,38,8.01,29.13,83.33,1847.05,0,0,1,0,0,1,0,0,0,1,0,0,0,1,0,0,0,0
101,75,41,7.07,36.31,85.4,2318.29,0,0,1,0,0,1,0,0,0,1,0,0,0,1,0,0,0,0
47,89,37,7.11,17.51,80.47,1906.07,0,0,1,0,0,1,0,0,0,1,0,0,0,1,0,0,0,0
177,93,126,5.29,39.17,84.96,2258.94,0,0,1,0,0,1,0,0,0,1,0,0,0,1,0,0,0,0
86,54,53,7.13,33.2,62.84,1423.95,0,0,1,0,0,1,0,0,0,1,0,0,0,1,0,0,0,0
175,91,30,7.15,36.54,64.24,1406.15,0,0,1,0,0,1,0,0,0,1,0,0,0,1,0,0,0,0
90,57,134,5.4,34.99,55.07,2172.69,0,0,1,0,0,1,0,0,0,1,0,0,0,1,0,0,0,0
51,96,66,6.85,26.99,82.49,790.4,0,0,1,0,0,1,0,0,0,1,0,0,0,1,0,0,0,0
37,21,109,7.88,24.62,71.89,609.91,0,0,1,0,0,1,0,0,0,1,0,0,0,1,0,0,0,0
58,96,104,5.23,26.18,85.15,2696.01,0,0,1,0,0,1,0,0,0,1,0,0,0,1,0,0,0,0
143,94,147,6.37,29.74,48.45,695.73,0,0,1,0,0,1,0,0,0,1,0,0,0,1,0,0,0,0
118,50,129,5.9,25.6,69.69,1504.3,0,0,1,0,0,1,0,0,0,1,0,0,0,1,0,0,0,0
125,45,65,6.54,32.85,55.04,2703.22,0,0,1,0,0,1,0,0,0,1,0,0,0,1,0,0,0,0
147,81,147,6.26,12.34,38.76,1705.93,0,0,1,0,0,1,0,0,0,1,0,0,0,1,0,0,0,0
103,30,81,7.11,27.54,48.28,2294.68,0,0,1,0,0,1,0,0,0,1,0,0,0,1,0,0,0,0
49,70,132,5.23,10.07,61.23,2272.14,0,0,1,0,0,1,0,0,0,1,0,0,0,1,0,0,0,0
145,95,55,5.36,12.06,40.72,2638.87,0,0,1,0,0,1,0,0,0,1,0,0,0,1,0,0,0,0
52,16,57,5.55,12.27,64.27,607.99,0,0,1,0,0,1,0,0,0,1,0,0,0,1,0,0,0,0
156,92,55,6.64,26.25,44.5,712.44,0,0,1,0,0,1,0,0,0,1,0,0,0,1,0,0,0,0
130,88,118,4.87,18.05,86.53,1496.29,0,0,1,0,0,1,0,0,0,1,0,0,0,1,0,0,0,0
97,65,111,6.63,14.2,83.41,353.04,0,0,1,0,0,1,0,0,0,1,0,0,0,1,0,0,0,0
97,91,106,4.84,35.86,74.21,965.99,0,0,1,0,0,0,1,0,0,1,0,0,0,0,0,0,0,1
87,70,76,6.58,36.38,52.31,841.63,0,0,1,0,0,0,1,0,0,1,0,0,0,0,0,0,0,1
92,65,127,6.98,17.85,85.98,799.08,0,0,1,0,0,0,1,0,0,1,0,0,0,0,0,0,0,1
58,57,145,6.8,28.54,65.85,1087.5,0,0,1,0,0,0,1,0,0,1,0,0,0,0,0,0,0,1
71,71,73,6.71,16.89,42.38,863.72,0,0,1,0,0,0,1,0,0,1,0,0,0,0,0,0,0,1
159,38,108,6.18,31.24,62.37,2594.77,0,0,1,0,0,0,1,0,0,1,0,0,0,0,0,0,0,1
78,43,88,8.12,35.66,37.7,2731.52,0,0,1,0,0,0,1,0,0,1,0,0,0,0,0,0,0,1
68,91,111,7.25,30.67,79.57,2673.32,0,0,1,0,0,0,1,0,0,1,0,0,0,0,0,0,0,1
179,48,66,7.04,18.96,32.03,1438.65,0,0,1,0,0,0,1,0,0,1,0,0,0,0,0,0,0,1
141,63,107,5.67,24.8,65.47,1311.93,0,0,1,0,0,0,1,0,0,1,0,0,0,0,0,0,0,1
149,20,131,5.8,18.95,47.03,885.56,0,0,1,0,0,0,1,0,0,1,0,0,0,0,0,0,0,1
35,50,97,5.86,14.56,88.35,1317.01,0,0,1,0,0,0,1,0,0,1,0,0,0,0,0,0,0,1
97,75,29,6.92,38.76,54.06,1491.11,0,0,1,0,0,0,1,0,0,1,0,0,0,0,0,0,0,1
128,20,142,7.62,29.86,50.85,2597.62,0,0,1,0,0,0,1,0,0,1,0,0,0,0,0,0,0,1
54,53,97,5.95,32.45,82.35,964.52,0,0,1,0,0,0,1,0,0,1,0,0,0,0,0,0,0,1
38,54,139,7.84,24.22,85.28,1715.13,0,0,1,0,0,0,1,0,0,1,0,0,0,0,0,0,0,1
71,29,102,7.38,16.14,51.29,580.27,0,0,1,0,0,0,1,0,0,1,0,0,0,0,0,0,0,1
67,22,55,5.44,22.9,30.01,1545.62,0,0,1,0,0,0,1,0,0,1,0,0,0,0,0,0,0,1
105,57,83,7.3,33.23,72.75,867.96,0,0,1,0,0,0,1,0,0,1,0,0,0,0,0,0,0,1
145,52,61,4.97,11.37,76.91,1246.09,0,0,1,0,0,0,1,0,0,1,0,0,0,0,0,0,0,1
58,27,60,7.36,14.76,68.99,2470.57,0,0,1,0,0,0,1,0,0,1,0,0,0,0,0,0,0,1
156,86,41,5.86,13.85,52.95,488.17,0,0,1,0,0,0,1,0,0,1,0,0,0,0,0,0,0,1
113,66,80,5.32,20.39,50.48,1158.89,0,0,1,0,0,0,1,0,0,1,0,0,0,0,0,0,0,1
90,73,101,7.57,17.2,33.03,1919.35,0,0,1,0,0,0,1,0,0,1,0,0,0,0,0,0,0,1
174,70,31,8.02,34.62,40.42,2677.1,0,0,1,0,0,0,1,0,0,1,0,0,0,0,0,0,0,1
78,82,47,7.78,15.37,54.68,2311.08,0,0,1,0,0,0,1,0,0,1,0,0,0,0,0,0,0,1
59,20,57,6.95,24.7,66.41,2185.16,0,0,1,0,0,0,1,0,0,1,0,0,0,0,0,0,0,1
107,72,82,5.54,33.61,72.07,2208.12,0,0,1,0,0,0,1,0,0,1,0,0,0,0,0,0,0,1
152,70,136,7.23,32.99,80.1,390.3,0,0,1,0,0,0,1,0,0,1,0,0,0,0,0,0,0,1
102,45,29,8.1,18.62,68.81,1511.7,0,0,1,0,0,0,1,0,0,1,0,0,0,0,0,0,0,1
40,23,60,5.06,17.96,72.46,703.39,0,0,1,0,0,0,1,0,0,1,0,0,0,0,0,0,0,1
94,26,129,5.19,17.86,72.71,2763.93,0,0,1,0,0,0,1,0,0,1,0,0,0,0,0,0,0,1
41,85,120,5.3,10.02,69.49,2756.39,0,0,1,0,0,0,1,0,0,1,0,0,0,0,0,0,0,1
151,96,57,5.37,33.44,51.72,1076.44,0,0,1,0,0,0,1,0,0,1,0,0,0,0,0,0,0,1
106,64,135,7.55,35.52,56.63,1129.48,0,0,1,0,0,0,1,0,0,1,0,0,0,0,0,0,0,1
87,69,113,6.09,34.22,88.24,1781.01,0,0,1,0,0,0,1,0,0,1,0,0,0,0,0,0,0,1
171,81,60,5.35,14.65,77.27,2360.97,0,0,1,0,0,0,1,0,0,1,0,0,0,0,0,0,0,1
104,65,90,4.96,26.96,77.85,1881.33,0,0,1,0,0,0,0,1,0,1,0,0,0,1,0,0,0,0
174,77,141,5.15,30.59,59.61,412.29,0,0,1,0,0,0,0,1,0,1,0,0,0,1,0,0,0,0
158,85,113,4.92,22.37,31.38,679.08,0,0,1,0,0,0,0,1,0,1,0,0,0,1,0,0,0,0
176,36,84,6.79,17.84,44.83,2758.38,0,0,1,0,0,0,0,1,0,1,0,0,0,1,0,0,0,0
97,41,135,4.89,25.72,49.91,1183.73,0,0,1,0,0,0,0,1,0,1,0,0,0,1,0,0,0,0
75,31,131,6.42,26.66,54.56,1421.76,0,0,1,0,0,0,0,1,0,1,0,0,0,1,0,0,0,0
135,88,30,4.9,18.76,64.37,2464.46,0,0,1,0,0,0,0,1,0,1,0,0,0,1,0,0,0,0
34,62,135,6.85,32.91,81.23,2070.19,0,0,1,0,0,0,0,1,0,1,0,0,0,1,0,0,0,0
120,57,67,6.78,15.43,60.16,2792.36,0,0,1,0,0,0,0,1,0,1,0,0,0,1,0,0,0,0
109,84,50,5.75,16.46,84.22,709.42,0,0,1,0,0,0,0,1,0,1,0,0,0,1,0,0,0,0
83,56,54,6.67,12.91,85.18,1741.84,0,0,1,0,0,0,0,1,0,1,0,0,0,1,0,0,0,0
127,78,44,8.14,25.81,60.1,2651.75,0,0,1,0,0,0,0,1,0,1,0,0,0,1,0,0,0,0
42,23,23,6.11,20.99,53.82,542.7,0,0,1,0,0,0,0,1,0,1,0,0,0,1,0,0,0,0
140,79,130,5.06,20.41,79.19,2007.43,0,0,1,0,0,0,0,1,0,1,0,0,0,1,0,0,0,0
63,86,76,5.06,33.58,46.33,758.76,0,0,1,0,0,0,0,1,0,1,0,0,0,1,0,0,0,0
95,39,83,6.39,12.85,44.98,1017.95,0,0,1,0,0,0,0,1,0,1,0,0,0,1,0,0,0,0
72,93,66,8.1,17.74,88.29,1308.88,0,0,1,0,0,0,0,1,0,1,0,0,0,1,0,0,0,0
67,47,42,7.63,39.52,36.04,1937.57,0,0,1,0,0,0,0,1,0,1,0,0,0,1,0,0,0,0
154,43,82,7.98,30.28,52.95,1099.95,0,0,1,0,0,0,0,1,0,1,0,0,0,1,0,0,0,0
86,92,116,5.9,16.49,78.68,1005.82,0,0,1,0,0,0,0,1,0,1,0,0,0,1,0,0,0,0
179,40,105,5.37,13.39,40.96,1307.52,0,0,1,0,0,0,0,1,0,1,0,0,0,1,0,0,0,0
76,84,88,7.62,13.08,60.52,2234.96,0,0,1,0,0,0,0,1,0,1,0,0,0,1,0,0,0,0
78,77,69,6.68,23.94,71.36,733.91,0,0,1,0,0,0,0,1,0,1,0,0,0,1,0,0,0,0
121,22,39,6.68,26.02,34.37,2433.7,0,0,1,0,0,0,0,1,0,1,0,0,0,1,0,0,0,0
51,43,125,5.22,13.43,62.21,1234.52,0,0,1,0,0,0,0,1,0,1,0,0,0,1,0,0,0,0
95,66,125,8.07,22.43,42.67,1871.6,0,0,1,0,1,0,0,0,0,0,1,0,0,1,0,0,0,0
153,32,129,7.08,21.61,81.91,504.47,0,0,1,0,1,0,0,0,0,0,1,0,0,1,0,0,0,0
87,91,78,7.63,22.38,41.8,2419.68,0,0,1,0,1,0,0,0,0,0,1,0,0,1,0,0,0,0
95,73,109,6.99,17.27,65.11,2578.36,0,0,1,0,1,0,0,0,0,0,1,0,0,1,0,0,0,0
131,90,94,6.64,22.05,46.89,2233.54,0,0,1,0,1,0,0,0,0,0,1,0,0,1,0,0,0,0
103,92,54,4.85,29.99,88.27,1963.1,0,0,1,0,1,0,0,0,0,0,1,0,0,1,0,0,0,0
40,83,26,6.16,39.63,62.54,2370.61,0,0,1,0,1,0,0,0,0,0,1,0,0,1,0,0,0,0
177,16,43,7.46,10.06,54.05,1539.22,0,0,1,0,1,0,0,0,0,0,1,0,0,1,0,0,0,0
119,65,87,6.52,16.41,37.86,2474.98,0,0,1,0,1,0,0,0,0,0,1,0,0,1,0,0,0,0
155,58,59,6.36,34.52,74.5,1059.95,0,0,1,0,1,0,0,0,0,0,1,0,0,1,0,0,0,0
166,69,129,5.75,18.4,31.19,1619.44,0,0,1,0,1,0,0,0,0,0,1,0,0,1,0,0,0,0
60,67,95,6.97,39.38,37.41,1252.01,0,0,1,0,1,0,0,0,0,0,1,0,0,1,0,0,0,0
177,81,149,5.69,30.1,69.51,2301.09,0,0,1,0,1,0,0,0,0,0,1,0,0,1,0,0,0,0
71,86,64,6.65,19.95,81.15,1082.01,0,0,1,0,1,0,0,0,0,0,1,0,0,1,0,0,0,0
78,94,126,7.23,36.93,59.05,1989.59,0,0,1,0,1,0,0,0,0,0,1,0,0,1,0,0,0,0
157,44,56,6.84,23.74,58.72,1194.05,0,0,1,0,1,0,0,0,0,0,1,0,0,1,0,0,0,0
108,64,142,4.94,36.85,33.62,555.38,0,0,1,0,1,0,0,0,0,0,1,0,0,1,0,0,0,0
156,76,37,7.78,19.66,69.33,995.11,0,0,1,0,1,0,0,0,0,0,1,0,0,1,0,0,0,0
51,89,137,6.71,18.42,47.16,1617.56,0,0,1,0,1,0,0,0,0,0,1,0,0,1,0,0,0,0
118,23,87,7.25,27.75,64.74,670.67,0,0,1,0,1,0,0,0,0,0,1,0,0,1,0,0,0,0
60,29,27,7.41,28.08,66.24,847.13,0,0,1,0,1,0,0,0,0,0,1,0,0,1,0,0,0,0
58,23,33,4.9,21.8,88.89,2443.43,0,0,1,0,1,0,0,0,0,0,1,0,0,1,0,0,0,0
81,86,140,7.94,29.12,72.26,672.48,0,0,1,0,1,0,0,0,0,0,1,0,0,1,0,0,0,0
68,70,69,5.39,23.49,45.22,1875.59,0,0,1,0,1,0,0,0,0,0,1,0,0,1,0,0,0,0
52,31,85,7.54,23.13,76.92,2503.8,0,0,1,0,1,0,0,0,0,0,1,0,0,1,0,0,0,0
155,16,35,5.24,28.6,35.16,1791.11,0,0,1,0,1,0,0,0,0,0,1,0,0,1,0,0,0,0
150,96,72,7.87,24.22,31.81,828.64,0,0,1,0,1,0,0,0,0,0,1,0,0,1,0,0,0,0
169,31,104,7.97,20.78,63.86,548.58,0,0,1,0,1,0,0,0,0,0,1,0,0,1,0,0,0,0
163,69,104,6.55,20.69,63.82,2564.97,0,0,1,0,0,1,0,0,0,0,1,0,0,1,0,0,0,0
63,73,100,6.82,17.49,40.01,2054.5,0,0,1,0,0,1,0,0,0,0,1,0,0,1,0,0,0,0
83,90,128,6.9,31.52,89.9,470.51,0,0,1,0,0,1,0,0,0,0,1,0,0,1,0,0,0,0
68,77,134,7.27,34.85,62.78,1959.28,0,0,1,0,0,1,0,0,0,0,1,0,0,1,0,0,0,0
85,65,126,6.9,20.16,77.96,925.88,0,0,1,0,0,1,0,0,0,0,1,0,0,1,0,0,0,0
111,23,95,7.7,39.67,78.17,1941.52,0,0,1,0,0,1,0,0,0,0,1,0,0,1,0,0,0,0
173,69,21,5.64,39.26,55.92,2767.57,0,0,1,0,0,1,0,0,0,0,1,0,0,1,0,0,0,0
42,17,116,5.75,17.44,33.36,569.97,0,0,1,0,0,1,0,0,0,0,1,0,0,1,0,0,0,0
54,23,125,6.0,31.29,89.77,368.18,0,0,1,0,0,1,0,0,0,0,1,0,0,1,0,0,0,0
64,81,31,5.52,22.14,85.66,974.73,0,0,1,0,0,1,0,0,0,0,1,0,0,1,0,0,0,0
122,94,147,4.9,11.87,48.25,1400.4,0,0,1,0,0,1,0,0,0,0,1,0,0,1,0,0,0,0
97,75,91,4.9,14.65,86.74,1974.64,0,0,1,0,0,1,0,0,0,0,1,0,0,1,0,0,0,0
169,74,87,5.54,31.33,44.55,656.47,0,0,1,0,0,1,0,0,0,0,1,0,0,1,0,0,0,0
135,95,145,4.84,24.38,34.7,1063.29,0,0,1,0,0,1,0,0,0,0,1,0,0,1,0,0,0,0
73,19,73,6.18,20.95,42.53,1383.48,0,0,1,0,0,1,0,0,0,0,1,0,0,1,0,0,0,0
175,96,143,5.85,31.04,44.76,2630.28,0,0,1,0,0,1,0,0,0,0,1,0,0,1,0,0,0,0
62,79,68,7.89,20.37,75.37,1954.71,0,0,1,0,0,1,0,0,0,0,1,0,0,1,0,0,0,0
116,91,32,6.42,37.48,66.66,696.66,0,0,1,0,0,1,0,0,0,0,1,0,0,1,0,0,0,0
157,55,117,5.28,31.46,79.09,2651.71,0,0,1,0,0,1,0,0,0,0,1,0,0,1,0,0,0,0
168,71,99,4.94,39.72,39.45,418.89,0,0,1,0,0,1,0,0,0,0,1,0,0,1,0,0,0,0
71,51,88,6.99,38.72,61.21,1306.59,0,0,1,0,0,1,0,0,0,0,1,0,0,1,0,0,0,0
88,33,132,6.63,29.11,50.66,581.69,0,0,1,0,0,1,0,0,0,0,1,0,0,1,0,0,0,0
159,41,133,6.76,21.1,89.5,1794.48,0,0,1,0,0,1,0,0,0,0,1,0,0,1,0,0,0,0
160,35,54,6.25,25.79,79.7,1425.73,0,0,1,0,0,1,0,0,0,0,1,0,0,1,0,0,0,0
58,88,25,6.32,31.97,38.49,2797.3,0,0,1,0,0,1,0,0,0,0,1,0,0,1,0,0,0,0
73,67,46,5.46,26.06,63.69,896.78,0,0,1,0,0,1,0,0,0,0,1,0,0,1,0,0,0,0
143,66,96,5.26,27.7,87.24,2584.16,0,0,1,0,0,1,0,0,0,0,1,0,0,1,0,0,0,0
76,96,31,5.35,18.66,33.42,2490.72,0,0,1,0,0,0,1,0,0,0,1,0,0,0,0,0,1,0
138,90,135,5.06,15.14,79.13,922.75,0,0,1,0,0,0,1,0,0,0,1,0,0,0,0,0,1,0
102,32,101,6.32,23.0,82.34,2782.77,0,0,1,0,0,0,1,0,0,0,1,0,0,0,0,0,1,0
109,60,124,5.45,34.17,79.14,464.88,0,0,1,0,0,0,1,0,0,0,1,0,0,0,0,0,1,0
48,53,58,5.51,34.05,50.59,2158.21,0,0,1,0,0,0,1,0,0,0,1,0,0,0,0,0,1,0
170,77,54,6.75,17.48,78.65,866.49,0,0,1,0,0,0,1,0,0,0,1,0,0,0,0,0,1,0
91,81,146,7.75,23.49,51.76,488.2,0,0,1,0,0,0,1,0,0,0,1,0,0,0,0,0,1,0
51,21,77,4.97,32.61,47.19,801.21,0,0,1,0,0,0,1,0,0,0,1,0,0,0,0,0,1,0
163,34,95,7.66,16.25,34.63,1372.32,0,0,1,0,0,0,1,0,0,0,1,0,0,0,0,0,1,0
170,72,48,6.17,34.5,38.0,930.34,0,0,1,0,0,0,1,0,0,0,1,0,0,0,0,0,1,0
143,86,75,7.73,35.03,32.95,2468.52,0,0,1,0,0,0,1,0,0,0,1,0,0,0,0,0,1,0
131,45,50,8.06,39.69,88.48,1273.8,0,0,1,0,0,0,1,0,0,0,1,0,0,0,0,0,1,0
124,48,97,7.97,32.79,88.61,1502.72,0,0,1,0,0,0,1,0,0,0,1,0,0,0,0,0,1,0
77,55,118,5.92,36.4,51.55,837.51,0,0,1,0,0,0,1,0,0,0,1,0,0,0,0,0,1,0
140,59,67,5.12,18.86,31.63,1238.71,0,0,1,0,0,0,1,0,0,0,1,0,0,0,0,0,1,0
43,24,97,8.0,26.23,71.29,861.59,0,0,1,0,0,0,1,0,0,0,1,0,0,0,0,0,1,0
60,71,92,6.82,18.86,88.94,2548.09,0,0,1,0,0,0,1,0,0,0,1,0,0,0,0,0,1,0
98,53,86,5.87,19.53,63.37,1161.35,0,0,1,0,0,0,1,0,0,0,1,0,0,0,0,0,1,0
71,93,99,6.65,21.41,64.37,2006.21,0,0,1,0,0,0,1,0,0,0,1,0,0,0,0,0,1,0
129,73,96,4.84,30.82,63.11,342.55,0,0,1,0,0,0,1,0,0,0,1,0,0,0,0,0,1,0
87,83,48,7.44,29.72,47.83,317.31,0,0,1,0,0,0,1,0,0,0,1,0,0,0,0,0,1,0
149,75,119,7.52,22.46,31.07,2504.84,0,0,1,0,0,0,1,0,0,0,1,0,0,0,0,0,1,0
158,34,29,7.98,31.29,54.74,1164.68,0,0,1,0,0,0,1,0,0,0,1,0,0,0,0,0,1,0
135,44,47,7.09,15.18,41.09,2719.4,0,0,1,0,0,0,1,0,0,0,1,0,0,0,0,0,1,0
62,60,66,6.23,13.7,53.05,2278.74,0,0,1,0,0,0,1,0,0,0,1,0,0,0,0,0,1,0
167,54,51,5.58,31.4,40.26,1175.06,0,0,1,0,0,0,1,0,0,0,1,0,0,0,0,0,1,0
152,23,70,5.67,34.39,86.2,936.33,0,0,1,0,0,0,1,0,0,0,1,0,0,0,0,0,1,0
146,25,125,5.52,16.54,47.05,2676.64,0,0,1,0,0,0,1,0,0,0,1,0,0,0,0,0,1,0
150,34,51,6.56,30.48,77.11,884.22,0,0,1,0,0,0,1,0,0,0,1,0,0,0,0,0,1,0
173,20,111,5.98,29.83,64.14,557.93,0,0,1,0,0,0,1,0,0,0,1,0,0,0,0,0,1,0
151,40,94,6.69,13.4,62.74,1240.42,0,0,1,0,0,0,1,0,0,0,1,0,0,0,0,0,1,0
163,22,147,6.95,24.49,87.39,408.34,0,0,1,0,0,0,1,0,0,0,1,0,0,0,0,0,1,0
100,67,123,5.27,14.8,30.88,1011.27,0,0,1,0,0,0,0,1,0,0,1,0,0,1,0,0,0,0
59,34,106,8.19,25.67,30.57,2717.44,0,0,1,0,0,0,0,1,0,0,1,0,0,1,0,0,0,0
142,69,109,6.12,22.07,76.33,1217.52,0,0,1,0,0,0,0,1,0,0,1,0,0,1,0,0,0,0
105,33,103,6.36,19.38,32.25,726.88,0,0,1,0,0,0,0,1,0,0,1,0,0,1,0,0,0,0
115,48,87,6.99,12.18,49.7,2597.93,0,0,1,0,0,0,0,1,0,0,1,0,0,1,0,0,0,0
101,38,60,5.56,25.11,63.41,1009.52,0,0,1,0,0,0,0,1,0,0,1,0,0,1,0,0,0,0
142,31,56,4.95,27.08,46.92,629.62,0,0,1,0,0,0,0,1,0,0,1,0,0,1,0,0,0,0
139,68,136,6.98,21.63,73.86,1406.73,0,0,1,0,0,0,0,1,0,0,1,0,0,1,0,0,0,0
122,66,36,7.44,26.0,81.48,1498.11,0,0,1,0,0,0,0,1,0,0,1,0,0,1,0,0,0,0
155,48,55,6.58,15.3,42.81,2314.46,0,0,1,0,0,0,0,1,0,0,1,0,0,1,0,0,0,0
130,34,99,5.97,18.78,53.2,1543.3,0,0,1,0,0,0,0,1,0,0,1,0,0,1,0,0,0,0
140,27,52,5.94,38.98,39.86,574.25,0,0,1,0,0,0,0,1,0,0,1,0,0,1,0,0,0,0
163,36,26,8.08,21.61,56.12,2784.88,0,0,1,0,0,0,0,1,0,0,1,0,0,1,0,0,0,0
107,77,47,5.59,30.05,77.48,1456.01,0,0,1,0,0,0,0,1,0,0,1,0,0,1,0,0,0,0
74,41,23,7.44,12.01,62.33,927.22,0,0,1,0,0,0,0,1,0,0,1,0,0,1,0,0,0,0
158,56,113,6.09,20.84,47.47,1516.2,0,0,1,0,0,0,0,1,0,0,1,0,0,1,0,0,0,0
94,62,40,6.39,36.85,36.38,1451.29,0,0,1,0,0,0,0,1,0,0,1,0,0,1,0,0,0,0
169,81,68,7.24,12.56,79.56,727.39,0,0,1,0,0,0,0,1,0,0,1,0,0,1,0,0,0,0
55,43,129,5.98,33.57,61.59,757.47,0,0,1,0,0,0,0,1,0,0,1,0,0,1,0,0,0,0
140,78,56,7.67,13.62,89.34,614.99,0,0,1,0,0,0,0,1,0,0,1,0,0,1,0,0,0,0
148,66,95,7.39,24.43,33.73,747.89,0,0,1,0,0,0,0,1,0,0,1,0,0,1,0,0,0,0
167,69,52,5.52,32.77,89.77,1120.0,0,0,1,0,0,0,0,1,0,0,1,0,0,1,0,0,0,0
77,37,45,5.0,21.66,36.61,2200.95,0,0,1,0,0,0,0,1,0,0,1,0,0,1,0,0,0,0
113,38,100,5.92,30.84,83.44,2758.11,0,0,1,0,0,0,0,1,0,0,1,0,0,1,0,0,0,0
151,91,77,5.87,39.52,53.2,681.79,0,0,1,0,0,0,0,1,0,0,1,0,0,1,0,0,0,0
166,41,144,6.14,25.49,85.26,1198.35,0,0,1,0,0,0,0,1,0,0,1,0,0,1,0,0,0,0
112,50,56,8.19,18.22,65.44,1704.71,0,0,1,0,0,0,0,1,0,0,1,0,0,1,0,0,0,0
105,26,21,7.97,32.2,56.2,1004.4,0,0,1,0,0,0,0,1,0,0,1,0,0,1,0,0,0,0
136,81,59,5.83,13.08,83.05,1922.09,0,0,1,0,0,0,0,1,0,0,1,0,0,1,0,0,0,0
33,80,105,7.85,17.92,44.41,1210.25,0,0,1,0,0,0,0,1,0,0,1,0,0,1,0,0,0,0
167,37,125,4.96,17.07,48.38,2274.2,0,0,1,0,1,0,0,0,0,0,0,1,0,0,0,1,0,0
94,83,75,4.88,28.01,41.11,1013.9,0,0,1,0,1,0,0,0,0,0,0,1,0,0,0,1,0,0
176,37,40,6.28,20.35,80.92,391.82,0,0,1,0,1,0,0,0,0,0,0,1,0,0,0,1,0,0
94,71,86,6.22,20.38,33.39,2622.99,0,0,1,0,1,0,0,0,0,0,0,1,0,0,0,1,0,0
37,42,120,6.34,39.21,53.4,2044.49,0,0,1,0,1,0,0,0,0,0,0,1,0,0,0,1,0,0
32,34,143,5.88,34.94,35.58,415.35,0,0,1,0,1,0,0,0,0,0,0,1,0,0,0,1,0,0
143,58,104,4.81,19.93,30.12,1036.73,0,0,1,0,1,0,0,0,0,0,0,1,0,0,0,1,0,0
139,65,55,5.43,35.83,45.82,752.88,0,0,1,0,1,0,0,0,0,0,0,1,0,0,0,1,0,0
143,23,96,6.68,35.67,45.3,2611.72,0,0,1,0,1,0,0,0,0,0,0,1,0,0,0,1,0,0
136,95,128,7.04,28.1,87.75,1254.07,0,0,1,0,1,0,0,0,0,0,0,1,0,0,0,1,0,0
158,89,92,5.85,12.39,47.69,1061.23,0,0,1,0,1,0,0,0,0,0,0,1,0,0,0,1,0,0
164,99,49,5.84,18.49,38.98,1788.0,0,0,1,0,1,0,0,0,0,0,0,1,0,0,0,1,0,0
50,91,32,7.29,28.13,79.18,1279.5,0,0,1,0,1,0,0,0,0,0,0,1,0,0,0,1,0,0
88,33,32,6.56,33.64,82.75,1059.21,0,0,1,0,1,0,0,0,0,0,0,1,0,0,0,1,0,0
85,98,110,7.86,19.45,43.55,1696.3,0,0,1,0,1,0,0,0,0,0,0,1,0,0,0,1,0,0
72,78,122,5.9,33.24,45.32,488.85,0,0,1,0,1,0,0,0,0,0,0,1,0,0,0,1,0,0
82,25,45,6.82,33.6,73.4,704.39,0,0,1,0,1,0,0,0,0,0,0,1,0,0,0,1,0,0
176,39,44,4.81,29.57,51.3,1854.64,0,0,1,0,1,0,0,0,0,0,0,1,0,0,0,1,0,0
103,48,80,5.9,28.97,87.58,2372.48,0,0,1,0,1,0,0,0,0,0,0,1,0,0,0,1,0,0
79,82,98,7.89,27.87,50.25,1722.04,0,0,1,0,1,0,0,0,0,0,0,1,0,0,0,1,0,0
159,22,33,7.71,16.97,78.7,2777.26,0,0,1,0,1,0,0,0,0,0,0,1,0,0,0,1,0,0
55,94,93,5.18,36.5,42.3,1005.09,0,0,1,0,1,0,0,0,0,0,0,1,0,0,0,1,0,0
174,60,131,7.26,15.35,71.18,1729.77,0,0,1,0,0,1,0,0,0,0,0,1,0,0,0,1,0,0
104,74,62,6.16,29.45,51.5,790.55,0,0,1,0,0,1,0,0,0,0,0,1,0,0,0,1,0,0
111,77,66,7.84,29.07,68.66,606.19,0,0,1,0,0,1,0,0,0,0,0,1,0,0,0,1,0,0
33,44,76,6.24,11.1,59.71,1002.09,0,0,1,0,0,1,0,0,0,0,0,1,0,0,0,1,0,0
176,34,93,7.06,22.72,31.54,2572.81,0,0,1,0,0,1,0,0,0,0,0,1,0,0,0,1,0,0
82,56,54,6.21,18.56,42.14,1306.84,0,0,1,0,0,1,0,0,0,0,0,1,0,0,0,1,0,0
122,52,144,5.24,24.04,84.97,399.07,0,0,1,0,0,1,0,0,0,0,0,1,0,0,0,1,0,0
47,81,90,5.17,17.4,61.14,1382.04,0,0,1,0,0,1,0,0,0,0,0,1,0,0,0,1,0,0
125,48,31,7.92,15.83,46.78,1959.77,0,0,1,0,0,1,0,0,0,0,0,1,0,0,0,1,0,0
48,94,131,7.51,23.38,70.71,1549.67,0,0,1,0,0,1,0,0,0,0,0,1,0,0,0,1,0,0
33,64,127,6.78,18.25,64.47,1532.15,0,0,1,0,0,1,0,0,0,0,0,1,0,0,0,1,0,0
87,54,115,7.89,39.32,64.21,2223.78,0,0,1,0,0,1,0,0,0,0,0,1,0,0,0,1,0,0
75,35,46,6.59,13.56,33.63,2519.94,0,0,1,0,0,1,0,0,0,0,0,1,0,0,0,1,0,0
80,83,37,5.88,11.0,33.5,2343.66,0,0,1,0,0,1,0,0,0,0,0,1,0,0,0,1,0,0
60,17,59,5.33,18.99,53.68,946.35,0,0,1,0,0,1,0,0,0,0,0,1,0,0,0,1,0,0
41,32,25,6.03,15.85,60.34,2246.21,0,0,1,0,0,1,0,0,0,0,0,1,0,0,0,1,0,0
48,73,74,6.77,32.38,63.73,1212.75,0,0,1,0,0,1,0,0,0,0,0,1,0,0,0,1,0,0
149,28,43,6.13,21.95,67.02,1878.45,0,0,1,0,0,1,0,0,0,0,0,1,0,0,0,1,0,0
63,24,126,7.09,24.04,66.68,2556.77,0,0,1,0,0,1,0,0,0,0,0,1,0,0,0,1,0,0
100,40,128,5.3,38.86,82.67,2122.04,0,0,1,0,0,1,0,0,0,0,0,1,0,0,0,1,0,0
87,20,122,7.11,30.55,88.58,1650.25,0,0,1,0,0,0,1,0,0,0,0,1,0,0,0,0,0,1
69,75,132,8.15,17.19,39.33,1474.79,0,0,1,0,0,0,1,0,0,0,0,1,0,0,0,0,0,1
121,65,96,6.69,24.18,41.43,441.15,0,0,1,0,0,0,1,0,0,0,0,1,0,0,0,0,0,1
61,43,117,7.92,36.49,51.36,930.31,0,0,1,0,0,0,1,0,0,0,0,1,0,0,0,0,0,1
152,31,66,7.38,34.26,78.21,1394.7,0,0,1,0,0,0,1,0,0,0,0,1,0,0,0,0,0,1
93,74,80,5.64,36.92,46.82,1876.66,0,0,1,0,0,0,1,0,0,0,0,1,0,0,0,0,0,1
128,78,126,5.69,11.16,36.26,514.89,0,0,1,0,0,0,1,0,0,0,0,1,0,0,0,0,0,1
113,21,78,4.81,38.73,36.6,453.84,0,0,1,0,0,0,1,0,0,0,0,1,0,0,0,0,0,1
42,21,79,7.8,32.99,51.88,1322.58,0,0,1,0,0,0,1,0,0,0,0,1,0,0,0,0,0,1
178,52,110,4.89,11.36,47.25,658.73,0,0,1,0,0,0,1,0,0,0,0,1,0,0,0,0,0,1
98,29,34,7.44,37.24,82.69,623.19,0,0,1,0,0,0,1,0,0,0,0,1,0,0,0,0,0,1
91,15,118,7.28,27.24,48.06,498.81,0,0,1,0,0,0,1,0,0,0,0,1,0,0,0,0,0,1
129,56,102,5.51,39.19,37.11,1692.6,0,0,1,0,0,0,1,0,0,0,0,1,0,0,0,0,0,1
103,42,37,8.16,34.37,34.17,1866.35,0,0,1,0,0,0,1,0,0,0,0,1,0,0,0,0,0,1
125,37,123,7.69,39.25,34.83,868.69,0,0,1,0,0,0,1,0,0,0,0,1,0,0,0,0,0,1
122,87,139,7.7,36.87,76.03,1633.64,0,0,1,0,0,0,1,0,0,0,0,1,0,0,0,0,0,1
82,67,145,5.91,10.85,54.34,1833.99,0,0,1,0,0,0,1,0,0,0,0,1,0,0,0,0,0,1
48,81,98,4.98,19.19,47.33,2238.46,0,0,1,0,0,0,1,0,0,0,0,1,0,0,0,0,0,1
119,94,70,6.71,38.91,77.67,2552.85,0,0,1,0,0,0,1,0,0,0,0,1,0,0,0,0,0,1
43,19,86,8.01,36.27,61.53,2684.2,0,0,1,0,0,0,1,0,0,0,0,1,0,0,0,0,0,1
38,84,111,7.61,12.71,59.17,1153.92,0,0,1,0,0,0,1,0,0,0,0,1,0,0,0,0,0,1
81,70,131,7.88,14.65,72.29,910.7,0,0,1,0,0,0,1,0,0,0,0,1,0,0,0,0,0,1
94,82,107,4.93,11.7,61.96,449.18,0,0,1,0,0,0,0,1,0,0,0,1,0,1,0,0,0,0
119,75,31,5.5,21.63,49.61,947.14,0,0,1,0,0,0,0,1,0,0,0,1,0,1,0,0,0,0
114,78,144,7.32,26.28,34.68,753.2,0,0,1,0,0,0,0,1,0,0,0,1,0,1,0,0,0,0
57,91,36,7.85,32.32,76.07,828.94,0,0,1,0,0,0,0,1,0,0,0,1,0,1,0,0,0,0
112,28,84,6.45,34.34,37.2,2123.14,0,0,1,0,0,0,0,1,0,0,0,1,0,1,0,0,0,0
53,31,127,6.31,31.14,68.15,1047.39,0,0,1,0,0,0,0,1,0,0,0,1,0,1,0,0,0,0
54,88,142,7.95,25.35,41.63,1441.36,0,0,1,0,0,0,0,1,0,0,0,1,0,1,0,0,0,0
128,82,113,6.23,13.76,89.25,945.16,0,0,1,0,0,0,0,1,0,0,0,1,0,1,0,0,0,0
66,51,22,8.19,31.2,67.66,1054.82,0,0,1,0,0,0,0,1,0,0,0,1,0,1,0,0,0,0
89,35,72,4.87,12.74,54.7,2755.72,0,0,1,0,0,0,0,1,0,0,0,1,0,1,0,0,0,0
111,82,27,7.07,11.99,46.98,321.47,0,0,1,0,0,0,0,1,0,0,0,1,0,1,0,0,0,0
68,33,90,6.98,29.51,41.06,1589.24,0,0,1,0,0,0,0,1,0,0,0,1,0,1,0,0,0,0
124,33,118,5.63,36.0,37.24,1873.46,0,0,1,0,0,0,0,1,0,0,0,1,0,1,0,0,0,0
54,29,106,6.23,16.16,71.0,1397.42,0,0,1,0,0,0,0,1,0,0,0,1,0,1,0,0,0,0
127,85,138,5.49,28.72,66.94,1426.0,0,0,1,0,0,0,0,1,0,0,0,1,0,1,0,0,0,0
57,33,86,5.52,13.19,89.07,1951.67,0,0,1,0,0,0,0,1,0,0,0,1,0,1,0,0,0,0
33,65,44,6.53,19.0,83.07,1424.4,0,0,1,0,0,0,0,1,0,0,0,1,0,1,0,0,0,0
166,76,67,8.16,30.52,60.39,1441.23,0,0,1,0,0,0,0,1,0,0,0,1,0,1,0,0,0,0
162,32,42,5.66,10.47,63.1,2567.94,0,0,1,0,0,0,0,1,0,0,0,1,0,1,0,0,0,0
84,51,149,5.3,10.55,38.44,371.31,0,0,1,0,0,0,0,1,0,0,0,1,0,1,0,0,0,0
111,94,61,8.15,17.2,40.64,1534.3,0,0,1,0,0,0,0,1,0,0,0,1,0,1,0,0,0,0
38,65,140,4.9,25.63,73.42,372.77,0,0,1,0,0,0,0,1,0,0,0,1,0,1,0,0,0,0
35,78,115,7.55,11.21,80.31,1200.71,0,0,1,0,0,0,0,1,0,0,0,1,0,1,0,0,0,0
154,78,23,5.98,14.18,51.07,2695.5,0,0,1,0,0,0,0,1,0,0,0,1,0,1,0,0,0,0
64,42,21,5.23,14.91,33.72,2254.52,0,0,1,0,0,0,0,1,0,0,0,1,0,1,0,0,0,0
92,92,71,5.91,21.32,87.93,2587.0,0,0,1,0,0,0,0,1,0,0,0,1,0,1,0,0,0,0
101,80,59,7.35,31.55,51.47,2090.02,0,0,1,0,0,0,0,1,0,0,0,1,0,1,0,0,0,0
73,47,77,7.44,37.79,77.29,404.9,0,0,1,0,0,0,0,1,0,0,0,1,0,1,0,0,0,0
72,34,139,7.75,33.12,77.9,2509.92,0,0,1,0,1,0,0,0,0,0,0,0,1,0,0,1,0,0
43,84,73,7.37,10.09,64.34,2467.82,0,0,1,0,1,0,0,0,0,0,0,0,1,0,0,1,0,0
145,99,70,5.39,32.61,70.35,988.38,0,0,1,0,1,0,0,0,0,0,0,0,1,0,0,1,0,0
152,77,30,5.95,22.96,37.68,1444.62,0,0,1,0,1,0,0,0,0,0,0,0,1,0,0,1,0,0
137,90,21,5.03,34.46,62.28,539.66,0,0,1,0,1,0,0,0,0,0,0,0,1,0,0,1,0,0
122,82,117,5.96,23.98,78.24,2489.22,0,0,1,0,1,0,0,0,0,0,0,0,1,0,0,1,0,0
165,34,98,7.35,31.93,69.47,997.07,0,0,1,0,1,0,0,0,0,0,0,0,1,0,0,1,0,0
175,88,136,5.35,34.36,52.85,1393.11,0,0,1,0,1,0,0,0,0,0,0,0,1,0,0,1,0,0
85,99,68,7.61,30.14,81.98,331.38,0,0,1,0,1,0,0,0,0,0,0,0,1,0,0,1,0,0
119,62,85,6.34,20.99,87.96,2752.83,0,0,1,0,1,0,0,0,0,0,0,0,1,0,0,1,0,0
177,63,38,6.48,16.68,59.38,1378.29,0,0,1,0,1,0,0,0,0,0,0,0,1,0,0,1,0,0
76,47,40,6.56,13.81,45.6,1224.36,0,0,1,0,1,0,0,0,0,0,0,0,1,0,0,1,0,0
97,33,139,6.14,13.39,39.7,1653.65,0,0,1,0,1,0,0,0,0,0,0,0,1,0,0,1,0,0
155,85,60,5.7,17.64,37.8,2008.6,0,0,1,0,1,0,0,0,0,0,0,0,1,0,0,1,0,0
34,45,125,6.43,27.2,61.98,1011.97,0,0,1,0,1,0,0,0,0,0,0,0,1,0,0,1,0,0
151,78,29,7.59,28.32,79.49,2232.09,0,0,1,0,1,0,0,0,0,0,0,0,1,0,0,1,0,0
63,32,139,7.54,11.51,49.28,2455.7,0,0,1,0,1,0,0,0,0,0,0,0,1,0,0,1,0,0
109,71,118,7.13,27.19,87.97,2564.51,0,0,1,0,1,0,0,0,0,0,0,0,1,0,0,1,0,0
44,39,34,8.07,19.43,54.44,1811.51,0,0,1,0,1,0,0,0,0,0,0,0,1,0,0,1,0,0
122,85,65,7.97,35.83,43.17,1061.77,0,0,1,0,1,0,0,0,0,0,0,0,1,0,0,1,0,0
81,33,112,7.88,37.7,85.34,582.59,0,0,1,0,1,0,0,0,0,0,0,0,1,0,0,1,0,0
83,94,89,5.75,20.88,41.34,1064.73,0,0,1,0,1,0,0,0,0,0,0,0,1,0,0,1,0,0
72,38,134,8.19,10.25,43.55,985.05,0,0,1,0,1,0,0,0,0,0,0,0,1,0,0,1,0,0
173,32,37,5.53,36.71,81.96,1145.25,0,0,1,0,1,0,0,0,0,0,0,0,1,0,0,1,0,0
126,85,71,8.19,12.53,36.16,2626.12,0,0,1,0,1,0,0,0,0,0,0,0,1,0,0,1,0,0
58,80,132,7.27,33.71,51.0,2753.15,0,0,1,0,0,1,0,0,0,0,0,0,1,0,0,1,0,0
176,33,39,7.06,11.25,39.15,2491.27,0,0,1,0,0,1,0,0,0,0,0,0,1,0,0,1,0,0
175,56,145,5.45,32.27,56.88,1995.67,0,0,1,0,0,1,0,0,0,0,0,0,1,0,0,1,0,0
82,61,135,6.9,33.92,42.35,1456.25,0,0,1,0,0,1,0,0,0,0,0,0,1,0,0,1,0,0
171,21,98,5.42,11.39,53.5,891.4,0,0,1,0,0,1,0,0,0,0,0,0,1,0,0,1,0,0
68,91,139,5.55,39.15,38.76,300.7,0,0,1,0,0,1,0,0,0,0,0,0,1,0,0,1,0,0
58,39,56,6.52,31.63,52.54,826.69,0,0,1,0,0,1,0,0,0,0,0,0,1,0,0,1,0,0
113,40,128,6.32,32.39,49.31,2519.29,0,0,1,0,0,1,0,0,0,0,0,0,1,0,0,1,0,0
67,24,98,5.14,15.2,81.48,1928.89,0,0,1,0,0,1,0,0,0,0,0,0,1,0,0,1,0,0
176,93,96,7.22,17.72,38.69,1753.06,0,0,1,0,0,1,0,0,0,0,0,0,1,0,0,1,0,0
155,23,68,7.14,15.65,50.54,2268.83,0,0,1,0,0,1,0,0,0,0,0,0,1,0,0,1,0,0
82,30,128,6.31,13.22,71.01,2514.72,0,0,1,0,0,1,0,0,0,0,0,0,1,0,0,1,0,0
88,19,77,7.53,10.03,73.84,2402.66,0,0,1,0,0,1,0,0,0,0,0,0,1,0,0,1,0,0
110,41,133,6.07,11.58,82.05,2630.64,0,0,1,0,0,1,0,0,0,0,0,0,1,0,0,1,0,0
157,76,105,7.8,10.19,83.35,2343.71,0,0,1,0,0,1,0,0,0,0,0,0,1,0,0,1,0,0
99,18,66,7.76,14.26,54.47,2571.18,0,0,1,0,0,1,0,0,0,0,0,0,1,0,0,1,0,0
71,21,55,7.98,36.72,39.37,1866.74,0,0,1,0,0,1,0,0,0,0,0,0,1,0,0,1,0,0
62,74,132,5.29,22.58,53.89,626.45,0,0,1,0,0,1,0,0,0,0,0,0,1,0,0,1,0,0
107,70,81,6.51,23.02,88.87,940.72,0,0,1,0,0,1,0,0,0,0,0,0,1,0,0,1,0,0
149,23,109,5.52,31.58,72.25,1948.61,0,0,1,0,0,1,0,0,0,0,0,0,1,0,0,1,0,0
138,41,58,6.84,14.02,33.55,2168.9,0,0,1,0,0,1,0,0,0,0,0,0,1,0,0,1,0,0
154,61,28,7.53,17.7,33.17,1211.95,0,0,1,0,0,0,1,0,0,0,0,0,1,0,0,0,1,0
76,46,93,7.79,38.77,57.16,1590.23,0,0,1,0,0,0,1,0,0,0,0,0,1,0,0,0,1,0
54,87,52,5.25,30.29,70.15,1462.67,0,0,1,0,0,0,1,0,0,0,0,0,1,0,0,0,1,0
94,51,43,7.65,38.75,59.96,1764.63,0,0,1,0,0,0,1,0,0,0,0,0,1,0,0,0,1,0
113,26,87,7.72,30.61,84.35,1400.61,0,0,1,0,0,0,1,0,0,0,0,0,1,0,0,0,1,0
147,45,146,5.01,12.99,37.5,1640.37,0,0,1,0,0,0,1,0,0,0,0,0,1,0,0,0,1,0
46,60,49,7.76,12.26,65.13,617.16,0,0,1,0,0,0,1,0,0,0,0,0,1,0,0,0,1,0
55,96,81,6.06,20.3,52.08,321.19,0,0,1,0,0,0,1,0,0,0,0,0,1,0,0,0,1,0
50,89,102,5.9,33.04,37.12,1587.57,0,0,1,0,0,0,1,0,0,0,0,0,1,0,0,0,1,0
56,42,35,4.82,35.87,88.65,494.09,0,0,1,0,0,0,1,0,0,0,0,0,1,0,0,0,1,0
141,60,59,6.72,10.05,42.41,1701.92,0,0,1,0,0,0,1,0,0,0,0,0,1,0,0,0,1,0
52,83,130,8.18,23.88,81.59,2674.56,0,0,1,0,0,0,1,0,0,0,0,0,1,0,0,0,1,0
61,46,139,6.6,21.6,66.65,1121.86,0,0,1,0,0,0,1,0,0,0,0,0,1,0,0,0,1,0
33,83,96,7.43,17.11,40.86,323.59,0,0,1,0,0,0,1,0,0,0,0,0,1,0,0,0,1,0
116,77,125,7.56,23.02,52.22,890.91,0,0,1,0,0,0,1,0,0,0,0,0,1,0,0,0,1,0
85,34,25,7.39,28.61,43.86,851.31,0,0,1,0,0,0,1,0,0,0,0,0,1,0,0,0,1,0
176,86,33,4.9,31.61,82.85,1129.87,0,0,1,0,0,0,1,0,0,0,0,0,1,0,0,0,1,0
117,27,145,7.68,35.6,68.98,903.38,0,0,1,0,0,0,1,0,0,0,0,0,1,0,0,0,1,0
135,76,38,7.84,25.59,77.01,1608.52,0,0,1,0,0,0,1,0,0,0,0,0,1,0,0,0,1,0
127,51,40,6.72,35.75,47.71,1688.75,0,0,1,0,0,0,1,0,0,0,0,0,1,0,0,0,1,0
148,88,133,5.06,34.35,62.87,1005.94,0,0,1,0,0,0,1,0,0,0,0,0,1,0,0,0,1,0
118,97,36,5.37,18.1,36.62,1165.23,0,0,1,0,0,0,1,0,0,0,0,0,1,0,0,0,1,0
105,36,114,6.3,33.43,48.66,1519.12,0,0,1,0,0,0,1,0,0,0,0,0,1,0,0,0,1,0
39,24,48,6.34,38.53,54.87,869.41,0,0,1,0,0,0,1,0,0,0,0,0,1,0,0,0,1,0
158,29,144,6.17,35.57,61.82,1223.54,0,0,1,0,0,0,0,1,0,0,0,0,1,1,0,0,0,0
87,58,39,6.32,14.0,56.88,870.93,0,0,1,0,0,0,0,1,0,0,0,0,1,1,0,0,0,0
129,89,147,5.88,31.54,59.78,2699.52,0,0,1,0,0,0,0,1,0,0,0,0,1,1,0,0,0,0
101,35,95,7.48,12.27,37.64,2236.84,0,0,1,0,0,0,0,1,0,0,0,0,1,1,0,0,0,0
174,59,127,8.16,33.92,53.28,1170.08,0,0,1,0,0,0,0,1,0,0,0,0,1,1,0,0,0,0
146,86,147,5.98,12.59,45.71,716.81,0,0,1,0,0,0,0,1,0,0,0,0,1,1,0,0,0,0
40,35,34,5.86,18.68,44.33,887.64,0,0,1,0,0,0,0,1,0,0,0,0,1,1,0,0,0,0
33,68,145,5.56,18.12,82.88,686.92,0,0,1,0,0,0,0,1,0,0,0,0,1,1,0,0,0,0
120,74,32,7.62,34.11,39.6,1034.93,0,0,1,0,0,0,0,1,0,0,0,0,1,1,0,0,0,0
68,43,22,5.34,25.1,41.51,1877.27,0,0,1,0,0,0,0,1,0,0,0,0,1,1,0,0,0,0
71,99,84,5.94,35.72,61.74,303.14,0,0,1,0,0,0,0,1,0,0,0,0,1,1,0,0,0,0
94,90,148,7.37,38.24,44.81,481.72,0,0,1,0,0,0,0,1,0,0,0,0,1,1,0,0,0,0
63,73,86,6.23,39.22,77.59,454.71,0,0,1,0,0,0,0,1,0,0,0,0,1,1,0,0,0,0
146,49,135,5.36,20.63,57.15,869.88,0,0,1,0,0,0,0,1,0,0,0,0,1,1,0,0,0,0
114,67,95,6.75,23.36,78.74,805.92,0,0,1,0,0,0,0,1,0,0,0,0,1,1,0,0,0,0
54,71,137,5.8,37.63,44.9,678.25,0,0,1,0,0,0,0,1,0,0,0,0,1,1,0,0,0,0
51,62,118,7.97,25.78,59.58,1879.89,0,0,1,0,0,0,0,1,0,0,0,0,1,1,0,0,0,0
32,78,107,7.01,17.91,87.49,886.18,0,0,1,0,0,0,0,1,0,0,0,0,1,1,0,0,0,0
142,35,45,5.99,21.61,59.54,2364.13,0,0,1,0,0,0,0,1,0,0,0,0,1,1,0,0,0,0
66,88,58,6.08,28.66,44.49,413.59,0,0,1,0,0,0,0,1,0,0,0,0,1,1,0,0,0,0
167,52,72,8.13,31.35,67.58,1753.6,0,0,1,0,0,0,0,1,0,0,0,0,1,1,0,0,0,0
68,44,137,5.16,26.57,66.66,416.19,0,0,1,0,0,0,0,1,0,0,0,0,1,1,0,0,0,0
108,79,149,7.75,15.25,70.45,1355.91,0,0,1,0,0,0,0,1,0,0,0,0,1,1,0,0,0,0
118,60,42,6.71,28.32,60.55,455.67,0,0,1,0,0,0,0,1,0,0,0,0,1,1,0,0,0,0
143,78,45,7.99,15.87,46.87,2108.64,0,0,1,0,0,0,0,1,0,0,0,0,1,1,0,0,0,0
104,90,33,4.84,21.12,54.7,2690.3,0,0,1,0,0,0,0,1,0,0,0,0,1,1,0,0,0,0
57,82,22,6.54,11.29,59.44,2789.44,0,0,1,0,0,0,0,1,0,0,0,0,1,1,0,0,0,0
145,62,130,5.7,15.76,57.5,1659.85,0,0,1,0,0,0,0,1,0,0,0,0,1,1,0,0,0,0
159,35,41,5.94,33.84,32.3,843.05,0,0,0,1,1,0,0,0,1,0,0,0,0,0,0,1,0,0
104,61,83,7.77,25.7,47.33,726.59,0,0,0,1,1,0,0,0,1,0,0,0,0,0,0,1,0,0
71,61,49,7.31,17.17,52.75,2771.23,0,0,0,1,1,0,0,0,1,0,0,0,0,0,0,1,0,0
110,95,145,7.53,37.87,33.5,1244.87,0,0,0,1,1,0,0,0,1,0,0,0,0,0,0,1,0,0
179,54,37,6.85,19.4,64.91,2720.13,0,0,0,1,1,0,0,0,1,0,0,0,0,0,0,1,0,0
109,86,96,6.83,15.17,42.92,2733.02,0,0,0,1,1,0,0,0,1,0,0,0,0,0,0,1,0,0
166,52,36,5.67,20.73,54.19,2614.6,0,0,0,1,1,0,0,0,1,0,0,0,0,0,0,1,0,0
70,22,48,7.86,16.96,41.2,2153.6,0,0,0,1,1,0,0,0,1,0,0,0,0,0,0,1,0,0
136,34,131,6.15,27.86,39.8,611.73,0,0,0,1,1,0,0,0,1,0,0,0,0,0,0,1,0,0
31,32,50,6.91,33.95,73.1,1492.87,0,0,0,1,1,0,0,0,1,0,0,0,0,0,0,1,0,0
32,38,49,6.93,20.81,49.65,1096.93,0,0,0,1,1,0,0,0,1,0,0,0,0,0,0,1,0,0
165,66,33,7.1,17.28,53.69,1525.81,0,0,0,1,1,0,0,0,1,0,0,0,0,0,0,1,0,0
139,35,51,7.63,21.64,77.79,2727.08,0,0,0,1,1,0,0,0,1,0,0,0,0,0,0,1,0,0
128,89,54,6.9,25.83,79.69,776.79,0,0,0,1,1,0,0,0,1,0,0,0,0,0,0,1,0,0
158,78,31,5.1,22.39,86.04,2375.19,0,0,0,1,1,0,0,0,1,0,0,0,0,0,0,1,0,0
151,28,103,6.83,19.6,39.06,2178.37,0,0,0,1,1,0,0,0,1,0,0,0,0,0,0,1,0,0
67,15,121,5.73,37.77,50.88,1580.01,0,0,0,1,1,0,0,0,1,0,0,0,0,0,0,1,0,0
96,86,38,5.55,14.07,54.04,396.33,0,0,0,1,1,0,0,0,1,0,0,0,0,0,0,1,0,0
36,37,138,7.58,17.1,75.29,1039.18,0,0,0,1,1,0,0,0,1,0,0,0,0,0,0,1,0,0
84,63,125,7.65,26.69,84.77,724.72,0,0,0,1,1,0,0,0,1,0,0,0,0,0,0,1,0,0
99,24,121,5.45,32.32,55.76,1259.15,0,0,0,1,1,0,0,0,1,0,0,0,0,0,0,1,0,0
166,85,63,5.68,33.61,53.02,688.08,0,0,0,1,1,0,0,0,1,0,0,0,0,0,0,1,0,0
139,29,72,6.09,24.35,86.32,2538.11,0,0,0,1,1,0,0,0,1,0,0,0,0,0,0,1,0,0
39,34,33,7.44,29.0,76.85,2005.28,0,0,0,1,1,0,0,0,1,0,0,0,0,0,0,1,0,0
136,23,119,6.16,37.26,33.09,1771.02,0,0,0,1,1,0,0,0,1,0,0,0,0,0,0,1,0,0
154,81,46,6.61,39.74,69.47,2444.5,0,0,0,1,1,0,0,0,1,0,0,0,0,0,0,1,0,0
156,34,101,6.37,21.71,59.53,1451.98,0,0,0,1,1,0,0,0,1,0,0,0,0,0,0,1,0,0
95,19,135,6.14,27.22,54.21,2606.67,0,0,0,1,1,0,0,0,1,0,0,0,0,0,0,1,0,0
176,53,91,5.52,20.4,88.56,2107.09,0,0,0,1,1,0,0,0,1,0,0,0,0,0,0,1,0,0
114,66,73,5.31,12.67,67.74,2753.29,0,0,0,1,1,0,0,0,1,0,0,0,0,0,0,1,0,0
101,96,120,7.4,11.03,54.08,2263.79,0,0,0,1,0,1,0,0,1,0,0,0,0,0,0,1,0,0
77,29,24,6.79,18.96,30.08,738.36,0,0,0,1,0,1,0,0,1,0,0,0,0,0,0,1,0,0
161,82,73,5.82,34.86,34.65,2762.99,0,0,0,1,0,1,0,0,1,0,0,0,0,0,0,1,0,0
142,79,120,5.3,32.52,56.67,1966.73,0,0,0,1,0,1,0,0,1,0,0,0,0,0,0,1,0,0
127,58,69,8.03,38.1,44.55,1830.29,0,0,0,1,0,1,0,0,1,0,0,0,0,0,0,1,0,0
168,20,79,7.35,27.73,30.32,1549.06,0,0,0,1,0,1,0,0,1,0,0,0,0,0,0,1,0,0
118,92,147,5.75,36.84,88.42,2228.79,0,0,0,1,0,1,0,0,1,0,0,0,0,0,0,1,0,0
71,61,41,6.53,17.19,40.48,1071.39,0,0,0,1,0,1,0,0,1,0,0,0,0,0,0,1,0,0
110,37,135,5.64,16.53,89.88,2177.07,0,0,0,1,0,1,0,0,1,0,0,0,0,0,0,1,0,0
73,72,48,6.2,18.0,88.3,1013.42,0,0,0,1,0,1,0,0,1,0,0,0,0,0,0,1,0,0
108,57,119,4.97,22.62,64.88,497.05,0,0,0,1,0,1,0,0,1,0,0,0,0,0,0,1,0,0
141,46,77,5.89,19.51,46.14,1475.55,0,0,0,1,0,1,0,0,1,0,0,0,0,0,0,1,0,0
77,42,131,7.63,17.28,51.51,2151.44,0,0,0,1,0,1,0,0,1,0,0,0,0,0,0,1,0,0
92,30,75,5.39,29.96,85.38,1679.32,0,0,0,1,0,1,0,0,1,0,0,0,0,0,0,1,0,0
176,72,147,6.08,27.22,85.33,1568.07,0,0,0,1,0,1,0,0,1,0,0,0,0,0,0,1,0,0
65,47,136,7.25,31.68,59.47,2599.98,0,0,0,1,0,1,0,0,1,0,0,0,0,0,0,1,0,0
108,28,114,7.1,16.69,82.58,1638.12,0,0,0,1,0,1,0,0,1,0,0,0,0,0,0,1,0,0
83,84,95,7.41,24.53,47.71,866.62,0,0,0,1,0,1,0,0,1,0,0,0,0,0,0,1,0,0
156,55,61,7.05,35.65,88.43,2543.55,0,0,0,1,0,1,0,0,1,0,0,0,0,0,0,1,0,0
140,15,79,6.19,29.0,89.75,925.05,0,0,0,1,0,1,0,0,1,0,0,0,0,0,0,1,0,0
64,48,35,5.19,20.69,32.26,1071.96,0,0,0,1,0,1,0,0,1,0,0,0,0,0,0,1,0,0
106,71,76,6.69,22.56,40.69,1388.79,0,0,0,1,0,1,0,0,1,0,0,0,0,0,0,1,0,0
96,60,107,6.61,24.59,63.89,2264.59,0,0,0,1,0,1,0,0,1,0,0,0,0,0,0,1,0,0
76,47,137,5.44,16.81,79.22,2435.4,0,0,0,1,0,1,0,0,1,0,0,0,0,0,0,1,0,0
161,70,64,6.29,26.23,37.29,384.27,0,0,0,1,0,1,0,0,1,0,0,0,0,0,0,1,0,0
110,25,23,8.2,23.83,33.39,2346.29,0,0,0,1,0,1,0,0,1,0,0,0,0,0,0,1,0,0
37,31,49,4.92,32.62,30.07,2793.27,0,0,0,1,0,1,0,0,1,0,0,0,0,0,0,1,0,0
119,70,146,8.13,29.55,48.51,1907.96,0,0,0,1,0,1,0,0,1,0,0,0,0,0,0,1,0,0
143,92,122,5.91,21.45,62.11,1173.27,0,0,0,1,0,1,0,0,1,0,0,0,0,0,0,1,0,0
61,27,93,4.8,30.46,38.3,1734.46,0,0,0,1,0,1,0,0,1,0,0,0,0,0,0,1,0,0
116,52,143,5.07,39.27,76.25,1305.93,0,0,0,1,0,1,0,0,1,0,0,0,0,0,0,1,0,0
57,42,143,6.38,22.85,45.12,1514.98,0,0,0,1,0,1,0,0,1,0,0,0,0,0,0,1,0,0
169,96,110,7.22,15.95,36.84,2579.73,0,0,0,1,0,0,1,0,1,0,0,0,0,0,0,0,0,1
144,41,51,4.94,38.96,68.3,983.68,0,0,0,1,0,0,1,0,1,0,0,0,0,0,0,0,0,1
34,38,105,5.64,11.91,73.04,856.14,0,0,0,1,0,0,1,0,1,0,0,0,0,0,0,0,0,1
38,37,104,6.07,36.2,32.03,2786.91,0,0,0,1,0,0,1,0,1,0,0,0,0,0,0,0,0,1
102,79,108,7.31,15.44,42.42,1552.51,0,0,0,1,0,0,1,0,1,0,0,0,0,0,0,0,0,1
38,16,48,6.21,10.49,88.05,705.35,0,0,0,1,0,0,1,0,1,0,0,0,0,0,0,0,0,1
173,89,26,5.03,30.88,31.37,1427.09,0,0,0,1,0,0,1,0,1,0,0,0,0,0,0,0,0,1
116,95,94,6.6,31.97,48.38,1810.79,0,0,0,1,0,0,1,0,1,0,0,0,0,0,0,0,0,1
114,62,145,6.37,29.42,63.45,2342.13,0,0,0,1,0,0,1,0,1,0,0,0,0,0,0,0,0,1
80,66,64,6.21,12.32,54.42,811.59,0,0,0,1,0,0,1,0,1,0,0,0,0,0,0,0,0,1
123,81,111,7.06,29.39,73.41,2083.95,0,0,0,1,0,0,1,0,1,0,0,0,0,0,0,0,0,1
151,93,115,6.45,15.57,39.84,2494.32,0,0,0,1,0,0,1,0,1,0,0,0,0,0,0,0,0,1
101,87,79,7.79,26.98,41.83,882.37,0,0,0,1,0,0,1,0,1,0,0,0,0,0,0,0,0,1
47,54,44,6.85,31.44,71.69,2466.11,0,0,0,1,0,0,1,0,1,0,0,0,0,0,0,0,0,1
92,71,49,7.03,25.32,44.85,614.56,0,0,0,1,0,0,1,0,1,0,0,0,0,0,0,0,0,1
53,40,45,6.32,26.2,43.14,757.77,0,0,0,1,0,0,1,0,1,0,0,0,0,0,0,0,0,1
144,74,68,5.73,23.15,47.39,2547.89,0,0,0,1,0,0,1,0,1,0,0,0,0,0,0,0,0,1
94,81,65,6.24,28.29,47.8,2307.38,0,0,0,1,0,0,1,0,1,0,0,0,0,0,0,0,0,1
35,62,82,7.54,23.65,82.22,2717.93,0,0,0,1,0,0,1,0,1,0,0,0,0,0,0,0,0,1
95,26,57,7.14,27.45,36.72,1499.48,0,0,0,1,0,0,1,0,1,0,0,0,0,0,0,0,0,1
144,21,67,5.63,18.17,44.18,2734.94,0,0,0,1,0,0,1,0,1,0,0,0,0,0,0,0,0,1
119,39,125,6.46,16.66,54.42,1950.4,0,0,0,1,0,0,1,0,1,0,0,0,0,0,0,0,0,1
144,86,68,7.69,11.27,77.99,2699.48,0,0,0,1,0,0,1,0,1,0,0,0,0,0,0,0,0,1
159,60,90,6.58,33.62,38.78,1629.0,0,0,0,1,0,0,0,1,1,0,0,0,0,1,0,0,0,0
76,52,53,8.04,23.97,74.16,1058.72,0,0,0,1,0,0,0,1,1,0,0,0,0,1,0,0,0,0
151,84,40,5.45,18.77,69.55,2041.35,0,0,0,1,0,0,0,1,1,0,0,0,0,1,0,0,0,0
104,23,67,5.99,10.39,44.21,1718.77,0,0,0,1,0,0,0,1,1,0,0,0,0,1,0,0,0,0
155,95,117,7.9,28.38,82.24,2536.06,0,0,0,1,0,0,0,1,1,0,0,0,0,1,0,0,0,0
160,24,114,8.14,30.46,55.45,2168.76,0,0,0,1,0,0,0,1,1,0,0,0,0,1,0,0,0,0
99,40,30,7.99,13.24,80.02,1341.08,0,0,0,1,0,0,0,1,1,0,0,0,0,1,0,0,0,0
99,50,59,7.57,22.19,35.9,1093.06,0,0,0,1,0,0,0,1,1,0,0,0,0,1,0,0,0,0
145,94,140,6.81,21.01,35.98,779.86,0,0,0,1,0,0,0,1,1,0,0,0,0,1,0,0,0,0
81,83,36,5.46,25.63,56.22,378.55,0,0,0,1,0,0,0,1,1,0,0,0,0,1,0,0,0,0
57,15,91,6.8,34.8,86.8,1856.62,0,0,0,1,0,0,0,1,1,0,0,0,0,1,0,0,0,0
138,49,147,5.15,39.09,59.88,1947.82,0,0,0,1,0,0,0,1,1,0,0,0,0,1,0,0,0,0
79,65,28,7.98,17.62,57.63,815.89,0,0,0,1,0,0,0,1,1,0,0,0,0,1,0,0,0,0
85,71,119,7.11,14.34,82.31,329.14,0,0,0,1,0,0,0,1,1,0,0,0,0,1,0,0,0,0
35,76,146,7.45,11.14,34.2,1958.91,0,0,0,1,0,0,0,1,1,0,0,0,0,1,0,0,0,0
112,55,125,7.57,11.05,58.52,779.24,0,0,0,1,0,0,0,1,1,0,0,0,0,1,0,0,0,0
38,97,38,7.92,35.54,73.61,1887.81,0,0,0,1,0,0,0,1,1,0,0,0,0,1,0,0,0,0
112,61,101,5.84,29.01,64.97,714.42,0,0,0,1,0,0,0,1,1,0,0,0,0,1,0,0,0,0
74,95,80,6.98,10.05,62.06,2356.02,0,0,0,1,0,0,0,1,1,0,0,0,0,1,0,0,0,0
50,54,49,4.83,22.06,82.42,2125.18,0,0,0,1,0,0,0,1,1,0,0,0,0,1,0,0,0,0
86,23,77,5.23,32.68,82.74,560.45,0,0,0,1,0,0,0,1,1,0,0,0,0,1,0,0,0,0
116,38,48,6.15,37.1,57.87,2282.33,0,0,0,1,0,0,0,1,1,0,0,0,0,1,0,0,0,0
57,27,43,7.38,16.01,59.7,1654.09,0,0,0,1,0,0,0,1,1,0,0,0,0,1,0,0,0,0
68,70,110,5.18,35.81,48.9,2199.3,0,0,0,1,0,0,0,1,1,0,0,0,0,1,0,0,0,0
43,39,144,4.98,24.07,31.81,429.4,0,0,0,1,0,0,0,1,1,0,0,0,0,1,0,0,0,0
94,93,23,5.09,11.33,75.79,854.91,0,0,0,1,0,0,0,1,1,0,0,0,0,1,0,0,0,0
58,37,147,5.41,24.9,77.28,807.27,0,0,0,1,0,0,0,1,1,0,0,0,0,1,0,0,0,0
36,33,121,5.77,16.29,72.92,925.81,0,0,0,1,0,0,0,1,1,0,0,0,0,1,0,0,0,0
84,67,110,6.16,26.17,72.31,2018.34,0,0,0,1,0,0,0,1,1,0,0,0,0,1,0,0,0,0
159,86,32,5.96,17.72,66.98,826.4,0,0,0,1,1,0,0,0,0,1,0,0,0,1,0,0,0,0
143,78,116,7.5,30.08,55.33,2723.98,0,0,0,1,1,0,0,0,0,1,0,0,0,1,0,0,0,0
130,62,122,7.95,19.46,87.39,1462.1,0,0,0,1,1,0,0,0,0,1,0,0,0,1,0,0,0,0
67,74,149,7.92,36.53,83.91,2089.28,0,0,0,1,1,0,0,0,0,1,0,0,0,1,0,0,0,0
108,46,97,6.56,29.5,80.12,819.41,0,0,0,1,1,0,0,0,0,1,0,0,0,1,0,0,0,0
150,47,74,6.55,26.66,35.74,2615.17,0,0,0,1,1,0,0,0,0,1,0,0,0,1,0,0,0,0
138,32,74,7.82,13.22,30.33,1948.92,0,0,0,1,1,0,0,0,0,1,0,0,0,1,0,0,0,0
160,35,102,7.84,37.92,64.27,2692.23,0,0,0,1,1,0,0,0,0,1,0,0,0,1,0,0,0,0
80,87,83,5.98,11.81,88.85,2058.61,0,0,0,1,1,0,0,0,0,1,0,0,0,1,0,0,0,0
165,29,107,7.63,18.54,31.72,1197.74,0,0,0,1,1,0,0,0,0,1,0,0,0,1,0,0,0,0
130,35,99,5.53,13.92,81.46,1710.01,0,0,0,1,1,0,0,0,0,1,0,0,0,1,0,0,0,0
104,18,121,7.27,27.16,36.84,2280.91,0,0,0,1,1,0,0,0,0,1,0,0,0,1,0,0,0,0
69,58,81,6.78,12.69,57.21,2415.58,0,0,0,1,1,0,0,0,0,1,0,0,0,1,0,0,0,0
74,23,99,4.97,35.13,78.33,2327.16,0,0,0,1,1,0,0,0,0,1,0,0,0,1,0,0,0,0
136,88,25,6.44,37.51,74.91,356.74,0,0,0,1,1,0,0,0,0,1,0,0,0,1,0,0,0,0
153,39,77,6.43,36.91,35.45,2165.52,0,0,0,1,1,0,0,0,0,1,0,0,0,1,0,0,0,0
158,61,20,6.63,17.78,43.11,659.83,0,0,0,1,1,0,0,0,0,1,0,0,0,1,0,0,0,0
116,82,52,6.76,31.42,69.2,2586.34,0,0,0,1,1,0,0,0,0,1,0,0,0,1,0,0,0,0
72,45,119,5.54,33.58,58.68,2126.65,0,0,0,1,1,0,0,0,0,1,0,0,0,1,0,0,0,0
66,78,149,7.64,31.78,50.28,1392.18,0,0,0,1,1,0,0,0,0,1,0,0,0,1,0,0,0,0
109,84,61,6.54,22.59,72.58,1588.72,0,0,0,1,1,0,0,0,0,1,0,0,0,1,0,0,0,0
56,34,59,5.9,22.42,87.33,2207.3,0,0,0,1,1,0,0,0,0,1,0,0,0,1,0,0,0,0
147,28,26,5.67,10.16,83.85,2068.15,0,0,0,1,1,0,0,0,0,1,0,0,0,1,0,0,0,0
126,76,128,8.08,10.27,47.79,1445.03,0,0,0,1,1,0,0,0,0,1,0,0,0,1,0,0,0,0
39,94,63,7.42,12.1,42.12,1962.01,0,0,0,1,1,0,0,0,0,1,0,0,0,1,0,0,0,0
87,56,56,7.64,27.79,53.78,1364.08,0,0,0,1,1,0,0,0,0,1,0,0,0,1,0,0,0,0
116,49,31,8.14,25.31,57.84,793.49,0,0,0,1,0,1,0,0,0,1,0,0,0,1,0,0,0,0
174,97,105,4.86,37.58,51.65,1319.42,0,0,0,1,0,1,0,0,0,1,0,0,0,1,0,0,0,0
174,47,120,7.05,37.55,55.37,1909.0,0,0,0,1,0,1,0,0,0,1,0,0,0,1,0,0,0,0
108,93,63,7.23,32.34,85.6,2246.31,0,0,0,1,0,1,0,0,0,1,0,0,0,1,0,0,0,0
30,27,96,6.17,33.38,69.64,1745.21,0,0,0,1,0,1,0,0,0,1,0,0,0,1,0,0,0,0
59,92,68,5.9,11.95,89.64,2266.72,0,0,0,1,0,1,0,0,0,1,0,0,0,1,0,0,0,0
165,66,122,5.4,33.31,34.0,838.83,0,0,0,1,0,1,0,0,0,1,0,0,0,1,0,0,0,0
148,32,105,5.44,18.26,34.77,1357.07,0,0,0,1,0,1,0,0,0,1,0,0,0,1,0,0,0,0
78,61,35,5.89,26.51,35.52,1706.25,0,0,0,1,0,1,0,0,0,1,0,0,0,1,0,0,0,0
171,98,143,5.82,30.83,73.43,2424.22,0,0,0,1,0,1,0,0,0,1,0,0,0,1,0,0,0,0
65,49,59,7.69,36.55,80.54,477.84,0,0,0,1,0,1,0,0,0,1,0,0,0,1,0,0,0,0
44,35,23,5.07,29.69,43.66,2362.48,0,0,0,1,0,1,0,0,0,1,0,0,0,1,0,0,0,0
41,73,73,8.05,31.15,79.89,2619.88,0,0,0,1,0,1,0,0,0,1,0,0,0,1,0,0,0,0
84,45,68,6.54,39.05,70.67,1831.78,0,0,0,1,0,1,0,0,0,1,0,0,0,1,0,0,0,0
35,19,93,7.0,38.22,61.89,2230.9,0,0,0,1,0,1,0,0,0,1,0,0,0,1,0,0,0,0
118,95,25,5.78,17.82,50.66,776.61,0,0,0,1,0,1,0,0,0,1,0,0,0,1,0,0,0,0
153,47,63,7.2,23.11,47.84,1497.45,0,0,0,1,0,1,0,0,0,1,0,0,0,1,0,0,0,0
86,22,70,7.23,32.94,42.5,2439.3,0,0,0,1,0,1,0,0,0,1,0,0,0,1,0,0,0,0
130,19,45,6.69,32.73,33.6,748.57,0,0,0,1,0,1,0,0,0,1,0,0,0,1,0,0,0,0
62,53,83,5.62,13.25,80.13,2111.7,0,0,0,1,0,1,0,0,0,1,0,0,0,1,0,0,0,0
153,46,96,4.83,37.33,80.09,2051.68,0,0,0,1,0,1,0,0,0,1,0,0,0,1,0,0,0,0
152,59,50,7.58,20.64,51.64,1786.86,0,0,0,1,0,1,0,0,0,1,0,0,0,1,0,0,0,0
86,56,20,6.4,24.3,77.13,2631.09,0,0,0,1,0,1,0,0,0,1,0,0,0,1,0,0,0,0
157,45,131,6.27,19.85,38.06,1726.77,0,0,0,1,0,0,1,0,0,1,0,0,0,0,0,0,0,1
71,35,94,6.42,18.76,80.91,2511.74,0,0,0,1,0,0,1,0,0,1,0,0,0,0,0,0,0,1
165,58,105,5.74,39.53,63.44,2108.3,0,0,0,1,0,0,1,0,0,1,0,0,0,0,0,0,0,1
38,71,49,6.3,25.07,53.47,1703.03,0,0,0,1,0,0,1,0,0,1,0,0,0,0,0,0,0,1
83,38,58,6.95,17.41,61.15,330.45,0,0,0,1,0,0,1,0,0,1,0,0,0,0,0,0,0,1
143,75,103,7.51,23.29,64.33,1721.46,0,0,0,1,0,0,1,0,0,1,0,0,0,0,0,0,0,1
164,31,62,7.15,26.64,34.09,654.63,0,0,0,1,0,0,1,0,0,1,0,0,0,0,0,0,0,1
76,72,95,5.04,12.39,59.83,1917.78,0,0,0,1,0,0,1,0,0,1,0,0,0,0,0,0,0,1
164,55,77,5.62,11.61,35.4,2727.44,0,0,0,1,0,0,1,0,0,1,0,0,0,0,0,0,0,1
111,84,80,6.92,11.73,55.96,696.41,0,0,0,1,0,0,1,0,0,1,0,0,0,0,0,0,0,1
90,82,20,4.99,15.54,47.81,454.52,0,0,0,1,0,0,1,0,0,1,0,0,0,0,0,0,0,1
124,37,45,4.96,25.43,81.11,2762.49,0,0,0,1,0,0,1,0,0,1,0,0,0,0,0,0,0,1
172,59,84,6.95,38.75,50.94,2090.54,0,0,0,1,0,0,1,0,0,1,0,0,0,0,0,0,0,1
135,77,85,4.97,33.28,44.68,2313.71,0,0,0,1,0,0,1,0,0,1,0,0,0,0,0,0,0,1
58,50,125,6.66,15.72,64.91,1541.12,0,0,0,1,0,0,1,0,0,1,0,0,0,0,0,0,0,1
128,22,84,6.57,15.19,71.53,1279.87,0,0,0,1,0,0,1,0,0,1,0,0,0,0,0,0,0,1
72,15,75,7.39,33.92,89.89,330.54,0,0,0,1,0,0,1,0,0,1,0,0,0,0,0,0,0,1
178,49,27,8.05,34.74,65.53,490.31,0,0,0,1,0,0,1,0,0,1,0,0,0,0,0,0,0,1
33,93,114,5.73,32.33,83.16,2387.05,0,0,0,1,0,0,1,0,0,1,0,0,0,0,0,0,0,1
142,86,50,7.6,36.94,48.65,2324.08,0,0,0,1,0,0,1,0,0,1,0,0,0,0,0,0,0,1
113,33,61,5.44,23.53,57.36,1595.73,0,0,0,1,0,0,1,0,0,1,0,0,0,0,0,0,0,1
59,18,121,8.05,38.34,30.6,2155.65,0,0,0,1,0,0,1,0,0,1,0,0,0,0,0,0,0,1
159,45,129,6.77,17.15,85.79,2364.75,0,0,0,1,0,0,1,0,0,1,0,0,0,0,0,0,0,1
33,64,37,6.18,20.98,84.44,2415.24,0,0,0,1,0,0,1,0,0,1,0,0,0,0,0,0,0,1
83,59,51,5.85,30.43,33.33,1913.41,0,0,0,1,0,0,1,0,0,1,0,0,0,0,0,0,0,1
48,98,139,6.15,20.43,66.34,1487.28,0,0,0,1,0,0,1,0,0,1,0,0,0,0,0,0,0,1
150,51,91,7.0,21.42,64.44,2484.76,0,0,0,1,0,0,1,0,0,1,0,0,0,0,0,0,0,1
56,76,118,5.04,20.8,72.12,689.31,0,0,0,1,0,0,1,0,0,1,0,0,0,0,0,0,0,1
174,97,139,6.92,29.57,52.81,2240.19,0,0,0,1,0,0,1,0,0,1,0,0,0,0,0,0,0,1
138,62,84,8.14,16.29,49.63,1655.63,0,0,0,1,0,0,1,0,0,1,0,0,0,0,0,0,0,1
160,40,50,5.68,34.43,57.46,2583.93,0,0,0,1,0,0,1,0,0,1,0,0,0,0,0,0,0,1
153,53,51,5.09,32.65,63.43,2087.47,0,0,0,1,0,0,1,0,0,1,0,0,0,0,0,0,0,1
142,26,42,5.59,19.34,76.57,2019.59,0,0,0,1,0,0,1,0,0,1,0,0,0,0,0,0,0,1
100,47,99,7.56,35.38,40.46,804.12,0,0,0,1,0,0,1,0,0,1,0,0,0,0,0,0,0,1
157,98,93,4.99,38.66,76.25,2069.97,0,0,0,1,0,0,1,0,0,1,0,0,0,0,0,0,0,1
97,22,98,6.77,22.99,86.46,864.7,0,0,0,1,0,0,1,0,0,1,0,0,0,0,0,0,0,1
56,44,36,6.45,28.87,54.26,1300.9,0,0,0,1,0,0,1,0,0,1,0,0,0,0,0,0,0,1
104,76,149,5.8,22.79,55.86,1722.13,0,0,0,1,0,0,1,0,0,1,0,0,0,0,0,0,0,1
79,17,82,5.35,12.11,54.22,877.83,0,0,0,1,0,0,1,0,0,1,0,0,0,0,0,0,0,1
45,41,78,6.2,32.01,43.88,465.16,0,0,0,1,0,0,0,1,0,1,0,0,0,1,0,0,0,0
130,43,93,6.38,15.93,45.15,1070.41,0,0,0,1,0,0,0,1,0,1,0,0,0,1,0,0,0,0
129,67,53,6.54,22.16,44.27,1762.8,0,0,0,1,0,0,0,1,0,1,0,0,0,1,0,0,0,0
172,85,139,6.07,15.92,86.06,1390.86,0,0,0,1,0,0,0,1,0,1,0,0,0,1,0,0,0,0
44,70,54,7.08,33.66,39.75,644.74,0,0,0,1,0,0,0,1,0,1,0,0,0,1,0,0,0,0
123,37,49,5.43,23.07,80.44,1794.05,0,0,0,1,0,0,0,1,0,1,0,0,0,1,0,0,0,0
63,61,119,5.87,11.52,55.68,2735.77,0,0,0,1,0,0,0,1,0,1,0,0,0,1,0,0,0,0
73,64,99,6.09,21.22,41.54,1376.1,0,0,0,1,0,0,0,1,0,1,0,0,0,1,0,0,0,0
46,43,41,7.91,23.49,72.27,2470.54,0,0,0,1,0,0,0,1,0,1,0,0,0,1,0,0,0,0
147,56,37,6.43,35.1,57.83,496.91,0,0,0,1,0,0,0,1,0,1,0,0,0,1,0,0,0,0
163,33,77,5.92,23.02,73.97,506.88,0,0,0,1,0,0,0,1,0,1,0,0,0,1,0,0,0,0
139,24,110,6.06,35.92,39.59,1967.65,0,0,0,1,0,0,0,1,0,1,0,0,0,1,0,0,0,0
57,90,128,7.4,33.41,47.87,1684.18,0,0,0,1,0,0,0,1,0,1,0,0,0,1,0,0,0,0
48,77,38,7.2,11.73,77.81,1643.96,0,0,0,1,0,0,0,1,0,1,0,0,0,1,0,0,0,0
66,42,57,6.77,34.72,82.81,1735.37,0,0,0,1,0,0,0,1,0,1,0,0,0,1,0,0,0,0
173,43,20,5.18,20.04,54.43,1037.59,0,0,0,1,0,0,0,1,0,1,0,0,0,1,0,0,0,0
100,16,135,6.58,25.82,55.01,1020.4,0,0,0,1,0,0,0,1,0,1,0,0,0,1,0,0,0,0
171,92,110,8.0,33.85,79.58,671.5,0,0,0,1,0,0,0,1,0,1,0,0,0,1,0,0,0,0
42,73,40,7.93,22.28,45.8,2615.31,0,0,0,1,0,0,0,1,0,1,0,0,0,1,0,0,0,0
126,47,135,4.8,39.68,45.0,1990.84,0,0,0,1,1,0,0,0,0,0,1,0,0,1,0,0,0,0
169,35,100,6.72,19.19,57.16,2748.77,0,0,0,1,1,0,0,0,0,0,1,0,0,1,0,0,0,0
172,68,77,6.53,14.67,38.86,2584.67,0,0,0,1,1,0,0,0,0,0,1,0,0,1,0,0,0,0
106,70,31,6.58,12.59,79.43,2407.55,0,0,0,1,1,0,0,0,0,0,1,0,0,1,0,0,0,0
95,85,139,6.1,30.09,89.99,2550.75,0,0,0,1,1,0,0,0,0,0,1,0,0,1,0,0,0,0
167,76,135,5.69,26.57,53.67,603.59,0,0,0,1,1,0,0,0,0,0,1,0,0,1,0,0,0,0
40,28,39,7.04,31.57,56.46,768.8,0,0,0,1,1,0,0,0,0,0,1,0,0,1,0,0,0,0
174,19,69,6.64,35.34,39.1,1185.61,0,0,0,1,1,0,0,0,0,0,1,0,0,1,0,0,0,0
125,24,69,6.66,36.05,80.86,2521.55,0,0,0,1,1,0,0,0,0,0,1,0,0,1,0,0,0,0
129,35,72,7.15,18.26,83.4,2704.76,0,0,0,1,1,0,0,0,0,0,1,0,0,1,0,0,0,0
142,67,58,7.53,25.29,57.09,2182.43,0,0,0,1,1,0,0,0,0,0,1,0,0,1,0,0,0,0
109,78,149,5.36,29.36,52.29,1271.35,0,0,0,1,1,0,0,0,0,0,1,0,0,1,0,0,0,0
69,20,21,6.17,30.1,39.49,1858.56,0,0,0,1,1,0,0,0,0,0,1,0,0,1,0,0,0,0
165,32,67,4.9,11.24,40.7,2101.54,0,0,0,1,1,0,0,0,0,0,1,0,0,1,0,0,0,0
99,45,133,5.95,25.17,54.37,1864.01,0,0,0,1,1,0,0,0,0,0,1,0,0,1,0,0,0,0
87,67,103,7.5,24.12,47.61,2489.74,0,0,0,1,1,0,0,0,0,0,1,0,0,1,0,0,0,0
86,77,78,5.59,12.07,32.86,2529.66,0,0,0,1,1,0,0,0,0,0,1,0,0,1,0,0,0,0
127,67,110,6.81,12.39,62.55,1596.06,0,0,0,1,1,0,0,0,0,0,1,0,0,1,0,0,0,0
152,31,80,6.13,14.83,39.24,842.71,0,0,0,1,1,0,0,0,0,0,1,0,0,1,0,0,0,0
164,39,62,5.0,12.01,31.26,2524.4,0,0,0,1,1,0,0,0,0,0,1,0,0,1,0,0,0,0
117,51,120,5.14,38.07,68.74,1144.16,0,0,0,1,1,0,0,0,0,0,1,0,0,1,0,0,0,0
166,22,22,5.41,31.0,50.25,2018.68,0,0,0,1,1,0,0,0,0,0,1,0,0,1,0,0,0,0
66,86,144,5.37,17.32,62.93,914.83,0,0,0,1,1,0,0,0,0,0,1,0,0,1,0,0,0,0
64,48,148,6.89,29.9,58.64,2038.91,0,0,0,1,1,0,0,0,0,0,1,0,0,1,0,0,0,0
163,18,142,6.62,26.0,88.28,2049.28,0,0,0,1,1,0,0,0,0,0,1,0,0,1,0,0,0,0
146,76,74,7.25,18.84,81.11,2486.29,0,0,0,1,0,1,0,0,0,0,1,0,0,1,0,0,0,0
173,15,30,8.07,10.48,43.22,1445.69,0,0,0,1,0,1,0,0,0,0,1,0,0,1,0,0,0,0
63,54,80,6.83,20.47,80.17,2387.34,0,0,0,1,0,1,0,0,0,0,1,0,0,1,0,0,0,0
54,17,88,5.16,33.56,88.31,2032.76,0,0,0,1,0,1,0,0,0,0,1,0,0,1,0,0,0,0
36,76,95,5.2,19.17,82.63,1215.71,0,0,0,1,0,1,0,0,0,0,1,0,0,1,0,0,0,0
91,21,114,4.94,23.07,89.45,1730.12,0,0,0,1,0,1,0,0,0,0,1,0,0,1,0,0,0,0
88,71,34,6.68,24.85,84.84,831.03,0,0,0,1,0,1,0,0,0,0,1,0,0,1,0,0,0,0
49,30,95,6.87,36.25,85.18,2616.35,0,0,0,1,0,1,0,0,0,0,1,0,0,1,0,0,0,0
61,54,137,5.87,15.47,38.23,2559.23,0,0,0,1,0,1,0,0,0,0,1,0,0,1,0,0,0,0
35,38,105,7.86,22.36,64.88,929.45,0,0,0,1,0,1,0,0,0,0,1,0,0,1,0,0,0,0
73,52,42,4.95,17.93,86.65,865.63,0,0,0,1,0,1,0,0,0,0,1,0,0,1,0,0,0,0
80,85,87,6.24,25.39,40.3,2737.79,0,0,0,1,0,1,0,0,0,0,1,0,0,1,0,0,0,0
168,98,87,7.81,38.68,84.37,317.31,0,0,0,1,0,1,0,0,0,0,1,0,0,1,0,0,0,0
138,28,26,7.57,16.64,45.23,1928.93,0,0,0,1,0,1,0,0,0,0,1,0,0,1,0,0,0,0
88,55,100,5.53,22.57,73.13,736.24,0,0,0,1,0,1,0,0,0,0,1,0,0,1,0,0,0,0
96,31,50,6.22,38.11,89.63,758.34,0,0,0,1,0,1,0,0,0,0,1,0,0,1,0,0,0,0
179,30,75,6.63,35.91,35.23,1569.05,0,0,0,1,0,1,0,0,0,0,1,0,0,1,0,0,0,0
158,85,145,5.42,33.39,72.78,1955.41,0,0,0,1,0,1,0,0,0,0,1,0,0,1,0,0,0,0
114,19,28,4.97,31.51,49.95,2246.22,0,0,0,1,0,1,0,0,0,0,1,0,0,1,0,0,0,0
149,36,67,7.1,16.2,57.35,586.76,0,0,0,1,0,1,0,0,0,0,1,0,0,1,0,0,0,0
152,53,31,8.2,35.6,42.48,1236.27,0,0,0,1,0,1,0,0,0,0,1,0,0,1,0,0,0,0
108,83,95,6.32,16.8,85.48,1490.49,0,0,0,1,0,1,0,0,0,0,1,0,0,1,0,0,0,0
170,86,63,5.75,33.5,48.6,2058.33,0,0,0,1,0,1,0,0,0,0,1,0,0,1,0,0,0,0
113,54,98,7.35,15.0,72.23,712.78,0,0,0,1,0,1,0,0,0,0,1,0,0,1,0,0,0,0
86,89,143,7.7,15.2,71.39,2534.41,0,0,0,1,0,1,0,0,0,0,1,0,0,1,0,0,0,0
36,57,148,7.41,37.73,85.91,2095.84,0,0,0,1,0,1,0,0,0,0,1,0,0,1,0,0,0,0
162,62,78,5.24,15.36,70.18,1264.31,0,0,0,1,0,1,0,0,0,0,1,0,0,1,0,0,0,0
33,57,68,5.26,21.92,53.86,2343.55,0,0,0,1,0,1,0,0,0,0,1,0,0,1,0,0,0,0
67,45,42,7.33,20.56,71.94,2522.6,0,0,0,1,0,1,0,0,0,0,1,0,0,1,0,0,0,0
154,19,127,7.43,29.08,67.76,2007.02,0,0,0,1,0,1,0,0,0,0,1,0,0,1,0,0,0,0
31,54,106,6.05,17.85,89.05,1914.95,0,0,0,1,0,1,0,0,0,0,1,0,0,1,0,0,0,0
133,23,75,6.29,37.48,66.47,451.86,0,0,0,1,0,1,0,0,0,0,1,0,0,1,0,0,0,0
90,22,135,6.41,19.25,55.73,1467.05,0,0,0,1,0,1,0,0,0,0,1,0,0,1,0,0,0,0
103,83,85,6.78,23.56,32.03,954.08,0,0,0,1,0,0,1,0,0,0,1,0,0,0,0,0,1,0
92,25,100,6.28,34.11,89.72,653.22,0,0,0,1,0,0,1,0,0,0,1,0,0,0,0,0,1,0
157,96,96,5.47,30.16,60.83,1590.32,0,0,0,1,0,0,1,0,0,0,1,0,0,0,0,0,1,0
178,91,130,5.92,29.67,76.41,1610.83,0,0,0,1,0,0,1,0,0,0,1,0,0,0,0,0,1,0
176,88,29,7.57,11.27,34.61,2139.36,0,0,0,1,0,0,1,0,0,0,1,0,0,0,0,0,1,0
34,74,64,5.34,38.09,76.85,2606.37,0,0,0,1,0,0,1,0,0,0,1,0,0,0,0,0,1,0
77,69,73,4.98,25.04,45.57,1998.45,0,0,0,1,0,0,1,0,0,0,1,0,0,0,0,0,1,0
74,16,73,7.56,39.85,70.08,414.68,0,0,0,1,0,0,1,0,0,0,1,0,0,0,0,0,1,0
149,36,72,6.43,33.32,85.59,2083.58,0,0,0,1,0,0,1,0,0,0,1,0,0,0,0,0,1,0
178,43,58,6.03,33.92,72.65,2130.69,0,0,0,1,0,0,1,0,0,0,1,0,0,0,0,0,1,0
111,72,117,7.04,36.71,43.84,845.78,0,0,0,1,0,0,1,0,0,0,1,0,0,0,0,0,1,0
154,82,121,5.73,27.18,68.87,1332.24,0,0,0,1,0,0,1,0,0,0,1,0,0,0,0,0,1,0
152,93,135,5.46,18.76,58.37,345.87,0,0,0,1,0,0,1,0,0,0,1,0,0,0,0,0,1,0
158,22,85,6.94,32.06,62.06,641.87,0,0,0,1,0,0,1,0,0,0,1,0,0,0,0,0,1,0
104,29,129,5.69,37.46,58.6,630.03,0,0,0,1,0,0,1,0,0,0,1,0,0,0,0,0,1,0
50,34,32,5.15,37.93,88.79,1616.5,0,0,0,1,0,0,1,0,0,0,1,0,0,0,0,0,1,0
69,71,147,6.35,36.41,75.52,2531.12,0,0,0,1,0,0,1,0,0,0,1,0,0,0,0,0,1,0
98,57,145,5.73,10.0,57.35,2757.56,0,0,0,1,0,0,1,0,0,0,1,0,0,0,0,0,1,0
44,78,136,6.36,29.94,70.88,790.06,0,0,0,1,0,0,1,0,0,0,1,0,0,0,0,0,1,0
107,75,103,6.88,21.02,30.81,421.5,0,0,0,1,0,0,1,0,0,0,1,0,0,0,0,0,1,0
132,29,67,6.06,31.81,63.27,912.64,0,0,0,1,0,0,1,0,0,0,1,0,0,0,0,0,1,0
99,80,86,5.98,27.44,69.62,1239.63,0,0,0,1,0,0,1,0,0,0,1,0,0,0,0,0,1,0
96,93,118,5.96,35.79,64.7,1275.02,0,0,0,1,0,0,1,0,0,0,1,0,0,0,0,0,1,0
53,52,96,6.01,31.78,87.37,2212.6,0,0,0,1,0,0,1,0,0,0,1,0,0,0,0,0,1,0
72,95,51,5.57,19.51,58.68,1101.15,0,0,0,1,0,0,1,0,0,0,1,0,0,0,0,0,1,0
169,85,50,7.77,13.04,69.3,2385.21,0,0,0,1,0,0,1,0,0,0,1,0,0,0,0,0,1,0
134,73,60,5.31,35.06,75.39,2437.32,0,0,0,1,0,0,1,0,0,0,1,0,0,0,0,0,1,0
132,99,85,6.35,21.16,86.02,427.52,0,0,0,1,0,0,1,0,0,0,1,0,0,0,0,0,1,0
98,29,38,7.71,34.53,73.29,1934.29,0,0,0,1,0,0,1,0,0,0,1,0,0,0,0,0,1,0
113,41,126,7.95,23.66,67.67,1885.21,0,0,0,1,0,0,1,0,0,0,1,0,0,0,0,0,1,0
179,39,112,6.92,10.16,43.61,1210.94,0,0,0,1,0,0,1,0,0,0,1,0,0,0,0,0,1,0
118,62,70,6.18,29.29,76.16,1667.76,0,0,0,1,0,0,1,0,0,0,1,0,0,0,0,0,1,0
121,20,64,6.53,18.5,63.62,1280.44,0,0,0,1,0,0,1,0,0,0,1,0,0,0,0,0,1,0
106,38,27,5.76,13.44,31.69,1845.69,0,0,0,1,0,0,1,0,0,0,1,0,0,0,0,0,1,0
115,81,62,7.82,38.7,47.49,984.44,0,0,0,1,0,0,0,1,0,0,1,0,0,1,0,0,0,0
157,57,44,7.7,17.55,71.64,777.38,0,0,0,1,0,0,0,1,0,0,1,0,0,1,0,0,0,0
50,61,86,5.67,39.71,81.55,580.65,0,0,0,1,0,0,0,1,0,0,1,0,0,1,0,0,0,0
147,80,126,6.28,21.94,75.61,2600.41,0,0,0,1,0,0,0,1,0,0,1,0,0,1,0,0,0,0
35,45,142,5.96,39.06,53.38,2016.88,0,0,0,1,0,0,0,1,0,0,1,0,0,1,0,0,0,0
117,71,80,5.92,29.87,65.13,2179.56,0,0,0,1,0,0,0,1,0,0,1,0,0,1,0,0,0,0
72,51,141,7.14,24.9,39.26,1941.97,0,0,0,1,0,0,0,1,0,0,1,0,0,1,0,0,0,0
174,77,46,5.38,21.41,53.42,879.9,0,0,0,1,0,0,0,1,0,0,1,0,0,1,0,0,0,0
118,63,107,7.61,12.26,88.28,1432.1,0,0,0,1,0,0,0,1,0,0,1,0,0,1,0,0,0,0
56,75,60,6.89,37.93,63.26,919.54,0,0,0,1,0,0,0,1,0,0,1,0,0,1,0,0,0,0
159,22,132,6.35,35.46,56.57,1513.74,0,0,0,1,0,0,0,1,0,0,1,0,0,1,0,0,0,0
144,24,95,5.86,25.31,33.37,2781.88,0,0,0,1,0,0,0,1,0,0,1,0,0,1,0,0,0,0
175,69,129,8.12,24.44,85.9,2647.16,0,0,0,1,0,0,0,1,0,0,1,0,0,1,0,0,0,0
70,97,26,7.53,24.43,84.29,440.6,0,0,0,1,0,0,0,1,0,0,1,0,0,1,0,0,0,0
127,37,135,7.4,17.61,78.53,1603.24,0,0,0,1,0,0,0,1,0,0,1,0,0,1,0,0,0,0
48,32,84,7.2,30.83,81.44,510.3,0,0,0,1,0,0,0,1,0,0,1,0,0,1,0,0,0,0
47,61,77,7.46,10.95,85.69,1135.42,0,0,0,1,0,0,0,1,0,0,1,0,0,1,0,0,0,0
34,79,30,5.52,23.09,67.22,2358.42,0,0,0,1,0,0,0,1,0,0,1,0,0,1,0,0,0,0
130,72,132,6.4,19.54,43.72,2721.8,0,0,0,1,0,0,0,1,0,0,1,0,0,1,0,0,0,0
149,52,116,6.87,33.81,63.7,1716.39,0,0,0,1,1,0,0,0,0,0,0,1,0,0,0,1,0,0
30,87,116,5.43,31.44,74.01,1896.91,0,0,0,1,1,0,0,0,0,0,0,1,0,0,0,1,0,0
83,99,91,7.08,30.48,53.7,1040.62,0,0,0,1,1,0,0,0,0,0,0,1,0,0,0,1,0,0
33,51,52,7.11,38.6,62.85,2455.75,0,0,0,1,1,0,0,0,0,0,0,1,0,0,0,1,0,0
30,35,60,6.04,24.93,42.8,2036.29,0,0,0,1,1,0,0,0,0,0,0,1,0,0,0,1,0,0
152,92,27,7.51,21.0,66.07,1003.59,0,0,0,1,1,0,0,0,0,0,0,1,0,0,0,1,0,0
107,28,128,5.95,15.55,37.64,1318.39,0,0,0,1,1,0,0,0,0,0,0,1,0,0,0,1,0,0
68,24,66,5.82,23.82,52.45,2442.34,0,0,0,1,1,0,0,0,0,0,0,1,0,0,0,1,0,0
130,74,72,5.14,19.54,64.63,832.69,0,0,0,1,1,0,0,0,0,0,0,1,0,0,0,1,0,0
100,18,95,6.29,20.36,40.18,309.09,0,0,0,1,1,0,0,0,0,0,0,1,0,0,0,1,0,0
36,92,133,7.08,25.9,85.48,2312.95,0,0,0,1,1,0,0,0,0,0,0,1,0,0,0,1,0,0
39,79,30,4.91,22.22,83.98,2323.08,0,0,0,1,1,0,0,0,0,0,0,1,0,0,0,1,0,0
103,68,64,7.25,13.13,57.17,1141.94,0,0,0,1,1,0,0,0,0,0,0,1,0,0,0,1,0,0
60,36,134,5.83,32.71,33.57,1083.92,0,0,0,1,1,0,0,0,0,0,0,1,0,0,0,1,0,0
49,62,99,7.18,11.58,51.33,1963.5,0,0,0,1,1,0,0,0,0,0,0,1,0,0,0,1,0,0
167,65,102,7.51,28.81,36.67,433.43,0,0,0,1,1,0,0,0,0,0,0,1,0,0,0,1,0,0
39,66,64,5.08,16.92,62.67,1726.6,0,0,0,1,1,0,0,0,0,0,0,1,0,0,0,1,0,0
69,69,144,7.57,18.5,82.15,411.51,0,0,0,1,1,0,0,0,0,0,0,1,0,0,0,1,0,0
142,83,63,5.71,39.58,67.42,2364.57,0,0,0,1,1,0,0,0,0,0,0,1,0,0,0,1,0,0
41,49,117,6.53,27.02,39.01,982.85,0,0,0,1,1,0,0,0,0,0,0,1,0,0,0,1,0,0
50,27,111,5.41,13.91,43.41,1768.83,0,0,0,1,1,0,0,0,0,0,0,1,0,0,0,1,0,0
128,70,96,4.88,27.37,57.44,2536.88,0,0,0,1,1,0,0,0,0,0,0,1,0,0,0,1,0,0
146,48,100,5.32,29.96,88.94,2712.64,0,0,0,1,1,0,0,0,0,0,0,1,0,0,0,1,0,0
152,22,41,6.4,34.34,74.22,914.79,0,0,0,1,1,0,0,0,0,0,0,1,0,0,0,1,0,0
77,17,115,6.2,29.92,40.75,1808.4,0,0,0,1,1,0,0,0,0,0,0,1,0,0,0,1,0,0
98,72,136,6.78,18.3,49.02,624.16,0,0,0,1,1,0,0,0,0,0,0,1,0,0,0,1,0,0
91,81,89,6.34,28.09,43.04,2497.62,0,0,0,1,1,0,0,0,0,0,0,1,0,0,0,1,0,0
94,83,44,7.17,36.99,85.41,1193.61,0,0,0,1,0,1,0,0,0,0,0,1,0,0,0,1,0,0
161,77,70,7.97,36.22,62.0,1234.19,0,0,0,1,0,1,0,0,0,0,0,1,0,0,0,1,0,0
30,56,71,7.84,19.84,58.48,1047.63,0,0,0,1,0,1,0,0,0,0,0,1,0,0,0,1,0,0
163,55,129,6.82,19.63,34.56,2072.14,0,0,0,1,0,1,0,0,0,0,0,1,0,0,0,1,0,0
94,64,70,7.59,25.12,57.23,621.5,0,0,0,1,0,1,0,0,0,0,0,1,0,0,0,1,0,0
106,58,73,7.15,23.42,65.93,2074.24,0,0,0,1,0,1,0,0,0,0,0,1,0,0,0,1,0,0
59,21,23,5.87,39.66,30.02,2108.94,0,0,0,1,0,1,0,0,0,0,0,1,0,0,0,1,0,0
45,68,61,7.02,18.01,65.51,1352.03,0,0,0,1,0,1,0,0,0,0,0,1,0,0,0,1,0,0
49,77,38,7.31,20.71,57.87,1550.95,0,0,0,1,0,1,0,0,0,0,0,1,0,0,0,1,0,0
123,23,42,5.22,26.53,53.82,658.07,0,0,0,1,0,1,0,0,0,0,0,1,0,0,0,1,0,0
99,64,130,6.7,11.54,45.03,1368.83,0,0,0,1,0,1,0,0,0,0,0,1,0,0,0,1,0,0
103,47,59,5.03,34.28,81.12,2550.78,0,0,0,1,0,1,0,0,0,0,0,1,0,0,0,1,0,0
62,97,40,6.57,38.65,87.7,1823.72,0,0,0,1,0,1,0,0,0,0,0,1,0,0,0,1,0,0
149,24,43,7.37,30.15,70.01,838.77,0,0,0,1,0,1,0,0,0,0,0,1,0,0,0,1,0,0
45,42,28,7.99,34.55,60.44,782.99,0,0,0,1,0,1,0,0,0,0,0,1,0,0,0,1,0,0
50,47,125,6.09,15.59,53.5,1316.61,0,0,0,1,0,1,0,0,0,0,0,1,0,0,0,1,0,0
58,67,98,5.49,29.15,78.7,840.41,0,0,0,1,0,1,0,0,0,0,0,1,0,0,0,1,0,0
36,67,29,7.64,26.41,66.4,537.61,0,0,0,1,0,1,0,0,0,0,0,1,0,0,0,1,0,0
44,81,120,7.18,38.91,66.27,2412.09,0,0,0,1,0,1,0,0,0,0,0,1,0,0,0,1,0,0
83,36,109,5.38,36.42,63.0,1638.32,0,0,0,1,0,1,0,0,0,0,0,1,0,0,0,1,0,0
123,48,63,4.94,21.82,48.85,1589.26,0,0,0,1,0,1,0,0,0,0,0,1,0,0,0,1,0,0
177,87,125,4.82,36.76,64.16,1834.91,0,0,0,1,0,1,0,0,0,0,0,1,0,0,0,1,0,0
103,59,101,5.09,13.25,68.42,2433.49,0,0,0,1,0,1,0,0,0,0,0,1,0,0,0,1,0,0
173,96,93,6.39,37.36,45.7,1972.71,0,0,0,1,0,1,0,0,0,0,0,1,0,0,0,1,0,0
114,58,111,7.46,28.75,56.99,316.78,0,0,0,1,0,1,0,0,0,0,0,1,0,0,0,1,0,0
44,66,55,7.2,36.65,81.89,1606.74,0,0,0,1,0,0,1,0,0,0,0,1,0,0,0,0,0,1
83,52,101,5.78,10.97,35.94,2035.8,0,0,0,1,0,0,1,0,0,0,0,1,0,0,0,0,0,1
122,64,138,6.87,19.04,64.86,1568.02,0,0,0,1,0,0,1,0,0,0,0,1,0,0,0,0,0,1
147,81,42,5.8,31.72,47.63,1745.37,0,0,0,1,0,0,1,0,0,0,0,1,0,0,0,0,0,1
166,26,95,7.82,11.55,88.67,2782.38,0,0,0,1,0,0,1,0,0,0,0,1,0,0,0,0,0,1
41,68,94,6.21,34.5,78.93,588.63,0,0,0,1,0,0,1,0,0,0,0,1,0,0,0,0,0,1
146,27,30,7.95,32.17,64.97,1972.55,0,0,0,1,0,0,1,0,0,0,0,1,0,0,0,0,0,1
149,18,106,7.58,21.68,58.4,1957.61,0,0,0,1,0,0,1,0,0,0,0,1,0,0,0,0,0,1
57,23,74,6.8,14.95,57.61,1209.07,0,0,0,1,0,0,1,0,0,0,0,1,0,0,0,0,0,1
77,92,65,5.42,27.59,44.08,1936.78,0,0,0,1,0,0,1,0,0,0,0,1,0,0,0,0,0,1
170,61,99,7.83,14.64,55.94,1334.04,0,0,0,1,0,0,1,0,0,0,0,1,0,0,0,0,0,1
91,95,82,7.47,33.72,81.6,1521.44,0,0,0,1,0,0,1,0,0,0,0,1,0,0,0,0,0,1
170,77,30,6.77,39.3,43.9,2746.04,0,0,0,1,0,0,1,0,0,0,0,1,0,0,0,0,0,1
119,69,65,7.69,23.9,42.47,765.69,0,0,0,1,0,0,1,0,0,0,0,1,0,0,0,0,0,1
74,24,122,5.29,14.12,47.15,1558.11,0,0,0,1,0,0,1,0,0,0,0,1,0,0,0,0,0,1
163,55,74,7.9,26.63,45.7,1123.34,0,0,0,1,0,0,1,0,0,0,0,1,0,0,0,0,0,1
141,97,30,7.2,29.93,30.19,1853.23,0,0,0,1,0,0,1,0,0,0,0,1,0,0,0,0,0,1
108,49,45,5.16,36.01,85.49,2677.39,0,0,0,1,0,0,1,0,0,0,0,1,0,0,0,0,0,1
170,66,149,6.15,31.9,64.83,464.36,0,0,0,1,0,0,1,0,0,0,0,1,0,0,0,0,0,1
97,34,46,5.16,13.54,32.95,2772.81,0,0,0,1,0,0,1,0,0,0,0,1,0,0,0,0,0,1
104,70,43,7.78,34.56,77.51,468.21,0,0,0,1,0,0,1,0,0,0,0,1,0,0,0,0,0,1
45,21,50,7.33,27.77,50.76,728.34,0,0,0,1,0,0,1,0,0,0,0,1,0,0,0,0,0,1
77,85,114,5.77,21.14,84.72,2422.97,0,0,0,1,0,0,1,0,0,0,0,1,0,0,0,0,0,1
152,91,127,6.96,33.94,51.42,2428.48,0,0,0,1,0,0,1,0,0,0,0,1,0,0,0,0,0,1
117,97,119,5.16,31.03,41.79,2567.66,0,0,0,1,0,0,1,0,0,0,0,1,0,0,0,0,0,1
177,74,42,7.94,31.54,32.89,881.51,0,0,0,1,0,0,1,0,0,0,0,1,0,0,0,0,0,1
109,60,65,5.06,16.02,53.73,629.33,0,0,0,1,0,0,1,0,0,0,0,1,0,0,0,0,0,1
109,79,85,5.42,28.75,30.05,1553.92,0,0,0,1,0,0,1,0,0,0,0,1,0,0,0,0,0,1
41,46,25,5.72,31.17,34.48,1231.93,0,0,0,1,0,0,0,1,0,0,0,1,0,1,0,0,0,0
115,84,90,8.12,29.0,86.41,2712.35,0,0,0,1,0,0,0,1,0,0,0,1,0,1,0,0,0,0
35,59,29,5.11,28.68,88.81,942.27,0,0,0,1,0,0,0,1,0,0,0,1,0,1,0,0,0,0
133,52,47,7.85,33.26,52.77,1296.2,0,0,0,1,0,0,0,1,0,0,0,1,0,1,0,0,0,0
83,75,144,6.54,33.89,63.69,2323.48,0,0,0,1,0,0,0,1,0,0,0,1,0,1,0,0,0,0
48,99,32,6.81,23.02,62.77,2533.94,0,0,0,1,0,0,0,1,0,0,0,1,0,1,0,0,0,0
148,29,127,4.91,19.67,82.38,371.21,0,0,0,1,0,0,0,1,0,0,0,1,0,1,0,0,0,0
64,40,68,7.98,20.33,46.65,1318.86,0,0,0,1,0,0,0,1,0,0,0,1,0,1,0,0,0,0
105,43,103,6.58,15.52,36.07,568.48,0,0,0,1,0,0,0,1,0,0,0,1,0,1,0,0,0,0
35,76,43,7.28,21.42,79.02,1869.82,0,0,0,1,0,0,0,1,0,0,0,1,0,1,0,0,0,0
142,21,53,8.1,28.55,32.22,1402.52,0,0,0,1,0,0,0,1,0,0,0,1,0,1,0,0,0,0
107,74,124,5.96,13.89,33.09,2722.69,0,0,0,1,0,0,0,1,0,0,0,1,0,1,0,0,0,0
118,31,112,5.98,35.57,40.11,1971.62,0,0,0,1,0,0,0,1,0,0,0,1,0,1,0,0,0,0
139,51,136,8.04,26.24,48.66,586.27,0,0,0,1,0,0,0,1,0,0,0,1,0,1,0,0,0,0
177,86,120,6.6,39.11,58.61,885.94,0,0,0,1,0,0,0,1,0,0,0,1,0,1,0,0,0,0
111,38,60,6.4,17.33,35.68,468.49,0,0,0,1,0,0,0,1,0,0,0,1,0,1,0,0,0,0
56,17,20,6.37,16.4,77.19,1606.81,0,0,0,1,0,0,0,1,0,0,0,1,0,1,0,0,0,0
98,48,63,6.85,18.87,41.94,931.61,0,0,0,1,0,0,0,1,0,0,0,1,0,1,0,0,0,0
78,46,29,5.44,31.18,89.38,1331.2,0,0,0,1,0,0,0,1,0,0,0,1,0,1,0,0,0,0
79,98,23,6.81,20.99,77.89,2071.33,0,0,0,1,0,0,0,1,0,0,0,1,0,1,0,0,0,0
57,39,124,5.47,20.64,64.44,2048.93,0,0,0,1,0,0,0,1,0,0,0,1,0,1,0,0,0,0
103,63,91,5.67,10.56,36.9,1797.1,0,0,0,1,0,0,0,1,0,0,0,1,0,1,0,0,0,0
70,48,127,4.96,33.23,54.34,1964.62,0,0,0,1,0,0,0,1,0,0,0,1,0,1,0,0,0,0
133,48,34,6.95,25.39,55.33,2514.0,0,0,0,1,0,0,0,1,0,0,0,1,0,1,0,0,0,0
173,56,116,8.0,34.67,74.78,392.07,0,0,0,1,1,0,0,0,0,0,0,0,1,0,0,1,0,0
60,38,66,7.01,24.79,35.69,1115.31,0,0,0,1,1,0,0,0,0,0,0,0,1,0,0,1,0,0
117,76,71,5.02,30.69,49.26,1227.09,0,0,0,1,1,0,0,0,0,0,0,0,1,0,0,1,0,0
78,49,103,7.26,37.72,79.27,794.92,0,0,0,1,1,0,0,0,0,0,0,0,1,0,0,1,0,0
115,72,56,7.65,30.91,72.22,695.75,0,0,0,1,1,0,0,0,0,0,0,0,1,0,0,1,0,0
128,97,58,4.81,36.02,38.75,1315.22,0,0,0,1,1,0,0,0,0,0,0,0,1,0,0,1,0,0
78,47,75,8.18,14.2,38.4,2379.59,0,0,0,1,1,0,0,0,0,0,0,0,1,0,0,1,0,0
135,80,31,5.22,24.04,79.35,988.14,0,0,0,1,1,0,0,0,0,0,0,0,1,0,0,1,0,0
127,87,73,5.21,15.69,59.37,880.83,0,0,0,1,1,0,0,0,0,0,0,0,1,0,0,1,0,0
86,38,76,6.27,18.18,70.75,2048.95,0,0,0,1,1,0,0,0,0,0,0,0,1,0,0,1,0,0
54,30,42,7.67,10.57,67.85,598.4,0,0,0,1,1,0,0,0,0,0,0,0,1,0,0,1,0,0
106,40,76,6.38,37.1,70.87,1673.68,0,0,0,1,1,0,0,0,0,0,0,0,1,0,0,1,0,0
57,46,60,6.79,16.76,78.41,2171.18,0,0,0,1,1,0,0,0,0,0,0,0,1,0,0,1,0,0
48,44,35,8.2,24.48,82.42,1444.64,0,0,0,1,1,0,0,0,0,0,0,0,1,0,0,1,0,0
156,61,84,4.92,39.25,42.48,1304.4,0,0,0,1,1,0,0,0,0,0,0,0,1,0,0,1,0,0
56,24,125,7.84,15.95,71.83,1932.63,0,0,0,1,1,0,0,0,0,0,0,0,1,0,0,1,0,0
121,88,21,8.12,37.07,39.46,1316.67,0,0,0,1,1,0,0,0,0,0,0,0,1,0,0,1,0,0
89,52,41,5.49,35.0,65.46,2236.26,0,0,0,1,1,0,0,0,0,0,0,0,1,0,0,1,0,0
173,41,43,6.96,31.33,45.19,2381.74,0,0,0,1,1,0,0,0,0,0,0,0,1,0,0,1,0,0
176,76,67,7.59,18.95,87.6,1395.18,0,0,0,1,1,0,0,0,0,0,0,0,1,0,0,1,0,0
42,37,20,6.41,30.16,48.76,1660.92,0,0,0,1,1,0,0,0,0,0,0,0,1,0,0,1,0,0
135,92,60,6.04,10.92,81.44,1607.15,0,0,0,1,1,0,0,0,0,0,0,0,1,0,0,1,0,0
109,72,142,5.32,23.08,50.65,1019.26,0,0,0,1,1,0,0,0,0,0,0,0,1,0,0,1,0,0
145,79,22,5.38,39.88,75.23,638.15,0,0,0,1,1,0,0,0,0,0,0,0,1,0,0,1,0,0
157,65,110,6.91,21.48,53.03,1551.33,0,0,0,1,1,0,0,0,0,0,0,0,1,0,0,1,0,0
88,16,57,5.97,14.34,65.67,2582.13,0,0,0,1,1,0,0,0,0,0,0,0,1,0,0,1,0,0
47,31,127,6.97,37.5,43.41,2331.08,0,0,0,1,1,0,0,0,0,0,0,0,1,0,0,1,0,0
89,63,23,4.89,36.17,33.22,806.81,0,0,0,1,1,0,0,0,0,0,0,0,1,0,0,1,0,0
127,78,51,5.27,13.8,46.96,676.66,0,0,0,1,0,1,0,0,0,0,0,0,1,0,0,1,0,0
149,99,42,5.95,36.42,53.14,1643.59,0,0,0,1,0,1,0,0,0,0,0,0,1,0,0,1,0,0
155,33,71,7.11,23.08,44.74,921.97,0,0,0,1,0,1,0,0,0,0,0,0,1,0,0,1,0,0
110,28,128,7.39,38.07,72.98,1404.68,0,0,0,1,0,1,0,0,0,0,0,0,1,0,0,1,0,0
151,22,149,5.9,14.71,87.31,1289.61,0,0,0,1,0,1,0,0,0,0,0,0,1,0,0,1,0,0
113,83,61,6.86,10.9,38.42,998.96,0,0,0,1,0,1,0,0,0,0,0,0,1,0,0,1,0,0
52,30,127,6.7,31.78,66.84,1088.6,0,0,0,1,0,1,0,0,0,0,0,0,1,0,0,1,0,0
50,54,100,6.58,34.12,63.7,2764.15,0,0,0,1,0,1,0,0,0,0,0,0,1,0,0,1,0,0
117,65,86,7.74,26.94,84.65,2503.05,0,0,0,1,0,1,0,0,0,0,0,0,1,0,0,1,0,0
32,89,130,6.12,18.45,88.16,1539.3,0,0,0,1,0,1,0,0,0,0,0,0,1,0,0,1,0,0
178,30,129,7.1,15.42,80.66,613.56,0,0,0,1,0,1,0,0,0,0,0,0,1,0,0,1,0,0
30,24,37,7.27,38.94,69.78,1414.01,0,0,0,1,0,1,0,0,0,0,0,0,1,0,0,1,0,0
93,67,59,6.19,33.87,51.38,1518.64,0,0,0,1,0,1,0,0,0,0,0,0,1,0,0,1,0,0
124,66,122,7.16,28.01,86.67,2505.23,0,0,0,1,0,1,0,0,0,0,0,0,1,0,0,1,0,0
107,57,42,4.85,19.93,87.73,1426.56,0,0,0,1,0,1,0,0,0,0,0,0,1,0,0,1,0,0
149,41,48,5.66,37.11,36.17,1876.0,0,0,0,1,0,1,0,0,0,0,0,0,1,0,0,1,0,0
117,68,86,6.38,24.78,47.35,374.14,0,0,0,1,0,1,0,0,0,0,0,0,1,0,0,1,0,0
41,16,61,5.66,35.82,60.58,790.98,0,0,0,1,0,1,0,0,0,0,0,0,1,0,0,1,0,0
65,48,32,7.5,38.81,67.99,2002.9,0,0,0,1,0,1,0,0,0,0,0,0,1,0,0,1,0,0
80,46,70,7.51,26.05,83.95,1005.54,0,0,0,1,0,1,0,0,0,0,0,0,1,0,0,1,0,0
118,53,88,6.01,39.54,84.57,1257.41,0,0,0,1,0,1,0,0,0,0,0,0,1,0,0,1,0,0
132,33,31,6.87,26.37,82.5,679.27,0,0,0,1,0,1,0,0,0,0,0,0,1,0,0,1,0,0
51,97,148,7.99,25.18,72.77,2210.96,0,0,0,1,0,1,0,0,0,0,0,0,1,0,0,1,0,0
107,70,45,5.8,27.58,41.05,2436.0,0,0,0,1,0,1,0,0,0,0,0,0,1,0,0,1,0,0
45,92,132,6.71,21.68,40.53,1704.75,0,0,0,1,0,1,0,0,0,0,0,0,1,0,0,1,0,0
65,87,32,7.21,22.19,49.26,1528.58,0,0,0,1,0,1,0,0,0,0,0,0,1,0,0,1,0,0
54,78,138,6.56,16.57,89.47,657.78,0,0,0,1,0,1,0,0,0,0,0,0,1,0,0,1,0,0
67,76,107,7.72,15.28,35.86,2158.05,0,0,0,1,0,1,0,0,0,0,0,0,1,0,0,1,0,0
102,28,61,5.95,24.94,67.09,2137.91,0,0,0,1,0,1,0,0,0,0,0,0,1,0,0,1,0,0
43,66,93,6.26,16.15,57.79,2452.19,0,0,0,1,0,1,0,0,0,0,0,0,1,0,0,1,0,0
119,97,113,6.99,25.38,37.91,1388.92,0,0,0,1,0,1,0,0,0,0,0,0,1,0,0,1,0,0
76,17,129,4.81,16.65,72.24,813.19,0,0,0,1,0,1,0,0,0,0,0,0,1,0,0,1,0,0
69,52,67,5.03,12.78,71.33,1616.83,0,0,0,1,0,1,0,0,0,0,0,0,1,0,0,1,0,0
146,28,149,5.31,16.03,39.79,782.3,0,0,0,1,0,0,1,0,0,0,0,0,1,0,0,0,1,0
158,36,70,5.53,33.19,80.11,2216.79,0,0,0,1,0,0,1,0,0,0,0,0,1,0,0,0,1,0
66,34,140,7.03,23.85,62.55,2022.64,0,0,0,1,0,0,1,0,0,0,0,0,1,0,0,0,1,0
94,69,119,8.15,30.57,60.4,1896.13,0,0,0,1,0,0,1,0,0,0,0,0,1,0,0,0,1,0
92,62,29,7.19,37.72,34.86,558.05,0,0,0,1,0,0,1,0,0,0,0,0,1,0,0,0,1,0
127,22,111,7.53,33.74,34.85,1772.56,0,0,0,1,0,0,1,0,0,0,0,0,1,0,0,0,1,0
143,93,70,7.27,20.11,36.75,1256.86,0,0,0,1,0,0,1,0,0,0,0,0,1,0,0,0,1,0
125,51,74,7.01,23.72,53.04,644.17,0,0,0,1,0,0,1,0,0,0,0,0,1,0,0,0,1,0
31,27,29,7.9,27.38,57.49,2729.91,0,0,0,1,0,0,1,0,0,0,0,0,1,0,0,0,1,0
116,92,144,7.27,29.15,70.5,1868.16,0,0,0,1,0,0,1,0,0,0,0,0,1,0,0,0,1,0
140,78,112,5.93,29.46,79.8,384.18,0,0,0,1,0,0,1,0,0,0,0,0,1,0,0,0,1,0
31,54,128,6.88,22.24,73.89,2049.08,0,0,0,1,0,0,1,0,0,0,0,0,1,0,0,0,1,0
56,19,135,6.56,34.0,78.12,1463.76,0,0,0,1,0,0,1,0,0,0,0,0,1,0,0,0,1,0
113,70,32,7.9,20.75,45.01,2625.43,0,0,0,1,0,0,1,0,0,0,0,0,1,0,0,0,1,0
170,46,145,7.03,27.17,72.86,1530.46,0,0,0,1,0,0,1,0,0,0,0,0,1,0,0,0,1,0
110,96,28,6.37,25.75,60.2,2750.22,0,0,0,1,0,0,1,0,0,0,0,0,1,0,0,0,1,0
117,75,47,6.98,27.36,54.44,1844.87,0,0,0,1,0,0,1,0,0,0,0,0,1,0,0,0,1,0
52,59,40,7.57,33.14,42.51,335.91,0,0,0,1,0,0,1,0,0,0,0,0,1,0,0,0,1,0
138,24,136,5.87,21.98,47.68,1451.49,0,0,0,1,0,0,1,0,0,0,0,0,1,0,0,0,1,0
33,28,36,4.91,25.17,70.28,668.48,0,0,0,1,0,0,1,0,0,0,0,0,1,0,0,0,1,0
83,38,108,4.84,33.67,53.39,1297.68,0,0,0,1,0,0,1,0,0,0,0,0,1,0,0,0,1,0
32,27,25,5.76,10.74,50.78,1682.44,0,0,0,1,0,0,1,0,0,0,0,0,1,0,0,0,1,0
92,74,117,5.49,38.72,66.04,2453.02,0,0,0,1,0,0,1,0,0,0,0,0,1,0,0,0,1,0
143,79,127,5.17,33.26,66.85,1435.9,0,0,0,1,0,0,1,0,0,0,0,0,1,0,0,0,1,0
76,66,78,7.89,39.53,41.28,2734.96,0,0,0,1,0,0,1,0,0,0,0,0,1,0,0,0,1,0
119,80,29,7.35,35.76,85.23,1627.97,0,0,0,1,0,0,1,0,0,0,0,0,1,0,0,0,1,0
163,41,23,7.09,38.14,86.59,1022.42,0,0,0,1,0,0,1,0,0,0,0,0,1,0,0,0,1,0
145,34,66,5.49,16.22,38.13,2144.76,0,0,0,1,0,0,1,0,0,0,0,0,1,0,0,0,1,0
48,45,22,4.83,36.7,59.75,959.15,0,0,0,1,0,0,1,0,0,0,0,0,1,0,0,0,1,0
146,79,44,7.17,38.6,78.76,1548.21,0,0,0,1,0,0,1,0,0,0,0,0,1,0,0,0,1,0
125,79,63,5.58,22.13,83.19,1745.45,0,0,0,1,0,0,0,1,0,0,0,0,1,1,0,0,0,0
62,57,71,6.72,16.4,56.67,2524.7,0,0,0,1,0,0,0,1,0,0,0,0,1,1,0,0,0,0
146,67,127,6.69,15.12,38.11,1569.36,0,0,0,1,0,0,0,1,0,0,0,0,1,1,0,0,0,0
151,54,62,5.15,39.6,85.77,1298.34,0,0,0,1,0,0,0,1,0,0,0,0,1,1,0,0,0,0
63,22,62,5.12,12.8,55.7,327.51,0,0,0,1,0,0,0,1,0,0,0,0,1,1,0,0,0,0
33,61,65,5.64,24.6,42.47,1070.26,0,0,0,1,0,0,0,1,0,0,0,0,1,1,0,0,0,0
93,31,68,7.06,24.56,58.33,1693.12,0,0,0,1,0,0,0,1,0,0,0,0,1,1,0,0,0,0
87,39,137,5.33,21.95,73.99,1353.26,0,0,0,1,0,0,0,1,0,0,0,0,1,1,0,0,0,0
61,74,141,7.1,13.55,33.64,2529.51,0,0,0,1,0,0,0,1,0,0,0,0,1,1,0,0,0,0
46,59,48,7.49,19.2,37.72,1313.25,0,0,0,1,0,0,0,1,0,0,0,0,1,1,0,0,0,0
46,26,50,5.61,17.64,66.49,472.19,0,0,0,1,0,0,0,1,0,0,0,0,1,1,0,0,0,0
152,69,130,8.01,33.52,44.8,2120.64,0,0,0,1,0,0,0,1,0,0,0,0,1,1,0,0,0,0
112,32,101,7.03,31.05,85.74,2294.08,0,0,0,1,0,0,0,1,0,0,0,0,1,1,0,0,0,0
65,19,31,5.93,23.01,88.84,962.76,0,0,0,1,0,0,0,1,0,0,0,0,1,1,0,0,0,0
178,43,130,4.81,17.38,65.02,1818.76,0,0,0,1,0,0,0,1,0,0,0,0,1,1,0,0,0,0
69,41,56,8.12,30.91,64.37,436.55,0,0,0,1,0,0,0,1,0,0,0,0,1,1,0,0,0,0
161,65,148,6.54,38.4,79.43,1266.93,0,0,0,1,0,0,0,1,0,0,0,0,1,1,0,0,0,0
146,18,39,8.03,29.93,54.11,1200.31,0,0,0,1,0,0,0,1,0,0,0,0,1,1,0,0,0,0
80,35,52,5.65,21.42,70.7,2494.61,0,0,0,1,0,0,0,1,0,0,0,0,1,1,0,0,0,0
153,97,88,4.92,19.37,71.63,508.45,0,0,0,1,0,0,0,1,0,0,0,0,1,1,0,0,0,0
151,39,87,5.85,27.42,57.62,1069.6,0,0,0,1,0,0,0,1,0,0,0,0,1,1,0,0,0,0
105,28,115,5.86,16.26,78.16,2784.25,0,0,0,1,0,0,0,1,0,0,0,0,1,1,0,0,0,0
37,58,106,8.05,28.01,31.9,2319.87,0,0,0,1,0,0,0,1,0,0,0,0,1,1,0,0,0,0
44,82,143,7.58,23.06,31.13,1335.25,0,0,0,1,0,0,0,1,0,0,0,0,1,1,0,0,0,0
98,71,106,6.04,20.97,85.38,2549.99,0,0,0,1,0,0,0,1,0,0,0,0,1,1,0,0,0,0
94,32,49,6.58,20.02,66.35,1531.41,0,0,0,1,0,0,0,1,0,0,0,0,1,1,0,0,0,0
75,27,113,6.11,14.83,55.34,1748.23,0,0,0,1,0,0,0,1,0,0,0,0,1,1,0,0,0,0
106,37,51,6.35,17.69,41.11,2129.85,0,0,0,1,0,0,0,1,0,0,0,0,1,1,0,0,0,0
175,28,113,7.09,34.69,74.43,871.71,0,0,0,1,0,0,0,1,0,0,0,0,1,1,0,0,0,0
47,43,145,6.59,11.53,37.08,987.55,0,0,0,1,0,0,0,1,0,0,0,0,1,1,0,0,0,0
40,21,72,5.92,23.92,48.96,917.89,0,0,0,1,0,0,0,1,0,0,0,0,1,1,0,0,0,0
30,47,57,5.83,21.78,68.3,1924.8,0,0,0,1,0,0,0,1,0,0,0,0,1,1,0,0,0,0
132,53,65,6.35,10.51,83.27,2538.29,0,0,0,1,0,0,0,1,0,0,0,0,1,1,0,0,0,0
47,95,67,7.56,27.38,44.48,909.92,0,0,0,1,0,0,0,1,0,0,0,0,1,1,0,0,0,0
46,38,24,4.96,25.23,86.58,1025.34,0,0,0,1,0,0,0,1,0,0,0,0,1,1,0,0,0,0
66,25,67,7.29,25.09,54.02,2146.59,0,0,0,1,0,0,0,1,0,0,0,0,1,1,0,0,0,0
37,16,122,8.07,18.66,87.32,2333.52,1,1,0,0,1,0,0,0,1,0,0,0,0,0,0,1,0,0
136,68,149,5.64,10.49,58.09,367.17,1,1,0,0,1,0,0,0,1,0,0,0,0,0,0,1,0,0
62,74,103,7.86,12.05,49.61,2797.12,1,1,0,0,1,0,0,0,1,0,0,0,0,0,0,1,0,0
136,74,102,7.07,31.29,51.81,1689.05,1,1,0,0,1,0,0,0,1,0,0,0,0,0,0,1,0,0
175,34,42,7.43,24.25,42.35,658.9,1,1,0,0,1,0,0,0,1,0,0,0,0,0,0,1,0,0
95,66,53,6.41,13.73,55.9,2741.12,1,1,0,0,1,0,0,0,1,0,0,0,0,0,0,1,0,0
144,94,100,6.45,39.1,46.04,712.42,1,1,0,0,1,0,0,0,1,0,0,0,0,0,0,1,0,0
163,95,30,7.57,28.44,85.61,2204.83,1,1,0,0,1,0,0,0,1,0,0,0,0,0,0,1,0,0
87,31,132,5.0,36.75,54.45,1440.42,1,1,0,0,1,0,0,0,1,0,0,0,0,0,0,1,0,0
88,83,117,7.64,10.99,46.31,1133.69,1,1,0,0,1,0,0,0,1,0,0,0,0,0,0,1,0,0
97,66,125,5.65,33.71,72.66,2262.07,1,1,0,0,1,0,0,0,1,0,0,0,0,0,0,1,0,0
176,29,87,5.89,12.84,49.84,506.66,1,1,0,0,1,0,0,0,1,0,0,0,0,0,0,1,0,0
61,44,83,6.71,27.88,50.85,1813.12,1,1,0,0,1,0,0,0,1,0,0,0,0,0,0,1,0,0
114,41,54,5.11,15.18,35.16,871.37,1,1,0,0,1,0,0,0,1,0,0,0,0,0,0,1,0,0
101,59,134,7.74,14.77,69.57,446.7,1,1,0,0,1,0,0,0,1,0,0,0,0,0,0,1,0,0
52,93,62,5.6,20.31,35.18,774.01,1,1,0,0,1,0,0,0,1,0,0,0,0,0,0,1,0,0
55,39,48,6.03,35.36,46.97,1778.01,1,1,0,0,1,0,0,0,1,0,0,0,0,0,0,1,0,0
34,52,125,6.17,14.86,71.19,2715.18,1,1,0,0,1,0,0,0,1,0,0,0,0,0,0,1,0,0
135,91,24,7.9,23.9,61.21,1629.78,1,1,0,0,1,0,0,0,1,0,0,0,0,0,0,1,0,0
67,98,136,7.83,12.39,50.44,1778.68,1,1,0,0,1,0,0,0,1,0,0,0,0,0,0,1,0,0
83,33,50,7.14,24.24,73.8,2416.52,1,1,0,0,1,0,0,0,1,0,0,0,0,0,0,1,0,0
55,23,51,6.38,12.33,36.52,529.09,1,1,0,0,1,0,0,0,1,0,0,0,0,0,0,1,0,0
130,56,107,4.97,22.52,58.76,1769.98,1,1,0,0,1,0,0,0,1,0,0,0,0,0,0,1,0,0
30,90,143,5.21,18.11,81.59,1553.21,1,1,0,0,1,0,0,0,1,0,0,0,0,0,0,1,0,0
67,75,101,7.59,35.8,42.27,2737.93,1,1,0,0,1,0,0,0,1,0,0,0,0,0,0,1,0,0
50,73,30,5.55,25.54,88.75,1126.44,1,1,0,0,1,0,0,0,1,0,0,0,0,0,0,1,0,0
89,70,133,7.58,38.31,79.35,1707.53,1,1,0,0,1,0,0,0,1,0,0,0,0,0,0,1,0,0
156,31,138,6.67,30.25,64.87,692.88,1,1,0,0,1,0,0,0,1,0,0,0,0,0,0,1,0,0
92,40,147,8.01,16.34,87.53,798.34,1,1,0,0,1,0,0,0,1,0,0,0,0,0,0,1,0,0
152,94,93,7.21,10.23,66.94,853.86,1,1,0,0,1,0,0,0,1,0,0,0,0,0,0,1,0,0
65,24,100,5.54,10.23,59.01,1140.12,1,1,0,0,0,1,0,0,1,0,0,0,0,0,0,1,0,0
86,35,55,7.26,29.01,69.34,1939.04,1,1,0,0,0,1,0,0,1,0,0,0,0,0,0,1,0,0
66,39,50,7.2,14.08,32.11,1925.3,1,1,0,0,0,1,0,0,1,0,0,0,0,0,0,1,0,0
146,40,108,6.85,14.33,77.6,1801.34,1,1,0,0,0,1,0,0,1,0,0,0,0,0,0,1,0,0
149,18,52,6.23,11.07,49.85,1651.27,1,1,0,0,0,1,0,0,1,0,0,0,0,0,0,1,0,0
131,58,103,5.49,36.05,85.79,423.15,1,1,0,0,0,1,0,0,1,0,0,0,0,0,0,1,0,0
87,95,23,5.87,28.33,66.51,2579.06,1,1,0,0,0,1,0,0,1,0,0,0,0,0,0,1,0,0
154,92,132,8.04,29.64,35.05,524.39,1,1,0,0,0,1,0,0,1,0,0,0,0,0,0,1,0,0
101,59,145,4.84,29.71,36.01,1086.97,1,1,0,0,0,1,0,0,1,0,0,0,0,0,0,1,0,0
86,87,105,5.02,32.66,69.62,824.12,1,1,0,0,0,1,0,0,1,0,0,0,0,0,0,1,0,0
63,56,50,5.16,16.96,41.53,837.54,1,1,0,0,0,1,0,0,1,0,0,0,0,0,0,1,0,0
30,67,122,5.27,31.21,52.58,317.09,1,1,0,0,0,1,0,0,1,0,0,0,0,0,0,1,0,0
65,22,136,8.05,11.28,50.29,1453.99,1,1,0,0,0,1,0,0,1,0,0,0,0,0,0,1,0,0
99,81,93,6.9,18.38,84.3,898.04,1,1,0,0,0,1,0,0,1,0,0,0,0,0,0,1,0,0
70,29,105,4.94,29.98,67.45,682.02,1,1,0,0,0,1,0,0,1,0,0,0,0,0,0,1,0,0
152,38,46,5.86,36.46,76.69,564.4,1,1,0,0,0,1,0,0,1,0,0,0,0,0,0,1,0,0
42,79,92,5.45,21.76,81.5,327.09,1,1,0,0,0,1,0,0,1,0,0,0,0,0,0,1,0,0
160,90,125,6.91,10.12,34.58,709.83,1,1,0,0,0,1,0,0,1,0,0,0,0,0,0,1,0,0
75,94,25,7.02,24.41,51.54,2728.71,1,1,0,0,0,1,0,0,1,0,0,0,0,0,0,1,0,0
159,97,59,8.15,12.92,87.81,1004.87,1,1,0,0,0,1,0,0,1,0,0,0,0,0,0,1,0,0
123,33,126,7.26,22.24,62.87,2775.78,1,1,0,0,0,1,0,0,1,0,0,0,0,0,0,1,0,0
125,58,106,6.22,16.02,56.41,1752.39,1,1,0,0,0,1,0,0,1,0,0,0,0,0,0,1,0,0
160,42,22,7.93,27.83,45.98,1706.62,1,1,0,0,0,1,0,0,1,0,0,0,0,0,0,1,0,0
83,29,53,5.95,14.38,50.52,2764.55,1,1,0,0,0,0,1,0,1,0,0,0,0,0,0,0,0,1
122,42,104,4.96,34.97,32.72,1007.34,1,1,0,0,0,0,1,0,1,0,0,0,0,0,0,0,0,1
43,43,27,7.17,18.88,78.26,2286.92,1,1,0,0,0,0,1,0,1,0,0,0,0,0,0,0,0,1
172,35,81,6.11,22.1,61.94,2288.42,1,1,0,0,0,0,1,0,1,0,0,0,0,0,0,0,0,1
116,97,52,7.67,16.66,59.55,1775.56,1,1,0,0,0,0,1,0,1,0,0,0,0,0,0,0,0,1
105,23,131,7.5,15.83,59.63,1803.77,1,1,0,0,0,0,1,0,1,0,0,0,0,0,0,0,0,1
63,38,43,7.78,19.32,36.84,399.48,1,1,0,0,0,0,1,0,1,0,0,0,0,0,0,0,0,1
40,70,117,7.86,23.86,86.22,1518.92,1,1,0,0,0,0,1,0,1,0,0,0,0,0,0,0,0,1
49,44,56,7.37,18.64,38.93,1720.96,1,1,0,0,0,0,1,0,1,0,0,0,0,0,0,0,0,1
118,92,76,6.31,35.2,59.93,1157.48,1,1,0,0,0,0,1,0,1,0,0,0,0,0,0,0,0,1
49,27,140,6.03,34.66,87.47,440.41,1,1,0,0,0,0,1,0,1,0,0,0,0,0,0,0,0,1
130,72,53,6.74,23.4,59.42,2749.28,1,1,0,0,0,0,1,0,1,0,0,0,0,0,0,0,0,1
82,78,103,5.98,29.63,49.67,1489.1,1,1,0,0,0,0,1,0,1,0,0,0,0,0,0,0,0,1
96,89,131,5.9,25.33,84.97,1194.24,1,1,0,0,0,0,1,0,1,0,0,0,0,0,0,0,0,1
105,40,26,7.59,16.19,38.14,312.54,1,1,0,0,0,0,1,0,1,0,0,0,0,0,0,0,0,1
79,49,128,6.4,39.77,86.61,1632.19,1,1,0,0,0,0,1,0,1,0,0,0,0,0,0,0,0,1
167,68,24,7.66,36.1,86.93,1080.24,1,1,0,0,0,0,1,0,1,0,0,0,0,0,0,0,0,1
160,48,75,6.02,20.87,48.21,841.96,1,1,0,0,0,0,1,0,1,0,0,0,0,0,0,0,0,1
118,44,114,7.51,22.11,81.07,2552.98,1,1,0,0,0,0,1,0,1,0,0,0,0,0,0,0,0,1
107,81,73,5.8,35.61,41.69,944.91,1,1,0,0,0,0,1,0,1,0,0,0,0,0,0,0,0,1
71,98,133,7.14,27.53,32.47,968.12,1,1,0,0,0,0,1,0,1,0,0,0,0,0,0,0,0,1
177,87,32,7.86,13.98,35.7,2465.19,1,1,0,0,0,0,1,0,1,0,0,0,0,0,0,0,0,1
126,87,60,7.31,23.34,39.55,2542.59,1,1,0,0,0,0,1,0,1,0,0,0,0,0,0,0,0,1
75,92,48,6.92,35.19,56.97,851.79,1,1,0,0,0,0,1,0,1,0,0,0,0,0,0,0,0,1
166,19,126,5.16,37.94,56.54,2314.52,1,1,0,0,0,0,1,0,1,0,0,0,0,0,0,0,0,1
111,88,90,5.15,18.4,43.38,2513.64,1,1,0,0,0,0,1,0,1,0,0,0,0,0,0,0,0,1
164,33,59,6.92,17.7,83.1,2793.33,1,1,0,0,0,0,1,0,1,0,0,0,0,0,0,0,0,1
159,55,144,5.78,39.1,60.72,814.75,1,1,0,0,0,0,1,0,1,0,0,0,0,0,0,0,0,1
142,66,94,7.52,22.32,58.26,557.41,1,1,0,0,0,0,1,0,1,0,0,0,0,0,0,0,0,1
97,54,91,7.95,29.84,34.38,1894.34,1,1,0,0,0,0,1,0,1,0,0,0,0,0,0,0,0,1
38,17,51,5.79,31.25,77.87,1638.69,1,1,0,0,0,0,1,0,1,0,0,0,0,0,0,0,0,1
36,71,115,7.56,33.73,77.46,596.97,1,1,0,0,0,0,1,0,1,0,0,0,0,0,0,0,0,1
104,91,120,4.86,13.54,41.44,1062.64,1,1,0,0,0,0,0,1,1,0,0,0,0,1,0,0,0,0
125,86,29,5.74,35.59,35.39,2613.17,1,1,0,0,0,0,0,1,1,0,0,0,0,1,0,0,0,0
83,97,88,5.45,14.07,61.71,1097.93,1,1,0,0,0,0,0,1,1,0,0,0,0,1,0,0,0,0
164,70,28,7.89,20.57,55.97,1700.0,1,1,0,0,0,0,0,1,1,0,0,0,0,1,0,0,0,0
170,44,139,7.64,39.43,59.93,1912.56,1,1,0,0,0,0,0,1,1,0,0,0,0,1,0,0,0,0
79,66,29,6.86,20.17,43.81,858.42,1,1,0,0,0,0,0,1,1,0,0,0,0,1,0,0,0,0
175,40,85,6.37,33.1,87.6,1358.86,1,1,0,0,0,0,0,1,1,0,0,0,0,1,0,0,0,0
99,40,108,4.81,11.97,80.54,1653.28,1,1,0,0,0,0,0,1,1,0,0,0,0,1,0,0,0,0
98,50,121,5.24,32.71,56.26,832.97,1,1,0,0,0,0,0,1,1,0,0,0,0,1,0,0,0,0
105,71,148,7.56,32.26,48.55,2494.12,1,1,0,0,0,0,0,1,1,0,0,0,0,1,0,0,0,0
55,98,40,7.44,10.62,72.71,718.19,1,1,0,0,0,0,0,1,1,0,0,0,0,1,0,0,0,0
44,93,106,7.82,11.76,64.04,2459.26,1,1,0,0,0,0,0,1,1,0,0,0,0,1,0,0,0,0
119,42,106,5.16,11.03,34.77,1936.05,1,1,0,0,0,0,0,1,1,0,0,0,0,1,0,0,0,0
35,56,95,6.31,34.08,88.79,327.21,1,1,0,0,0,0,0,1,1,0,0,0,0,1,0,0,0,0
126,27,71,7.5,20.1,82.09,2329.86,1,1,0,0,0,0,0,1,1,0,0,0,0,1,0,0,0,0
44,51,65,7.36,39.93,33.92,1042.13,1,1,0,0,0,0,0,1,1,0,0,0,0,1,0,0,0,0
132,87,51,7.39,39.32,47.87,813.71,1,1,0,0,0,0,0,1,1,0,0,0,0,1,0,0,0,0
98,40,35,6.48,17.1,30.58,1717.23,1,1,0,0,0,0,0,1,1,0,0,0,0,1,0,0,0,0
151,88,25,6.34,23.96,65.44,947.88,1,1,0,0,0,0,0,1,1,0,0,0,0,1,0,0,0,0
126,51,149,7.44,10.17,59.25,632.87,1,1,0,0,1,0,0,0,0,1,0,0,0,1,0,0,0,0
119,56,131,6.16,39.95,41.37,1069.44,1,1,0,0,1,0,0,0,0,1,0,0,0,1,0,0,0,0
160,99,148,5.83,16.06,85.02,2286.26,1,1,0,0,1,0,0,0,0,1,0,0,0,1,0,0,0,0
164,70,46,5.03,18.95,64.49,903.93,1,1,0,0,1,0,0,0,0,1,0,0,0,1,0,0,0,0
119,70,24,4.87,17.38,30.81,2437.2,1,1,0,0,1,0,0,0,0,1,0,0,0,1,0,0,0,0
123,37,65,6.92,10.83,33.48,1492.9,1,1,0,0,1,0,0,0,0,1,0,0,0,1,0,0,0,0
76,25,61,5.25,19.04,55.96,1066.58,1,1,0,0,1,0,0,0,0,1,0,0,0,1,0,0,0,0
147,59,63,6.3,34.99,63.99,1157.63,1,1,0,0,1,0,0,0,0,1,0,0,0,1,0,0,0,0
93,94,132,5.74,24.98,70.83,1894.1,1,1,0,0,1,0,0,0,0,1,0,0,0,1,0,0,0,0
91,26,85,7.89,26.2,36.21,1814.57,1,1,0,0,1,0,0,0,0,1,0,0,0,1,0,0,0,0
61,59,34,6.35,26.21,50.31,2634.17,1,1,0,0,1,0,0,0,0,1,0,0,0,1,0,0,0,0
133,80,48,4.91,16.63,41.79,1301.88,1,1,0,0,1,0,0,0,0,1,0,0,0,1,0,0,0,0
94,27,137,7.36,38.27,37.1,1154.35,1,1,0,0,1,0,0,0,0,1,0,0,0,1,0,0,0,0
146,72,133,5.81,26.43,89.52,1844.82,1,1,0,0,1,0,0,0,0,1,0,0,0,1,0,0,0,0
79,35,45,5.46,18.66,69.39,900.19,1,1,0,0,1,0,0,0,0,1,0,0,0,1,0,0,0,0
79,82,40,5.39,38.7,73.53,561.95,1,1,0,0,1,0,0,0,0,1,0,0,0,1,0,0,0,0
55,67,114,6.54,22.83,58.8,915.15,1,1,0,0,1,0,0,0,0,1,0,0,0,1,0,0,0,0
110,42,130,7.32,23.54,44.51,1586.15,1,1,0,0,1,0,0,0,0,1,0,0,0,1,0,0,0,0
38,19,21,4.99,26.3,30.83,1630.61,1,1,0,0,1,0,0,0,0,1,0,0,0,1,0,0,0,0
62,57,20,8.06,23.61,77.23,410.29,1,1,0,0,1,0,0,0,0,1,0,0,0,1,0,0,0,0
174,26,101,6.73,34.46,48.46,2721.04,1,1,0,0,1,0,0,0,0,1,0,0,0,1,0,0,0,0
135,28,70,7.95,23.01,79.56,417.14,1,1,0,0,0,1,0,0,0,1,0,0,0,1,0,0,0,0
115,34,121,4.92,31.77,46.55,1059.93,1,1,0,0,0,1,0,0,0,1,0,0,0,1,0,0,0,0
55,80,70,7.49,12.69,81.43,2256.98,1,1,0,0,0,1,0,0,0,1,0,0,0,1,0,0,0,0
73,18,34,5.03,24.78,42.74,394.19,1,1,0,0,0,1,0,0,0,1,0,0,0,1,0,0,0,0
134,19,26,8.14,21.45,54.64,2427.2,1,1,0,0,0,1,0,0,0,1,0,0,0,1,0,0,0,0
145,52,101,7.75,16.31,58.26,1582.18,1,1,0,0,0,1,0,0,0,1,0,0,0,1,0,0,0,0
104,59,68,7.85,17.81,65.22,1913.2,1,1,0,0,0,1,0,0,0,1,0,0,0,1,0,0,0,0
88,87,23,6.89,18.29,84.5,1708.32,1,1,0,0,0,1,0,0,0,1,0,0,0,1,0,0,0,0
60,41,72,8.0,36.91,31.31,537.14,1,1,0,0,0,1,0,0,0,1,0,0,0,1,0,0,0,0
43,19,78,7.94,28.68,86.91,1508.52,1,1,0,0,0,1,0,0,0,1,0,0,0,1,0,0,0,0
112,19,131,5.43,39.35,89.24,2367.29,1,1,0,0,0,1,0,0,0,1,0,0,0,1,0,0,0,0
120,52,115,6.63,35.7,39.32,776.92,1,1,0,0,0,1,0,0,0,1,0,0,0,1,0,0,0,0
127,74,48,7.1,39.98,57.97,2028.15,1,1,0,0,0,1,0,0,0,1,0,0,0,1,0,0,0,0
135,46,145,6.93,20.73,45.6,1544.03,1,1,0,0,0,1,0,0,0,1,0,0,0,1,0,0,0,0
40,55,109,7.76,31.1,79.35,2319.5,1,1,0,0,0,1,0,0,0,1,0,0,0,1,0,0,0,0
86,54,147,4.85,16.46,87.84,1165.58,1,1,0,0,0,1,0,0,0,1,0,0,0,1,0,0,0,0
54,32,137,7.06,27.67,87.78,2438.63,1,1,0,0,0,1,0,0,0,1,0,0,0,1,0,0,0,0
129,28,91,8.19,10.86,79.84,2131.64,1,1,0,0,0,1,0,0,0,1,0,0,0,1,0,0,0,0
61,21,101,6.59,17.14,82.99,1914.32,1,1,0,0,0,1,0,0,0,1,0,0,0,1,0,0,0,0
151,32,146,6.91,26.85,78.85,2421.77,1,1,0,0,0,1,0,0,0,1,0,0,0,1,0,0,0,0
168,70,79,6.39,33.97,48.7,2066.69,1,1,0,0,0,1,0,0,0,1,0,0,0,1,0,0,0,0
148,25,62,7.52,23.79,76.72,1567.92,1,1,0,0,0,1,0,0,0,1,0,0,0,1,0,0,0,0
165,31,142,7.51,36.49,49.04,1181.23,1,1,0,0,0,1,0,0,0,1,0,0,0,1,0,0,0,0
65,39,50,7.13,37.52,40.74,1488.2,1,1,0,0,0,0,1,0,0,1,0,0,0,0,0,0,0,1
56,58,67,6.75,30.41,60.17,2331.29,1,1,0,0,0,0,1,0,0,1,0,0,0,0,0,0,0,1
122,48,127,6.48,24.61,73.28,2743.74,1,1,0,0,0,0,1,0,0,1,0,0,0,0,0,0,0,1
154,39,23,7.15,39.4,30.71,2512.05,1,1,0,0,0,0,1,0,0,1,0,0,0,0,0,0,0,1
115,68,42,4.88,30.26,71.12,906.43,1,1,0,0,0,0,1,0,0,1,0,0,0,0,0,0,0,1
130,73,112,6.51,33.35,36.09,2424.2,1,1,0,0,0,0,1,0,0,1,0,0,0,0,0,0,0,1
115,85,116,7.25,23.79,43.22,870.8,1,1,0,0,0,0,1,0,0,1,0,0,0,0,0,0,0,1
86,85,110,5.42,22.24,54.33,2470.24,1,1,0,0,0,0,1,0,0,1,0,0,0,0,0,0,0,1
135,35,142,7.92,23.55,82.94,651.99,1,1,0,0,0,0,1,0,0,1,0,0,0,0,0,0,0,1
158,24,32,5.45,13.88,52.13,2595.49,1,1,0,0,0,0,1,0,0,1,0,0,0,0,0,0,0,1
149,68,22,7.52,32.17,41.26,1538.75,1,1,0,0,0,0,1,0,0,1,0,0,0,0,0,0,0,1
129,77,55,5.15,20.69,76.18,1847.51,1,1,0,0,0,0,1,0,0,1,0,0,0,0,0,0,0,1
50,71,144,7.13,38.91,86.98,551.86,1,1,0,0,0,0,1,0,0,1,0,0,0,0,0,0,0,1
148,80,102,7.49,27.3,76.64,665.4,1,1,0,0,0,0,1,0,0,1,0,0,0,0,0,0,0,1
111,24,102,5.96,29.61,56.65,342.85,1,1,0,0,0,0,1,0,0,1,0,0,0,0,0,0,0,1
121,54,25,7.27,35.23,34.91,1410.22,1,1,0,0,0,0,1,0,0,1,0,0,0,0,0,0,0,1
89,27,115,5.37,16.19,68.56,2293.92,1,1,0,0,0,0,1,0,0,1,0,0,0,0,0,0,0,1
141,72,117,5.41,12.37,40.25,1422.33,1,1,0,0,0,0,1,0,0,1,0,0,0,0,0,0,0,1
178,28,84,7.88,38.28,39.83,809.25,1,1,0,0,0,0,1,0,0,1,0,0,0,0,0,0,0,1
127,43,44,5.43,27.61,40.37,2024.71,1,1,0,0,0,0,1,0,0,1,0,0,0,0,0,0,0,1
93,66,79,6.76,12.06,84.9,2235.88,1,1,0,0,0,0,1,0,0,1,0,0,0,0,0,0,0,1
46,54,114,5.93,19.74,83.54,2737.59,1,1,0,0,0,0,1,0,0,1,0,0,0,0,0,0,0,1
158,32,36,5.67,28.6,59.58,1216.66,1,1,0,0,0,0,1,0,0,1,0,0,0,0,0,0,0,1
41,26,76,5.34,38.4,63.7,2093.95,1,1,0,0,0,0,1,0,0,1,0,0,0,0,0,0,0,1
113,58,130,7.52,12.79,55.83,2199.81,1,1,0,0,0,0,1,0,0,1,0,0,0,0,0,0,0,1
160,46,72,5.9,23.32,41.57,1693.09,1,1,0,0,0,0,1,0,0,1,0,0,0,0,0,0,0,1
43,26,136,5.78,37.11,34.59,1359.54,1,1,0,0,0,0,1,0,0,1,0,0,0,0,0,0,0,1
64,45,78,5.02,28.41,54.69,2673.34,1,1,0,0,0,0,1,0,0,1,0,0,0,0,0,0,0,1
41,67,43,7.31,35.24,80.43,2602.04,1,1,0,0,0,0,1,0,0,1,0,0,0,0,0,0,0,1
163,27,118,7.38,34.2,62.65,1528.11,1,1,0,0,0,0,1,0,0,1,0,0,0,0,0,0,0,1
113,52,107,5.66,22.52,53.94,575.25,1,1,0,0,0,0,1,0,0,1,0,0,0,0,0,0,0,1
77,22,78,5.73,28.28,47.13,1800.23,1,1,0,0,0,0,1,0,0,1,0,0,0,0,0,0,0,1
41,32,24,6.98,29.92,68.18,385.18,1,1,0,0,0,0,1,0,0,1,0,0,0,0,0,0,0,1
177,18,85,6.75,20.63,41.12,1551.85,1,1,0,0,0,0,0,1,0,1,0,0,0,1,0,0,0,0
107,74,67,7.06,39.12,42.8,358.24,1,1,0,0,0,0,0,1,0,1,0,0,0,1,0,0,0,0
37,35,93,6.13,38.93,71.15,1248.19,1,1,0,0,0,0,0,1,0,1,0,0,0,1,0,0,0,0
65,67,133,6.02,15.31,89.76,1595.5,1,1,0,0,0,0,0,1,0,1,0,0,0,1,0,0,0,0
66,17,133,4.86,19.34,45.01,2255.55,1,1,0,0,0,0,0,1,0,1,0,0,0,1,0,0,0,0
140,19,85,5.85,26.86,58.93,2550.23,1,1,0,0,0,0,0,1,0,1,0,0,0,1,0,0,0,0
55,26,68,6.97,10.66,66.76,990.21,1,1,0,0,0,0,0,1,0,1,0,0,0,1,0,0,0,0
49,38,66,7.6,16.62,56.16,1104.26,1,1,0,0,0,0,0,1,0,1,0,0,0,1,0,0,0,0
54,96,133,8.06,24.69,38.15,1873.49,1,1,0,0,0,0,0,1,0,1,0,0,0,1,0,0,0,0
66,41,101,6.16,24.89,59.11,358.81,1,1,0,0,0,0,0,1,0,1,0,0,0,1,0,0,0,0
144,46,56,7.96,38.07,59.45,2257.35,1,1,0,0,0,0,0,1,0,1,0,0,0,1,0,0,0,0
83,41,83,5.28,16.47,65.32,803.26,1,1,0,0,0,0,0,1,0,1,0,0,0,1,0,0,0,0
156,22,40,7.17,10.6,77.44,2677.36,1,1,0,0,0,0,0,1,0,1,0,0,0,1,0,0,0,0
63,78,34,6.1,12.52,34.38,833.42,1,1,0,0,0,0,0,1,0,1,0,0,0,1,0,0,0,0
172,93,104,5.38,24.47,86.67,2108.97,1,1,0,0,0,0,0,1,0,1,0,0,0,1,0,0,0,0
101,33,112,6.02,12.8,54.38,2546.39,1,1,0,0,0,0,0,1,0,1,0,0,0,1,0,0,0,0
129,52,49,5.98,32.31,77.5,1725.53,1,1,0,0,0,0,0,1,0,1,0,0,0,1,0,0,0,0
173,61,133,6.4,20.23,87.27,779.86,1,1,0,0,0,0,0,1,0,1,0,0,0,1,0,0,0,0
82,86,69,6.44,15.53,87.53,692.82,1,1,0,0,0,0,0,1,0,1,0,0,0,1,0,0,0,0
111,51,57,5.78,39.58,43.56,2622.93,1,1,0,0,0,0,0,1,0,1,0,0,0,1,0,0,0,0
39,91,140,6.03,34.81,56.31,1502.66,1,1,0,0,0,0,0,1,0,1,0,0,0,1,0,0,0,0
154,95,87,6.18,16.62,49.93,743.55,1,1,0,0,0,0,0,1,0,1,0,0,0,1,0,0,0,0
143,27,63,4.98,18.44,64.38,1027.74,1,1,0,0,0,0,0,1,0,1,0,0,0,1,0,0,0,0
30,69,104,7.56,17.81,52.15,1362.59,1,1,0,0,0,0,0,1,0,1,0,0,0,1,0,0,0,0
174,47,109,7.26,18.68,75.98,1508.63,1,1,0,0,0,0,0,1,0,1,0,0,0,1,0,0,0,0
37,78,85,5.15,33.0,76.52,980.89,1,1,0,0,0,0,0,1,0,1,0,0,0,1,0,0,0,0
39,33,121,7.18,10.99,59.6,573.26,1,1,0,0,0,0,0,1,0,1,0,0,0,1,0,0,0,0
129,99,50,5.53,16.64,75.93,2228.76,1,1,0,0,1,0,0,0,0,0,1,0,0,1,0,0,0,0
75,93,36,8.02,38.4,67.22,1037.94,1,1,0,0,1,0,0,0,0,0,1,0,0,1,0,0,0,0
142,40,36,7.1,25.93,42.95,301.11,1,1,0,0,1,0,0,0,0,0,1,0,0,1,0,0,0,0
76,95,58,8.07,27.58,78.59,756.22,1,1,0,0,1,0,0,0,0,0,1,0,0,1,0,0,0,0
70,89,28,6.43,37.88,42.39,785.36,1,1,0,0,1,0,0,0,0,0,1,0,0,1,0,0,0,0
159,71,136,7.54,12.8,76.7,1232.8,1,1,0,0,1,0,0,0,0,0,1,0,0,1,0,0,0,0
138,76,50,6.1,21.15,49.99,565.85,1,1,0,0,1,0,0,0,0,0,1,0,0,1,0,0,0,0
116,50,134,7.79,18.13,75.2,602.11,1,1,0,0,1,0,0,0,0,0,1,0,0,1,0,0,0,0
50,38,119,4.84,39.31,73.11,1447.14,1,1,0,0,1,0,0,0,0,0,1,0,0,1,0,0,0,0
172,28,47,7.84,25.27,61.22,2216.89,1,1,0,0,1,0,0,0,0,0,1,0,0,1,0,0,0,0
136,52,122,7.53,22.02,35.8,2079.32,1,1,0,0,1,0,0,0,0,0,1,0,0,1,0,0,0,0
72,99,142,4.96,31.38,84.36,863.91,1,1,0,0,1,0,0,0,0,0,1,0,0,1,0,0,0,0
95,33,84,5.66,25.01,54.1,460.52,1,1,0,0,1,0,0,0,0,0,1,0,0,1,0,0,0,0
106,48,60,6.66,20.7,50.23,361.17,1,1,0,0,1,0,0,0,0,0,1,0,0,1,0,0,0,0
54,17,56,6.15,23.71,68.52,1605.34,1,1,0,0,1,0,0,0,0,0,1,0,0,1,0,0,0,0
154,50,47,6.61,11.06,77.23,946.42,1,1,0,0,1,0,0,0,0,0,1,0,0,1,0,0,0,0
147,75,142,5.86,36.72,69.44,1462.18,1,1,0,0,1,0,0,0,0,0,1,0,0,1,0,0,0,0
110,70,26,7.59,24.29,67.6,707.95,1,1,0,0,1,0,0,0,0,0,1,0,0,1,0,0,0,0
134,88,88,6.12,39.89,34.36,1175.43,1,1,0,0,1,0,0,0,0,0,1,0,0,1,0,0,0,0
98,31,43,7.75,18.16,51.32,955.84,1,1,0,0,1,0,0,0,0,0,1,0,0,1,0,0,0,0
87,22,100,7.77,36.3,72.89,2322.3,1,1,0,0,1,0,0,0,0,0,1,0,0,1,0,0,0,0
36,18,119,4.82,37.69,52.95,897.11,1,1,0,0,1,0,0,0,0,0,1,0,0,1,0,0,0,0
31,51,141,6.0,36.5,51.8,1759.16,1,1,0,0,1,0,0,0,0,0,1,0,0,1,0,0,0,0
102,71,80,8.15,17.09,89.07,2728.13,1,1,0,0,1,0,0,0,0,0,1,0,0,1,0,0,0,0
121,34,24,5.78,29.46,31.4,1152.02,1,1,0,0,1,0,0,0,0,0,1,0,0,1,0,0,0,0
107,16,127,8.16,17.17,51.0,1174.68,1,1,0,0,1,0,0,0,0,0,1,0,0,1,0,0,0,0
140,34,125,6.73,31.24,73.34,1913.65,1,1,0,0,1,0,0,0,0,0,1,0,0,1,0,0,0,0
137,92,65,5.29,38.02,39.31,2595.57,1,1,0,0,1,0,0,0,0,0,1,0,0,1,0,0,0,0
176,99,124,7.2,15.4,85.9,2524.47,1,1,0,0,1,0,0,0,0,0,1,0,0,1,0,0,0,0
157,31,122,6.06,29.77,83.11,1546.9,1,1,0,0,1,0,0,0,0,0,1,0,0,1,0,0,0,0
102,31,30,6.76,14.36,51.89,886.0,1,1,0,0,1,0,0,0,0,0,1,0,0,1,0,0,0,0
52,15,101,5.65,29.42,33.9,1316.05,1,1,0,0,1,0,0,0,0,0,1,0,0,1,0,0,0,0
90,98,99,6.68,22.86,64.25,524.0,1,1,0,0,1,0,0,0,0,0,1,0,0,1,0,0,0,0
150,23,78,7.17,26.11,56.78,1877.46,1,1,0,0,1,0,0,0,0,0,1,0,0,1,0,0,0,0
32,67,111,5.28,35.66,72.19,1936.16,1,1,0,0,1,0,0,0,0,0,1,0,0,1,0,0,0,0
122,85,131,7.35,27.96,79.31,1636.12,1,1,0,0,1,0,0,0,0,0,1,0,0,1,0,0,0,0
98,87,89,6.03,32.0,76.45,1462.73,1,1,0,0,1,0,0,0,0,0,1,0,0,1,0,0,0,0
84,71,124,7.92,22.63,53.61,493.05,1,1,0,0,0,1,0,0,0,0,1,0,0,1,0,0,0,0
92,81,126,5.92,18.22,51.73,2396.79,1,1,0,0,0,1,0,0,0,0,1,0,0,1,0,0,0,0
48,71,110,6.43,35.81,81.69,881.27,1,1,0,0,0,1,0,0,0,0,1,0,0,1,0,0,0,0
36,77,80,4.92,26.58,50.15,2022.97,1,1,0,0,0,1,0,0,0,0,1,0,0,1,0,0,0,0
119,72,64,5.36,34.28,37.76,2332.43,1,1,0,0,0,1,0,0,0,0,1,0,0,1,0,0,0,0
118,50,44,7.96,31.94,40.13,518.43,1,1,0,0,0,1,0,0,0,0,1,0,0,1,0,0,0,0
71,59,145,6.58,15.09,46.87,1521.18,1,1,0,0,0,1,0,0,0,0,1,0,0,1,0,0,0,0
155,36,114,7.11,17.42,45.21,2465.56,1,1,0,0,0,1,0,0,0,0,1,0,0,1,0,0,0,0
176,82,67,7.94,19.35,80.47,2519.8,1,1,0,0,0,1,0,0,0,0,1,0,0,1,0,0,0,0
83,62,50,5.82,13.04,56.05,1734.85,1,1,0,0,0,1,0,0,0,0,1,0,0,1,0,0,0,0
111,46,149,6.95,30.29,52.98,451.66,1,1,0,0,0,1,0,0,0,0,1,0,0,1,0,0,0,0
119,65,80,5.17,27.98,79.17,2789.16,1,1,0,0,0,1,0,0,0,0,1,0,0,1,0,0,0,0
112,31,81,7.94,26.34,73.54,2445.89,1,1,0,0,0,1,0,0,0,0,1,0,0,1,0,0,0,0
77,24,28,7.3,13.76,33.03,1180.25,1,1,0,0,0,1,0,0,0,0,1,0,0,1,0,0,0,0
178,39,92,6.16,23.62,88.69,2525.98,1,1,0,0,0,1,0,0,0,0,1,0,0,1,0,0,0,0
51,81,44,7.93,37.0,77.31,922.56,1,1,0,0,0,1,0,0,0,0,1,0,0,1,0,0,0,0
44,78,120,6.68,16.31,60.82,755.37,1,1,0,0,0,1,0,0,0,0,1,0,0,1,0,0,0,0
147,42,131,7.17,25.41,78.77,872.3,1,1,0,0,0,1,0,0,0,0,1,0,0,1,0,0,0,0
107,21,118,7.33,38.03,38.27,1359.21,1,1,0,0,0,1,0,0,0,0,1,0,0,1,0,0,0,0
161,66,73,6.71,27.4,86.72,2684.09,1,1,0,0,0,1,0,0,0,0,1,0,0,1,0,0,0,0
169,56,95,7.63,32.33,37.93,2288.73,1,1,0,0,0,1,0,0,0,0,1,0,0,1,0,0,0,0
38,28,138,5.32,29.14,80.01,2119.22,1,1,0,0,0,1,0,0,0,0,1,0,0,1,0,0,0,0
132,60,64,6.72,14.3,74.53,1020.57,1,1,0,0,0,1,0,0,0,0,1,0,0,1,0,0,0,0
54,32,149,4.93,19.77,44.84,384.18,1,1,0,0,0,1,0,0,0,0,1,0,0,1,0,0,0,0
33,54,88,5.72,29.73,70.78,899.14,1,1,0,0,0,1,0,0,0,0,1,0,0,1,0,0,0,0
50,21,26,7.85,30.58,84.52,2600.15,1,1,0,0,0,1,0,0,0,0,1,0,0,1,0,0,0,0
138,94,54,6.47,36.26,73.1,1184.96,1,1,0,0,0,1,0,0,0,0,1,0,0,1,0,0,0,0
143,71,47,6.52,12.57,32.09,2442.55,1,1,0,0,0,1,0,0,0,0,1,0,0,1,0,0,0,0
55,81,120,7.35,34.9,59.91,1602.45,1,1,0,0,0,1,0,0,0,0,1,0,0,1,0,0,0,0
91,24,26,5.11,22.69,82.58,2355.24,1,1,0,0,0,1,0,0,0,0,1,0,0,1,0,0,0,0
163,16,92,7.61,17.69,47.02,1723.89,1,1,0,0,0,0,1,0,0,0,1,0,0,0,0,0,1,0
43,97,53,7.94,17.82,71.02,1807.08,1,1,0,0,0,0,1,0,0,0,1,0,0,0,0,0,1,0
78,26,91,5.98,19.42,48.9,685.65,1,1,0,0,0,0,1,0,0,0,1,0,0,0,0,0,1,0
141,70,55,7.39,15.6,54.03,2727.1,1,1,0,0,0,0,1,0,0,0,1,0,0,0,0,0,1,0
140,82,125,6.56,37.18,88.56,1434.96,1,1,0,0,0,0,1,0,0,0,1,0,0,0,0,0,1,0
129,31,32,7.56,23.04,51.5,1752.69,1,1,0,0,0,0,1,0,0,0,1,0,0,0,0,0,1,0
142,37,148,7.66,27.39,50.13,1561.11,1,1,0,0,0,0,1,0,0,0,1,0,0,0,0,0,1,0
137,51,55,6.42,33.39,89.9,2011.17,1,1,0,0,0,0,1,0,0,0,1,0,0,0,0,0,1,0
41,98,102,6.49,27.49,52.39,1403.43,1,1,0,0,0,0,1,0,0,0,1,0,0,0,0,0,1,0
132,18,25,5.42,13.56,36.16,2157.97,1,1,0,0,0,0,1,0,0,0,1,0,0,0,0,0,1,0
150,23,119,6.5,21.16,88.16,1660.3,1,1,0,0,0,0,1,0,0,0,1,0,0,0,0,0,1,0
58,19,20,4.89,17.78,68.17,312.67,1,1,0,0,0,0,1,0,0,0,1,0,0,0,0,0,1,0
146,67,71,7.01,21.85,85.79,988.9,1,1,0,0,0,0,1,0,0,0,1,0,0,0,0,0,1,0
47,39,103,5.04,16.41,30.39,2792.67,1,1,0,0,0,0,1,0,0,0,1,0,0,0,0,0,1,0
113,47,55,5.45,17.23,85.82,675.66,1,1,0,0,0,0,1,0,0,0,1,0,0,0,0,0,1,0
126,21,70,6.55,31.85,60.68,2656.03,1,1,0,0,0,0,1,0,0,0,1,0,0,0,0,0,1,0
172,41,36,5.81,32.52,41.57,861.2,1,1,0,0,0,0,1,0,0,0,1,0,0,0,0,0,1,0
100,99,120,6.71,37.73,79.3,983.08,1,1,0,0,0,0,1,0,0,0,1,0,0,0,0,0,1,0
53,53,144,6.07,15.62,84.24,1924.09,1,1,0,0,0,0,1,0,0,0,1,0,0,0,0,0,1,0
169,79,30,5.14,13.44,46.48,2499.62,1,1,0,0,0,0,1,0,0,0,1,0,0,0,0,0,1,0
98,43,46,7.92,25.01,75.0,1909.79,1,1,0,0,0,0,1,0,0,0,1,0,0,0,0,0,1,0
110,68,43,7.46,35.36,62.56,459.69,1,1,0,0,0,0,1,0,0,0,1,0,0,0,0,0,1,0
132,79,49,4.82,18.5,68.97,311.53,1,1,0,0,0,0,1,0,0,0,1,0,0,0,0,0,1,0
63,24,61,5.9,25.67,76.92,958.99,1,1,0,0,0,0,1,0,0,0,1,0,0,0,0,0,1,0
175,95,143,7.26,35.61,37.27,2271.14,1,1,0,0,0,0,0,1,0,0,1,0,0,1,0,0,0,0
44,70,108,6.12,28.77,48.05,2306.41,1,1,0,0,0,0,0,1,0,0,1,0,0,1,0,0,0,0
44,76,38,5.88,34.05,62.26,311.61,1,1,0,0,0,0,0,1,0,0,1,0,0,1,0,0,0,0
91,18,98,5.6,32.24,40.66,960.25,1,1,0,0,0,0,0,1,0,0,1,0,0,1,0,0,0,0
67,81,26,5.87,36.11,35.86,936.85,1,1,0,0,0,0,0,1,0,0,1,0,0,1,0,0,0,0
162,47,116,7.46,23.84,72.26,2388.58,1,1,0,0,0,0,0,1,0,0,1,0,0,1,0,0,0,0
158,41,147,7.17,39.36,78.77,2278.7,1,1,0,0,0,0,0,1,0,0,1,0,0,1,0,0,0,0
54,97,122,6.18,37.09,66.64,883.05,1,1,0,0,0,0,0,1,0,0,1,0,0,1,0,0,0,0
167,97,113,7.39,19.64,83.03,1886.65,1,1,0,0,0,0,0,1,0,0,1,0,0,1,0,0,0,0
113,82,75,7.09,35.98,43.02,1245.07,1,1,0,0,0,0,0,1,0,0,1,0,0,1,0,0,0,0
74,19,69,7.6,24.38,72.37,1689.65,1,1,0,0,0,0,0,1,0,0,1,0,0,1,0,0,0,0
166,39,81,5.96,18.42,45.14,2287.59,1,1,0,0,0,0,0,1,0,0,1,0,0,1,0,0,0,0
163,70,135,7.83,31.75,37.73,932.4,1,1,0,0,0,0,0,1,0,0,1,0,0,1,0,0,0,0
102,67,90,7.67,39.24,84.52,1748.88,1,1,0,0,0,0,0,1,0,0,1,0,0,1,0,0,0,0
166,99,62,6.04,32.36,74.97,2438.44,1,1,0,0,0,0,0,1,0,0,1,0,0,1,0,0,0,0
173,55,140,6.18,21.14,43.85,2542.93,1,1,0,0,0,0,0,1,0,0,1,0,0,1,0,0,0,0
75,21,92,7.74,27.36,43.59,1920.67,1,1,0,0,0,0,0,1,0,0,1,0,0,1,0,0,0,0
133,19,58,6.53,26.01,71.33,1661.75,1,1,0,0,0,0,0,1,0,0,1,0,0,1,0,0,0,0
85,15,78,8.1,27.61,83.81,2627.4,1,1,0,0,0,0,0,1,0,0,1,0,0,1,0,0,0,0
44,30,121,8.17,10.57,56.42,1451.72,1,1,0,0,0,0,0,1,0,0,1,0,0,1,0,0,0,0
79,26,53,5.15,15.26,71.25,1929.48,1,1,0,0,1,0,0,0,0,0,0,1,0,1,0,0,0,0
67,56,90,4.92,24.92,40.87,603.49,1,1,0,0,1,0,0,0,0,0,0,1,0,1,0,0,0,0
38,87,108,6.16,37.59,38.51,2080.48,1,1,0,0,1,0,0,0,0,0,0,1,0,1,0,0,0,0
41,90,110,8.08,12.66,74.39,1251.74,1,1,0,0,1,0,0,0,0,0,0,1,0,1,0,0,0,0
153,71,57,6.92,32.98,53.88,380.47,1,1,0,0,1,0,0,0,0,0,0,1,0,1,0,0,0,0
172,43,118,7.32,12.72,77.55,2179.39,1,1,0,0,1,0,0,0,0,0,0,1,0,1,0,0,0,0
97,18,132,6.65,35.23,81.8,1567.47,1,1,0,0,1,0,0,0,0,0,0,1,0,1,0,0,0,0
158,54,110,5.19,39.1,72.17,1912.42,1,1,0,0,1,0,0,0,0,0,0,1,0,1,0,0,0,0
76,59,86,8.16,30.82,48.81,768.53,1,1,0,0,1,0,0,0,0,0,0,1,0,1,0,0,0,0
31,65,60,7.56,20.54,40.46,1036.75,1,1,0,0,1,0,0,0,0,0,0,1,0,1,0,0,0,0
161,77,54,6.77,20.35,55.08,1892.74,1,1,0,0,1,0,0,0,0,0,0,1,0,1,0,0,0,0
174,76,74,7.87,31.84,86.65,1541.83,1,1,0,0,1,0,0,0,0,0,0,1,0,1,0,0,0,0
42,28,34,5.32,38.61,65.4,2717.77,1,1,0,0,1,0,0,0,0,0,0,1,0,1,0,0,0,0
49,67,118,5.49,33.65,55.41,534.39,1,1,0,0,1,0,0,0,0,0,0,1,0,1,0,0,0,0
154,78,116,7.27,31.34,52.44,1665.88,1,1,0,0,1,0,0,0,0,0,0,1,0,1,0,0,0,0
116,83,120,4.85,18.24,54.14,2452.09,1,1,0,0,1,0,0,0,0,0,0,1,0,1,0,0,0,0
46,15,121,6.79,35.13,46.83,2571.01,1,1,0,0,1,0,0,0,0,0,0,1,0,1,0,0,0,0
113,61,107,7.78,36.71,32.25,669.92,1,1,0,0,1,0,0,0,0,0,0,1,0,1,0,0,0,0
159,54,63,7.7,26.57,76.68,828.2,1,1,0,0,1,0,0,0,0,0,0,1,0,1,0,0,0,0
170,51,149,7.48,24.43,53.91,2338.16,1,1,0,0,1,0,0,0,0,0,0,1,0,1,0,0,0,0
67,81,48,4.81,29.57,56.08,1137.68,1,1,0,0,1,0,0,0,0,0,0,1,0,1,0,0,0,0
102,26,51,7.28,37.58,43.06,795.72,1,1,0,0,1,0,0,0,0,0,0,1,0,1,0,0,0,0
146,89,79,7.17,28.84,35.6,755.02,1,1,0,0,1,0,0,0,0,0,0,1,0,1,0,0,0,0
47,21,137,4.99,37.77,68.04,525.74,1,1,0,0,1,0,0,0,0,0,0,1,0,1,0,0,0,0
70,49,114,5.79,36.24,88.71,783.65,1,1,0,0,1,0,0,0,0,0,0,1,0,1,0,0,0,0
107,75,120,5.31,20.12,43.15,473.26,1,1,0,0,1,0,0,0,0,0,0,1,0,1,0,0,0,0
111,94,45,5.97,23.68,46.94,2611.31,1,1,0,0,1,0,0,0,0,0,0,1,0,1,0,0,0,0
103,76,45,4.89,34.8,38.65,1507.53,1,1,0,0,1,0,0,0,0,0,0,1,0,1,0,0,0,0
65,87,86,4.85,29.44,76.96,2160.48,1,1,0,0,1,0,0,0,0,0,0,1,0,1,0,0,0,0
160,92,27,5.25,18.47,70.48,2146.64,1,1,0,0,1,0,0,0,0,0,0,1,0,1,0,0,0,0
59,68,98,6.27,18.87,78.92,2292.13,1,1,0,0,1,0,0,0,0,0,0,1,0,1,0,0,0,0
168,30,69,4.94,11.36,71.86,1296.72,1,1,0,0,1,0,0,0,0,0,0,1,0,1,0,0,0,0
144,28,147,6.53,38.33,69.53,2235.37,1,1,0,0,1,0,0,0,0,0,0,1,0,1,0,0,0,0
111,90,43,5.26,26.39,80.37,2328.38,1,1,0,0,0,1,0,0,0,0,0,1,0,0,0,1,0,0
86,73,80,7.93,16.51,36.97,2374.32,1,1,0,0,0,1,0,0,0,0,0,1,0,0,0,1,0,0
55,85,91,7.72,39.87,62.72,1754.72,1,1,0,0,0,1,0,0,0,0,0,1,0,0,0,1,0,0
179,27,36,5.07,31.54,58.76,2367.85,1,1,0,0,0,1,0,0,0,0,0,1,0,0,0,1,0,0
66,31,77,5.04,38.15,58.16,1476.33,1,1,0,0,0,1,0,0,0,0,0,1,0,0,0,1,0,0
64,61,94,5.81,34.04,47.88,1466.04,1,1,0,0,0,1,0,0,0,0,0,1,0,0,0,1,0,0
174,38,65,7.21,15.81,44.71,2085.58,1,1,0,0,0,1,0,0,0,0,0,1,0,0,0,1,0,0
128,86,91,8.19,36.11,34.39,545.38,1,1,0,0,0,1,0,0,0,0,0,1,0,0,0,1,0,0
81,75,106,6.89,28.14,46.7,996.48,1,1,0,0,0,1,0,0,0,0,0,1,0,0,0,1,0,0
50,45,99,5.32,31.84,39.15,406.02,1,1,0,0,0,1,0,0,0,0,0,1,0,0,0,1,0,0
148,98,100,5.33,17.25,69.17,2778.94,1,1,0,0,0,1,0,0,0,0,0,1,0,0,0,1,0,0
122,46,24,5.35,19.51,84.04,1582.59,1,1,0,0,0,1,0,0,0,0,0,1,0,0,0,1,0,0
115,52,111,4.94,27.96,53.47,2623.84,1,1,0,0,0,1,0,0,0,0,0,1,0,0,0,1,0,0
102,86,53,7.19,38.95,44.23,2781.68,1,1,0,0,0,1,0,0,0,0,0,1,0,0,0,1,0,0
85,59,84,6.26,14.73,34.95,2631.87,1,1,0,0,0,1,0,0,0,0,0,1,0,0,0,1,0,0
164,51,104,6.33,26.43,55.38,2415.08,1,1,0,0,0,1,0,0,0,0,0,1,0,0,0,1,0,0
153,81,89,6.56,36.86,71.14,2071.02,1,1,0,0,0,1,0,0,0,0,0,1,0,0,0,1,0,0
97,60,63,5.25,14.36,32.17,477.64,1,1,0,0,0,1,0,0,0,0,0,1,0,0,0,1,0,0
110,35,82,7.86,11.0,81.02,2248.0,1,1,0,0,0,1,0,0,0,0,0,1,0,0,0,1,0,0
123,98,140,8.19,17.14,59.08,1398.55,1,1,0,0,0,1,0,0,0,0,0,1,0,0,0,1,0,0
133,68,99,6.08,23.6,75.81,1972.11,1,1,0,0,0,1,0,0,0,0,0,1,0,0,0,1,0,0
40,76,113,7.23,26.59,48.37,826.43,1,1,0,0,0,1,0,0,0,0,0,1,0,0,0,1,0,0
154,50,87,5.47,38.66,48.78,2317.33,1,1,0,0,0,1,0,0,0,0,0,1,0,0,0,1,0,0
160,74,141,7.44,37.42,33.48,1007.75,1,1,0,0,0,1,0,0,0,0,0,1,0,0,0,1,0,0
140,37,145,5.68,38.92,52.8,1553.46,1,1,0,0,0,1,0,0,0,0,0,1,0,0,0,1,0,0
50,63,20,8.15,26.12,53.14,985.63,1,1,0,0,0,0,1,0,0,0,0,1,0,0,0,0,0,1
107,59,80,7.5,34.46,50.08,464.04,1,1,0,0,0,0,1,0,0,0,0,1,0,0,0,0,0,1
125,85,83,5.94,37.8,49.48,2454.08,1,1,0,0,0,0,1,0,0,0,0,1,0,0,0,0,0,1
92,40,137,7.98,36.69,55.83,2258.73,1,1,0,0,0,0,1,0,0,0,0,1,0,0,0,0,0,1
98,33,68,5.42,28.95,52.88,401.29,1,1,0,0,0,0,1,0,0,0,0,1,0,0,0,0,0,1
61,35,40,6.52,39.4,57.44,2230.62,1,1,0,0,0,0,1,0,0,0,0,1,0,0,0,0,0,1
58,32,29,6.96,37.46,51.8,364.64,1,1,0,0,0,0,1,0,0,0,0,1,0,0,0,0,0,1
165,51,90,7.41,14.69,65.9,720.7,1,1,0,0,0,0,1,0,0,0,0,1,0,0,0,0,0,1
137,42,49,5.47,15.05,62.77,399.29,1,1,0,0,0,0,1,0,0,0,0,1,0,0,0,0,0,1
84,82,88,7.12,16.06,61.49,2098.0,1,1,0,0,0,0,1,0,0,0,0,1,0,0,0,0,0,1
32,86,147,6.61,22.18,50.46,2080.06,1,1,0,0,0,0,1,0,0,0,0,1,0,0,0,0,0,1
95,62,36,4.85,26.97,81.5,1076.69,1,1,0,0,0,0,1,0,0,0,0,1,0,0,0,0,0,1
40,43,78,7.94,21.81,69.22,992.54,1,1,0,0,0,0,1,0,0,0,0,1,0,0,0,0,0,1
55,39,89,5.06,17.7,55.3,1785.39,1,1,0,0,0,0,1,0,0,0,0,1,0,0,0,0,0,1
40,30,23,6.31,26.16,68.38,2188.18,1,1,0,0,0,0,1,0,0,0,0,1,0,0,0,0,0,1
73,47,120,7.95,10.74,78.29,2187.65,1,1,0,0,0,0,1,0,0,0,0,1,0,0,0,0,0,1
61,91,127,6.53,30.65,33.63,2270.1,1,1,0,0,0,0,1,0,0,0,0,1,0,0,0,0,0,1
87,48,36,7.41,32.77,64.82,329.5,1,1,0,0,0,0,1,0,0,0,0,1,0,0,0,0,0,1
80,17,146,5.78,21.55,65.43,2055.52,1,1,0,0,0,0,1,0,0,0,0,1,0,0,0,0,0,1
133,47,32,6.51,28.53,58.94,1165.3,1,1,0,0,0,0,1,0,0,0,0,1,0,0,0,0,0,1
54,88,111,5.4,16.7,77.16,437.38,1,1,0,0,0,0,1,0,0,0,0,1,0,0,0,0,0,1
142,38,127,5.82,11.46,38.97,2690.06,1,1,0,0,0,0,1,0,0,0,0,1,0,0,0,0,0,1
133,80,21,6.06,33.93,31.69,767.47,1,1,0,0,0,0,1,0,0,0,0,1,0,0,0,0,0,1
103,31,50,6.68,12.4,47.52,686.67,1,1,0,0,0,0,1,0,0,0,0,1,0,0,0,0,0,1
30,42,78,5.44,30.03,36.48,2336.19,1,1,0,0,0,0,1,0,0,0,0,1,0,0,0,0,0,1
116,44,104,6.89,18.48,58.1,510.84,1,1,0,0,0,0,1,0,0,0,0,1,0,0,0,0,0,1
58,85,29,6.86,20.66,73.09,2597.08,1,1,0,0,0,0,1,0,0,0,0,1,0,0,0,0,0,1
137,21,60,7.46,35.01,66.36,1193.18,1,1,0,0,0,0,1,0,0,0,0,1,0,0,0,0,0,1
176,56,78,5.51,29.17,42.19,354.6,1,1,0,0,0,0,1,0,0,0,0,1,0,0,0,0,0,1
171,19,86,5.4,21.78,73.07,2768.22,1,1,0,0,0,0,0,1,0,0,0,1,0,1,0,0,0,0
121,65,105,7.1,10.69,67.24,1966.79,1,1,0,0,0,0,0,1,0,0,0,1,0,1,0,0,0,0
103,15,95,7.3,25.87,33.76,1557.17,1,1,0,0,0,0,0,1,0,0,0,1,0,1,0,0,0,0
151,37,52,7.09,23.59,56.95,2782.62,1,1,0,0,0,0,0,1,0,0,0,1,0,1,0,0,0,0
51,64,121,6.23,22.26,56.52,403.72,1,1,0,0,0,0,0,1,0,0,0,1,0,1,0,0,0,0
176,69,110,8.18,38.96,78.85,1352.37,1,1,0,0,0,0,0,1,0,0,0,1,0,1,0,0,0,0
42,88,113,6.35,24.19,59.49,1057.84,1,1,0,0,0,0,0,1,0,0,0,1,0,1,0,0,0,0
83,74,43,6.93,17.74,31.67,2630.38,1,1,0,0,0,0,0,1,0,0,0,1,0,1,0,0,0,0
151,80,142,5.67,26.28,52.4,989.77,1,1,0,0,0,0,0,1,0,0,0,1,0,1,0,0,0,0
139,77,113,7.68,31.11,79.41,1170.76,1,1,0,0,0,0,0,1,0,0,0,1,0,1,0,0,0,0
163,68,52,5.86,25.39,80.48,1878.86,1,1,0,0,0,0,0,1,0,0,0,1,0,1,0,0,0,0
123,72,100,8.19,15.99,39.94,1341.16,1,1,0,0,0,0,0,1,0,0,0,1,0,1,0,0,0,0
30,65,72,6.82,32.05,37.54,929.17,1,1,0,0,0,0,0,1,0,0,0,1,0,1,0,0,0,0
129,47,111,6.51,16.75,52.46,975.62,1,1,0,0,0,0,0,1,0,0,0,1,0,1,0,0,0,0
102,37,144,7.34,23.73,74.95,1172.75,1,1,0,0,0,0,0,1,0,0,0,1,0,1,0,0,0,0
160,70,93,6.86,13.92,70.5,2443.31,1,1,0,0,0,0,0,1,0,0,0,1,0,1,0,0,0,0
145,92,112,7.59,34.87,72.11,585.35,1,1,0,0,0,0,0,1,0,0,0,1,0,1,0,0,0,0
158,25,32,7.3,18.01,39.84,1471.08,1,1,0,0,0,0,0,1,0,0,0,1,0,1,0,0,0,0
105,92,45,6.83,27.3,50.85,2431.42,1,1,0,0,0,0,0,1,0,0,0,1,0,1,0,0,0,0
155,42,69,5.44,36.06,70.02,1004.87,1,1,0,0,0,0,0,1,0,0,0,1,0,1,0,0,0,0
163,67,101,5.06,16.16,44.04,402.06,1,1,0,0,0,0,0,1,0,0,0,1,0,1,0,0,0,0
62,39,131,4.81,17.79,41.64,1997.7,1,1,0,0,0,0,0,1,0,0,0,1,0,1,0,0,0,0
106,85,137,8.17,11.08,60.29,1979.94,1,1,0,0,0,0,0,1,0,0,0,1,0,1,0,0,0,0
158,97,89,6.18,14.77,33.06,461.03,1,1,0,0,1,0,0,0,0,0,0,0,1,0,0,1,0,0
179,97,133,7.55,32.19,33.85,2783.66,1,1,0,0,1,0,0,0,0,0,0,0,1,0,0,1,0,0
48,40,55,6.61,30.82,85.57,770.38,1,1,0,0,1,0,0,0,0,0,0,0,1,0,0,1,0,0
70,17,49,7.83,18.23,57.66,1719.89,1,1,0,0,1,0,0,0,0,0,0,0,1,0,0,1,0,0
139,89,42,5.6,21.04,30.9,2440.6,1,1,0,0,1,0,0,0,0,0,0,0,1,0,0,1,0,0
37,50,126,8.07,36.46,69.41,2686.79,1,1,0,0,1,0,0,0,0,0,0,0,1,0,0,1,0,0
178,28,97,5.57,16.83,51.76,500.62,1,1,0,0,1,0,0,0,0,0,0,0,1,0,0,1,0,0
105,30,55,8.0,19.91,32.14,444.05,1,1,0,0,1,0,0,0,0,0,0,0,1,0,0,1,0,0
142,40,56,7.64,26.64,41.77,563.88,1,1,0,0,1,0,0,0,0,0,0,0,1,0,0,1,0,0
132,91,137,7.11,30.0,31.36,472.43,1,1,0,0,1,0,0,0,0,0,0,0,1,0,0,1,0,0
44,30,60,8.16,23.36,75.6,2087.1,1,1,0,0,1,0,0,0,0,0,0,0,1,0,0,1,0,0
126,85,76,6.89,21.04,37.18,1014.97,1,1,0,0,1,0,0,0,0,0,0,0,1,0,0,1,0,0
150,45,74,7.37,28.33,52.67,2489.1,1,1,0,0,1,0,0,0,0,0,0,0,1,0,0,1,0,0
141,31,100,6.0,36.05,60.23,1151.04,1,1,0,0,1,0,0,0,0,0,0,0,1,0,0,1,0,0
163,32,139,5.27,35.97,80.28,446.82,1,1,0,0,1,0,0,0,0,0,0,0,1,0,0,1,0,0
140,67,133,7.29,13.52,89.73,2280.48,1,1,0,0,1,0,0,0,0,0,0,0,1,0,0,1,0,0
109,24,98,7.67,30.36,77.44,1039.21,1,1,0,0,1,0,0,0,0,0,0,0,1,0,0,1,0,0
32,57,119,6.4,15.76,76.76,2076.06,1,1,0,0,1,0,0,0,0,0,0,0,1,0,0,1,0,0
134,79,54,7.9,14.15,53.14,2626.76,1,1,0,0,1,0,0,0,0,0,0,0,1,0,0,1,0,0
110,84,114,5.4,10.09,83.77,2576.6,1,1,0,0,1,0,0,0,0,0,0,0,1,0,0,1,0,0
142,33,50,6.25,32.6,68.48,2394.94,1,1,0,0,0,1,0,0,0,0,0,0,1,0,0,1,0,0
92,52,82,5.55,10.36,79.88,1920.81,1,1,0,0,0,1,0,0,0,0,0,0,1,0,0,1,0,0
50,41,38,6.22,20.07,76.04,2503.42,1,1,0,0,0,1,0,0,0,0,0,0,1,0,0,1,0,0
133,27,147,5.07,20.93,61.46,2490.82,1,1,0,0,0,1,0,0,0,0,0,0,1,0,0,1,0,0
154,27,124,7.73,32.33,34.39,1682.31,1,1,0,0,0,1,0,0,0,0,0,0,1,0,0,1,0,0
42,37,67,7.49,36.39,53.67,1730.63,1,1,0,0,0,1,0,0,0,0,0,0,1,0,0,1,0,0
175,26,125,7.36,26.18,56.27,2666.56,1,1,0,0,0,1,0,0,0,0,0,0,1,0,0,1,0,0
63,93,83,5.03,17.33,78.15,826.68,1,1,0,0,0,1,0,0,0,0,0,0,1,0,0,1,0,0
57,92,111,6.89,17.25,71.73,1900.47,1,1,0,0,0,1,0,0,0,0,0,0,1,0,0,1,0,0
59,37,30,6.38,17.54,46.17,2316.89,1,1,0,0,0,1,0,0,0,0,0,0,1,0,0,1,0,0
109,64,22,5.01,24.51,62.37,1686.83,1,1,0,0,0,1,0,0,0,0,0,0,1,0,0,1,0,0
38,94,92,5.16,23.08,37.72,2526.69,1,1,0,0,0,1,0,0,0,0,0,0,1,0,0,1,0,0
95,81,101,6.65,19.82,39.89,1577.9,1,1,0,0,0,1,0,0,0,0,0,0,1,0,0,1,0,0
146,88,68,7.56,18.63,63.89,1243.62,1,1,0,0,0,1,0,0,0,0,0,0,1,0,0,1,0,0
92,81,61,8.16,31.74,42.57,2287.88,1,1,0,0,0,0,1,0,0,0,0,0,1,0,0,0,1,0
73,70,81,6.24,30.39,86.32,2256.89,1,1,0,0,0,0,1,0,0,0,0,0,1,0,0,0,1,0
91,27,24,7.76,19.61,58.55,2692.8,1,1,0,0,0,0,1,0,0,0,0,0,1,0,0,0,1,0
53,76,41,6.57,39.66,76.82,1854.92,1,1,0,0,0,0,1,0,0,0,0,0,1,0,0,0,1,0
37,55,26,5.09,16.89,30.81,462.41,1,1,0,0,0,0,1,0,0,0,0,0,1,0,0,0,1,0
53,66,131,5.23,32.75,84.85,1040.67,1,1,0,0,0,0,1,0,0,0,0,0,1,0,0,0,1,0
61,95,93,5.34,27.17,66.84,2594.59,1,1,0,0,0,0,1,0,0,0,0,0,1,0,0,0,1,0
72,89,108,7.74,26.24,70.46,1688.6,1,1,0,0,0,0,1,0,0,0,0,0,1,0,0,0,1,0
41,64,132,6.29,28.22,43.45,1988.37,1,1,0,0,0,0,1,0,0,0,0,0,1,0,0,0,1,0
53,48,141,5.21,23.29,44.17,1667.57,1,1,0,0,0,0,1,0,0,0,0,0,1,0,0,0,1,0
94,35,31,5.81,32.43,43.61,1702.06,1,1,0,0,0,0,1,0,0,0,0,0,1,0,0,0,1,0
66,40,136,5.61,30.63,62.76,2629.23,1,1,0,0,0,0,1,0,0,0,0,0,1,0,0,0,1,0
73,58,31,6.99,25.1,31.63,1390.69,1,1,0,0,0,0,1,0,0,0,0,0,1,0,0,0,1,0
114,39,108,6.52,10.47,53.03,2797.37,1,1,0,0,0,0,1,0,0,0,0,0,1,0,0,0,1,0
120,49,20,7.68,34.93,55.85,2170.07,1,1,0,0,0,0,1,0,0,0,0,0,1,0,0,0,1,0
148,19,25,6.67,28.9,41.84,414.85,1,1,0,0,0,0,1,0,0,0,0,0,1,0,0,0,1,0
109,83,105,6.06,34.12,61.9,2731.3,1,1,0,0,0,0,1,0,0,0,0,0,1,0,0,0,1,0
163,51,129,4.88,29.02,78.36,2168.79,1,1,0,0,0,0,1,0,0,0,0,0,1,0,0,0,1,0
94,84,128,6.41,32.13,57.49,1354.08,1,1,0,0,0,0,1,0,0,0,0,0,1,0,0,0,1,0
124,54,92,7.13,31.46,34.41,1610.4,1,1,0,0,0,0,1,0,0,0,0,0,1,0,0,0,1,0
100,52,55,5.11,35.11,68.51,2137.53,1,1,0,0,0,0,1,0,0,0,0,0,1,0,0,0,1,0
52,82,95,6.16,24.14,74.38,2649.8,1,1,0,0,0,0,1,0,0,0,0,0,1,0,0,0,1,0
175,54,78,5.04,14.64,63.47,569.55,1,1,0,0,0,0,1,0,0,0,0,0,1,0,0,0,1,0
132,51,142,6.11,12.29,48.09,954.18,1,1,0,0,0,0,1,0,0,0,0,0,1,0,0,0,1,0
168,49,55,6.62,32.98,51.67,698.98,1,1,0,0,0,0,1,0,0,0,0,0,1,0,0,0,1,0
52,67,80,5.77,18.84,45.6,1079.35,1,1,0,0,0,0,1,0,0,0,0,0,1,0,0,0,1,0
178,71,52,5.85,17.57,63.14,2371.66,1,1,0,0,0,0,1,0,0,0,0,0,1,0,0,0,1,0
43,47,138,5.28,16.57,72.56,1624.34,1,1,0,0,0,0,1,0,0,0,0,0,1,0,0,0,1,0
60,31,135,6.01,17.9,35.05,2457.91,1,1,0,0,0,0,1,0,0,0,0,0,1,0,0,0,1,0
140,70,21,5.86,18.75,76.99,1584.12,1,1,0,0,0,0,1,0,0,0,0,0,1,0,0,0,1,0
137,77,85,6.26,16.81,67.38,726.27,1,1,0,0,0,0,1,0,0,0,0,0,1,0,0,0,1,0
159,37,46,6.76,27.96,73.22,2710.59,1,1,0,0,0,0,0,1,0,0,0,0,1,1,0,0,0,0
41,98,25,7.38,30.81,58.35,374.54,1,1,0,0,0,0,0,1,0,0,0,0,1,1,0,0,0,0
143,78,124,5.83,20.98,30.96,1327.91,1,1,0,0,0,0,0,1,0,0,0,0,1,1,0,0,0,0
42,29,58,7.96,39.14,78.27,1513.17,1,1,0,0,0,0,0,1,0,0,0,0,1,1,0,0,0,0
64,57,112,7.15,19.38,85.12,2340.99,1,1,0,0,0,0,0,1,0,0,0,0,1,1,0,0,0,0
132,87,148,6.04,17.01,34.18,463.9,1,1,0,0,0,0,0,1,0,0,0,0,1,1,0,0,0,0
127,80,103,7.61,25.61,76.98,1394.41,1,1,0,0,0,0,0,1,0,0,0,0,1,1,0,0,0,0
64,65,80,5.0,33.28,76.76,2138.7,1,1,0,0,0,0,0,1,0,0,0,0,1,1,0,0,0,0
134,45,125,5.9,21.55,76.34,471.22,1,1,0,0,0,0,0,1,0,0,0,0,1,1,0,0,0,0
97,88,48,6.96,39.72,86.59,1105.61,1,1,0,0,0,0,0,1,0,0,0,0,1,1,0,0,0,0
128,76,99,7.29,27.52,53.64,2149.51,1,1,0,0,0,0,0,1,0,0,0,0,1,1,0,0,0,0
142,72,34,6.5,32.77,74.52,911.86,1,1,0,0,0,0,0,1,0,0,0,0,1,1,0,0,0,0
87,85,109,7.02,20.46,48.33,896.22,1,1,0,0,0,0,0,1,0,0,0,0,1,1,0,0,0,0
167,57,85,8.06,19.03,48.89,1417.14,1,1,0,0,0,0,0,1,0,0,0,0,1,1,0,0,0,0
171,76,114,5.43,27.44,57.56,2288.77,1,1,0,0,0,0,0,1,0,0,0,0,1,1,0,0,0,0
39,75,75,5.63,32.92,73.23,834.9,1,1,0,0,0,0,0,1,0,0,0,0,1,1,0,0,0,0
146,76,54,6.35,21.57,85.81,1634.51,1,1,0,0,0,0,0,1,0,0,0,0,1,1,0,0,0,0
104,68,140,5.03,14.79,30.75,2220.88,1,1,0,0,0,0,0,1,0,0,0,0,1,1,0,0,0,0
96,19,104,7.31,24.84,50.27,1240.45,1,1,0,0,0,0,0,1,0,0,0,0,1,1,0,0,0,0
45,48,54,5.56,28.51,87.92,1923.39,1,1,0,0,0,0,0,1,0,0,0,0,1,1,0,0,0,0
120,43,47,5.69,24.06,76.59,1432.54,1,1,0,0,0,0,0,1,0,0,0,0,1,1,0,0,0,0
61,16,43,6.4,29.31,85.91,2710.57,1,1,0,0,0,0,0,1,0,0,0,0,1,1,0,0,0,0
151,83,23,7.07,25.39,55.34,988.01,1,1,0,0,0,0,0,1,0,0,0,0,1,1,0,0,0,0
122,44,22,6.37,10.35,56.5,1226.65,1,1,0,0,0,0,0,1,0,0,0,0,1,1,0,0,0,0
71,91,65,7.56,31.44,86.06,1768.37,1,1,0,0,0,0,0,1,0,0,0,0,1,1,0,0,0,0
62,37,122,7.28,18.36,77.25,629.03,1,1,0,0,0,0,0,1,0,0,0,0,1,1,0,0,0,0
118,30,20,7.8,29.92,82.57,2735.99,1,1,0,0,0,0,0,1,0,0,0,0,1,1,0,0,0,0
123,81,26,7.59,31.22,59.18,528.77,1,1,0,0,0,0,0,1,0,0,0,0,1,1,0,0,0,0
104,24,134,6.02,37.68,38.46,2293.83,1,1,0,0,0,0,0,1,0,0,0,0,1,1,0,0,0,0
124,31,142,5.7,35.94,63.21,816.81,1,1,0,0,0,0,0,1,0,0,0,0,1,1,0,0,0,0
132,62,22,6.35,22.97,53.89,1305.68,1,0,1,0,1,0,0,0,1,0,0,0,0,0,0,1,0,0
34,23,50,6.6,39.96,66.68,720.52,1,0,1,0,1,0,0,0,1,0,0,0,0,0,0,1,0,0
56,42,143,7.7,24.33,77.14,1963.52,1,0,1,0,1,0,0,0,1,0,0,0,0,0,0,1,0,0
78,91,105,6.43,21.77,63.95,1562.79,1,0,1,0,1,0,0,0,1,0,0,0,0,0,0,1,0,0
167,26,70,6.19,29.72,82.08,2534.29,1,0,1,0,1,0,0,0,1,0,0,0,0,0,0,1,0,0
46,48,145,7.35,19.43,30.73,2789.29,1,0,1,0,1,0,0,0,1,0,0,0,0,0,0,1,0,0
77,19,50,5.64,20.31,39.1,1044.74,1,0,1,0,1,0,0,0,1,0,0,0,0,0,0,1,0,0
79,23,89,5.65,19.71,41.73,1278.78,1,0,1,0,1,0,0,0,1,0,0,0,0,0,0,1,0,0
89,35,23,7.38,29.33,64.01,1108.97,1,0,1,0,1,0,0,0,1,0,0,0,0,0,0,1,0,0
115,26,47,5.07,13.88,85.85,1884.37,1,0,1,0,1,0,0,0,1,0,0,0,0,0,0,1,0,0
33,82,90,7.65,19.36,80.39,789.44,1,0,1,0,1,0,0,0,1,0,0,0,0,0,0,1,0,0
88,15,96,6.82,10.59,47.06,654.8,1,0,1,0,1,0,0,0,1,0,0,0,0,0,0,1,0,0
76,94,113,5.07,29.35,36.12,388.57,1,0,1,0,1,0,0,0,1,0,0,0,0,0,0,1,0,0
46,95,55,4.98,35.77,38.63,2242.74,1,0,1,0,1,0,0,0,1,0,0,0,0,0,0,1,0,0
72,53,26,7.47,34.68,35.15,1120.53,1,0,1,0,1,0,0,0,1,0,0,0,0,0,0,1,0,0
47,37,106,6.98,37.51,82.34,306.0,1,0,1,0,1,0,0,0,1,0,0,0,0,0,0,1,0,0
117,60,48,6.14,28.57,89.03,350.78,1,0,1,0,1,0,0,0,1,0,0,0,0,0,0,1,0,0
157,82,38,6.61,34.54,49.85,1012.54,1,0,1,0,1,0,0,0,1,0,0,0,0,0,0,1,0,0
59,91,75,6.11,33.86,40.14,1540.71,1,0,1,0,1,0,0,0,1,0,0,0,0,0,0,1,0,0
170,64,91,5.99,10.42,43.98,1086.39,1,0,1,0,1,0,0,0,1,0,0,0,0,0,0,1,0,0
145,59,79,4.84,23.2,79.74,1883.46,1,0,1,0,1,0,0,0,1,0,0,0,0,0,0,1,0,0
101,91,126,4.88,38.29,33.49,2636.32,1,0,1,0,1,0,0,0,1,0,0,0,0,0,0,1,0,0
126,88,139,6.94,19.79,51.4,1223.54,1,0,1,0,1,0,0,0,1,0,0,0,0,0,0,1,0,0
99,33,94,5.87,34.41,78.26,498.04,1,0,1,0,1,0,0,0,1,0,0,0,0,0,0,1,0,0
132,58,35,5.17,39.69,55.43,2594.45,1,0,1,0,1,0,0,0,1,0,0,0,0,0,0,1,0,0
154,33,92,6.96,29.66,72.72,507.29,1,0,1,0,1,0,0,0,1,0,0,0,0,0,0,1,0,0
89,50,51,8.08,24.03,63.64,2074.47,1,0,1,0,1,0,0,0,1,0,0,0,0,0,0,1,0,0
37,98,28,7.96,19.12,80.62,943.4,1,0,1,0,1,0,0,0,1,0,0,0,0,0,0,1,0,0
125,43,133,6.15,26.34,61.42,639.74,1,0,1,0,0,1,0,0,1,0,0,0,0,0,0,1,0,0
133,58,68,5.82,17.8,79.15,2469.64,1,0,1,0,0,1,0,0,1,0,0,0,0,0,0,1,0,0
92,18,48,7.95,28.61,38.64,1051.35,1,0,1,0,0,1,0,0,1,0,0,0,0,0,0,1,0,0
167,58,89,7.81,28.31,66.72,2180.71,1,0,1,0,0,1,0,0,1,0,0,0,0,0,0,1,0,0
95,78,100,5.92,14.64,81.12,1413.1,1,0,1,0,0,1,0,0,1,0,0,0,0,0,0,1,0,0
116,57,117,5.26,25.0,45.54,2331.88,1,0,1,0,0,1,0,0,1,0,0,0,0,0,0,1,0,0
94,82,116,6.81,15.31,83.39,2413.92,1,0,1,0,0,1,0,0,1,0,0,0,0,0,0,1,0,0
56,93,136,5.0,11.7,35.62,1853.01,1,0,1,0,0,1,0,0,1,0,0,0,0,0,0,1,0,0
157,15,120,7.54,21.91,76.96,772.71,1,0,1,0,0,1,0,0,1,0,0,0,0,0,0,1,0,0
117,95,93,7.15,19.08,48.61,338.51,1,0,1,0,0,1,0,0,1,0,0,0,0,0,0,1,0,0
108,40,34,6.11,18.84,32.37,685.31,1,0,1,0,0,1,0,0,1,0,0,0,0,0,0,1,0,0
51,35,42,7.68,25.18,56.67,486.87,1,0,1,0,0,1,0,0,1,0,0,0,0,0,0,1,0,0
126,36,82,8.02,18.95,43.61,2315.14,1,0,1,0,0,1,0,0,1,0,0,0,0,0,0,1,0,0
170,82,76,6.96,12.36,51.77,724.15,1,0,1,0,0,1,0,0,1,0,0,0,0,0,0,1,0,0
33,31,61,7.19,27.12,43.21,2606.99,1,0,1,0,0,1,0,0,1,0,0,0,0,0,0,1,0,0
62,97,113,6.96,26.15,33.64,853.56,1,0,1,0,0,1,0,0,1,0,0,0,0,0,0,1,0,0
48,56,63,8.17,37.03,49.77,2044.79,1,0,1,0,0,1,0,0,1,0,0,0,0,0,0,1,0,0
148,72,56,5.14,31.48,63.52,1852.57,1,0,1,0,0,1,0,0,1,0,0,0,0,0,0,1,0,0
171,55,87,6.48,24.13,81.32,2006.1,1,0,1,0,0,1,0,0,1,0,0,0,0,0,0,1,0,0
137,79,39,7.67,26.89,59.15,826.68,1,0,1,0,0,1,0,0,1,0,0,0,0,0,0,1,0,0
140,68,110,6.5,39.73,33.37,1177.3,1,0,1,0,0,1,0,0,1,0,0,0,0,0,0,1,0,0
110,22,116,5.98,33.99,89.72,2507.36,1,0,1,0,0,1,0,0,1,0,0,0,0,0,0,1,0,0
39,53,125,6.72,38.28,53.45,1663.64,1,0,1,0,0,1,0,0,1,0,0,0,0,0,0,1,0,0
55,60,149,5.11,27.62,74.51,1298.75,1,0,1,0,0,1,0,0,1,0,0,0,0,0,0,1,0,0
156,27,134,5.75,10.38,33.54,843.18,1,0,1,0,0,0,1,0,1,0,0,0,0,0,0,0,0,1
35,84,32,6.98,19.64,48.81,2302.54,1,0,1,0,0,0,1,0,1,0,0,0,0,0,0,0,0,1
138,26,104,7.95,22.52,36.56,1251.8,1,0,1,0,0,0,1,0,1,0,0,0,0,0,0,0,0,1
56,74,61,7.06,26.51,31.86,1930.05,1,0,1,0,0,0,1,0,1,0,0,0,0,0,0,0,0,1
87,52,129,8.17,36.13,78.01,429.09,1,0,1,0,0,0,1,0,1,0,0,0,0,0,0,0,0,1
139,28,90,7.72,28.25,39.45,2581.49,1,0,1,0,0,0,1,0,1,0,0,0,0,0,0,0,0,1
123,28,24,7.27,11.45,76.85,1566.17,1,0,1,0,0,0,1,0,1,0,0,0,0,0,0,0,0,1
36,88,33,5.94,25.36,58.58,1517.1,1,0,1,0,0,0,1,0,1,0,0,0,0,0,0,0,0,1
41,85,147,5.46,19.06,83.81,2489.74,1,0,1,0,0,0,1,0,1,0,0,0,0,0,0,0,0,1
40,63,110,5.37,21.51,75.52,465.56,1,0,1,0,0,0,1,0,1,0,0,0,0,0,0,0,0,1
139,51,27,6.97,25.1,51.56,1921.53,1,0,1,0,0,0,1,0,1,0,0,0,0,0,0,0,0,1
78,72,65,6.08,27.24,59.17,1583.32,1,0,1,0,0,0,1,0,1,0,0,0,0,0,0,0,0,1
80,49,120,5.41,21.21,81.78,474.18,1,0,1,0,0,0,1,0,1,0,0,0,0,0,0,0,0,1
148,62,131,7.4,31.74,80.24,1009.53,1,0,1,0,0,0,1,0,1,0,0,0,0,0,0,0,0,1
75,54,83,8.09,39.5,58.83,1380.44,1,0,1,0,0,0,1,0,1,0,0,0,0,0,0,0,0,1
112,78,38,7.63,33.71,84.83,826.97,1,0,1,0,0,0,1,0,1,0,0,0,0,0,0,0,0,1
127,37,106,7.57,34.47,87.51,422.77,1,0,1,0,0,0,1,0,1,0,0,0,0,0,0,0,0,1
75,85,106,5.35,15.09,77.06,1126.69,1,0,1,0,0,0,1,0,1,0,0,0,0,0,0,0,0,1
123,23,107,7.84,38.64,80.73,858.91,1,0,1,0,0,0,1,0,1,0,0,0,0,0,0,0,0,1
139,94,134,7.07,14.75,87.88,462.04,1,0,1,0,0,0,1,0,1,0,0,0,0,0,0,0,0,1
60,57,48,6.99,26.82,32.82,2332.66,1,0,1,0,0,0,1,0,1,0,0,0,0,0,0,0,0,1
108,31,89,5.28,18.78,50.17,537.26,1,0,1,0,0,0,0,1,1,0,0,0,0,1,0,0,0,0
62,23,33,5.63,28.68,34.67,1720.4,1,0,1,0,0,0,0,1,1,0,0,0,0,1,0,0,0,0
143,47,133,6.38,30.52,68.3,414.07,1,0,1,0,0,0,0,1,1,0,0,0,0,1,0,0,0,0
62,67,71,7.38,10.75,60.84,1222.27,1,0,1,0,0,0,0,1,1,0,0,0,0,1,0,0,0,0
148,35,74,7.71,11.18,31.44,2684.04,1,0,1,0,0,0,0,1,1,0,0,0,0,1,0,0,0,0
116,59,53,5.03,36.15,63.11,990.19,1,0,1,0,0,0,0,1,1,0,0,0,0,1,0,0,0,0
151,23,42,6.77,26.82,50.91,2069.62,1,0,1,0,0,0,0,1,1,0,0,0,0,1,0,0,0,0
52,80,85,6.46,39.41,64.52,1936.97,1,0,1,0,0,0,0,1,1,0,0,0,0,1,0,0,0,0
43,46,93,5.89,23.18,79.93,2722.04,1,0,1,0,0,0,0,1,1,0,0,0,0,1,0,0,0,0
141,34,97,7.49,18.48,55.07,2093.58,1,0,1,0,0,0,0,1,1,0,0,0,0,1,0,0,0,0
41,32,148,7.94,17.86,36.22,966.25,1,0,1,0,0,0,0,1,1,0,0,0,0,1,0,0,0,0
97,78,33,8.0,13.82,54.04,716.93,1,0,1,0,0,0,0,1,1,0,0,0,0,1,0,0,0,0
156,29,143,7.28,22.9,40.59,783.33,1,0,1,0,0,0,0,1,1,0,0,0,0,1,0,0,0,0
136,93,109,7.64,19.81,41.29,2737.58,1,0,1,0,0,0,0,1,1,0,0,0,0,1,0,0,0,0
100,21,55,7.57,29.96,51.98,2699.43,1,0,1,0,0,0,0,1,1,0,0,0,0,1,0,0,0,0
178,22,131,4.84,13.77,54.69,1956.19,1,0,1,0,0,0,0,1,1,0,0,0,0,1,0,0,0,0
174,40,119,5.82,36.4,69.34,2742.92,1,0,1,0,0,0,0,1,1,0,0,0,0,1,0,0,0,0
108,21,93,7.07,28.36,76.67,802.38,1,0,1,0,0,0,0,1,1,0,0,0,0,1,0,0,0,0
168,23,112,5.91,21.79,52.54,2401.85,1,0,1,0,0,0,0,1,1,0,0,0,0,1,0,0,0,0
140,53,28,7.23,32.38,65.9,1747.01,1,0,1,0,0,0,0,1,1,0,0,0,0,1,0,0,0,0
133,27,104,7.36,27.23,70.86,2028.01,1,0,1,0,0,0,0,1,1,0,0,0,0,1,0,0,0,0
110,95,56,7.77,20.95,60.06,2602.15,1,0,1,0,0,0,0,1,1,0,0,0,0,1,0,0,0,0
40,55,112,7.47,35.68,75.62,349.97,1,0,1,0,0,0,0,1,1,0,0,0,0,1,0,0,0,0
38,56,26,6.18,22.42,51.59,506.15,1,0,1,0,0,0,0,1,1,0,0,0,0,1,0,0,0,0
152,38,63,8.04,31.64,62.96,523.31,1,0,1,0,0,0,0,1,1,0,0,0,0,1,0,0,0,0
160,50,99,6.66,15.55,86.24,655.03,1,0,1,0,0,0,0,1,1,0,0,0,0,1,0,0,0,0
54,62,84,5.72,11.1,35.5,504.51,1,0,1,0,1,0,0,0,0,1,0,0,0,1,0,0,0,0
153,65,146,5.27,37.97,54.2,1314.33,1,0,1,0,1,0,0,0,0,1,0,0,0,1,0,0,0,0
150,31,127,6.63,38.02,46.96,2386.87,1,0,1,0,1,0,0,0,0,1,0,0,0,1,0,0,0,0
157,58,39,6.06,35.45,45.82,761.39,1,0,1,0,1,0,0,0,0,1,0,0,0,1,0,0,0,0
128,56,25,4.98,31.31,36.18,1597.7,1,0,1,0,1,0,0,0,0,1,0,0,0,1,0,0,0,0
90,44,149,5.77,35.79,51.88,2263.51,1,0,1,0,1,0,0,0,0,1,0,0,0,1,0,0,0,0
118,66,127,5.99,27.6,63.16,1068.26,1,0,1,0,1,0,0,0,0,1,0,0,0,1,0,0,0,0
65,15,131,4.82,21.28,47.44,884.56,1,0,1,0,1,0,0,0,0,1,0,0,0,1,0,0,0,0
35,93,144,5.64,19.21,47.2,2185.23,1,0,1,0,1,0,0,0,0,1,0,0,0,1,0,0,0,0
59,20,98,5.49,33.71,42.21,2257.42,1,0,1,0,1,0,0,0,0,1,0,0,0,1,0,0,0,0
107,29,43,6.58,37.25,45.23,528.25,1,0,1,0,1,0,0,0,0,1,0,0,0,1,0,0,0,0
32,22,86,5.67,26.97,35.76,806.06,1,0,1,0,1,0,0,0,0,1,0,0,0,1,0,0,0,0
126,24,49,7.01,15.94,37.66,2041.46,1,0,1,0,1,0,0,0,0,1,0,0,0,1,0,0,0,0
162,93,94,5.39,23.49,53.51,2707.41,1,0,1,0,1,0,0,0,0,1,0,0,0,1,0,0,0,0
100,59,112,5.84,11.09,84.24,2018.49,1,0,1,0,1,0,0,0,0,1,0,0,0,1,0,0,0,0
40,26,58,6.65,32.17,88.34,682.84,1,0,1,0,1,0,0,0,0,1,0,0,0,1,0,0,0,0
167,58,115,4.84,10.23,77.17,2615.67,1,0,1,0,1,0,0,0,0,1,0,0,0,1,0,0,0,0
86,30,118,8.03,33.92,47.85,1543.44,1,0,1,0,0,1,0,0,0,1,0,0,0,1,0,0,0,0
83,94,55,6.64,39.69,40.63,2177.73,1,0,1,0,0,1,0,0,0,1,0,0,0,1,0,0,0,0
145,31,139,7.08,27.5,62.12,2046.89,1,0,1,0,0,1,0,0,0,1,0,0,0,1,0,0,0,0
95,89,24,6.24,35.8,60.35,2694.37,1,0,1,0,0,1,0,0,0,1,0,0,0,1,0,0,0,0
109,33,96,6.7,27.77,71.26,2002.26,1,0,1,0,0,1,0,0,0,1,0,0,0,1,0,0,0,0
61,53,48,7.15,20.32,54.7,2628.08,1,0,1,0,0,1,0,0,0,1,0,0,0,1,0,0,0,0
50,98,114,5.85,15.55,47.03,330.39,1,0,1,0,0,1,0,0,0,1,0,0,0,1,0,0,0,0
176,18,136,7.6,26.41,72.38,1453.91,1,0,1,0,0,1,0,0,0,1,0,0,0,1,0,0,0,0
93,84,142,7.12,35.21,64.79,1434.36,1,0,1,0,0,1,0,0,0,1,0,0,0,1,0,0,0,0
83,66,143,6.34,20.86,48.18,2563.52,1,0,1,0,0,1,0,0,0,1,0,0,0,1,0,0,0,0
113,38,104,6.06,31.64,71.32,1812.38,1,0,1,0,0,1,0,0,0,1,0,0,0,1,0,0,0,0
120,55,84,5.68,16.65,79.56,1609.75,1,0,1,0,0,1,0,0,0,1,0,0,0,1,0,0,0,0
87,73,122,5.58,14.18,57.45,1697.6,1,0,1,0,0,1,0,0,0,1,0,0,0,1,0,0,0,0
130,65,29,5.71,34.07,36.71,2209.84,1,0,1,0,0,1,0,0,0,1,0,0,0,1,0,0,0,0
106,53,120,6.96,33.23,56.21,785.78,1,0,1,0,0,1,0,0,0,1,0,0,0,1,0,0,0,0
110,23,38,7.24,36.75,74.14,1018.12,1,0,1,0,0,1,0,0,0,1,0,0,0,1,0,0,0,0
92,61,118,7.41,34.01,55.8,651.26,1,0,1,0,0,1,0,0,0,1,0,0,0,1,0,0,0,0
147,92,36,7.05,12.86,42.73,390.21,1,0,1,0,0,1,0,0,0,1,0,0,0,1,0,0,0,0
70,52,137,7.86,38.59,79.34,1158.66,1,0,1,0,0,1,0,0,0,1,0,0,0,1,0,0,0,0
81,41,80,4.8,28.08,44.71,555.06,1,0,1,0,0,1,0,0,0,1,0,0,0,1,0,0,0,0
129,55,45,7.42,30.64,63.49,419.99,1,0,1,0,0,0,1,0,0,1,0,0,0,1,0,0,0,0
64,34,116,5.24,20.57,61.09,2157.65,1,0,1,0,0,0,1,0,0,1,0,0,0,1,0,0,0,0
65,64,140,5.8,19.56,86.16,1093.2,1,0,1,0,0,0,1,0,0,1,0,0,0,1,0,0,0,0
68,24,75,6.34,15.34,64.94,1113.41,1,0,1,0,0,0,1,0,0,1,0,0,0,1,0,0,0,0
144,39,93,6.07,11.09,69.21,2028.57,1,0,1,0,0,0,1,0,0,1,0,0,0,1,0,0,0,0
160,80,61,7.45,28.52,32.51,2105.66,1,0,1,0,0,0,1,0,0,1,0,0,0,1,0,0,0,0
126,28,60,7.59,39.82,77.81,1994.43,1,0,1,0,0,0,1,0,0,1,0,0,0,1,0,0,0,0
179,50,21,6.79,15.49,80.22,1870.19,1,0,1,0,0,0,1,0,0,1,0,0,0,1,0,0,0,0
40,49,68,5.08,26.18,37.34,487.3,1,0,1,0,0,0,1,0,0,1,0,0,0,1,0,0,0,0
117,54,97,7.73,32.75,43.81,1057.69,1,0,1,0,0,0,1,0,0,1,0,0,0,1,0,0,0,0
125,17,68,5.93,27.95,32.65,1016.26,1,0,1,0,0,0,1,0,0,1,0,0,0,1,0,0,0,0
127,86,75,6.33,35.45,36.72,2231.67,1,0,1,0,0,0,1,0,0,1,0,0,0,1,0,0,0,0
123,91,77,5.69,10.45,72.55,2248.31,1,0,1,0,0,0,1,0,0,1,0,0,0,1,0,0,0,0
158,40,148,5.81,11.21,46.08,1689.92,1,0,1,0,0,0,1,0,0,1,0,0,0,1,0,0,0,0
48,70,37,6.96,26.6,78.54,882.84,1,0,1,0,0,0,1,0,0,1,0,0,0,1,0,0,0,0
129,32,131,7.52,15.75,69.84,2233.69,1,0,1,0,0,0,1,0,0,1,0,0,0,1,0,0,0,0
137,49,36,6.24,39.66,76.48,2476.35,1,0,1,0,0,0,1,0,0,1,0,0,0,1,0,0,0,0
160,43,40,5.12,14.53,80.3,690.45,1,0,1,0,0,0,1,0,0,1,0,0,0,1,0,0,0,0
80,88,148,5.69,28.76,76.34,2426.06,1,0,1,0,0,0,1,0,0,1,0,0,0,1,0,0,0,0
48,52,103,5.14,19.58,50.6,909.65,1,0,1,0,0,0,1,0,0,1,0,0,0,1,0,0,0,0
43,40,79,7.88,14.88,48.9,359.02,1,0,1,0,0,0,1,0,0,1,0,0,0,1,0,0,0,0
76,32,89,8.02,38.68,61.25,1580.8,1,0,1,0,0,0,1,0,0,1,0,0,0,1,0,0,0,0
120,72,137,6.9,12.33,34.37,2288.52,1,0,1,0,0,0,1,0,0,1,0,0,0,1,0,0,0,0
37,19,128,7.42,36.9,36.17,2118.28,1,0,1,0,0,0,1,0,0,1,0,0,0,1,0,0,0,0
109,80,44,5.54,25.96,49.07,2585.12,1,0,1,0,0,0,1,0,0,1,0,0,0,1,0,0,0,0
101,46,93,6.6,22.72,40.47,2369.65,1,0,1,0,0,0,1,0,0,1,0,0,0,1,0,0,0,0
176,25,88,6.8,13.03,48.76,414.59,1,0,1,0,0,0,1,0,0,1,0,0,0,1,0,0,0,0
101,51,40,7.65,33.03,56.63,1316.66,1,0,1,0,0,0,1,0,0,1,0,0,0,1,0,0,0,0
158,38,117,6.66,11.02,71.99,2452.68,1,0,1,0,0,0,1,0,0,1,0,0,0,1,0,0,0,0
36,77,41,7.42,10.45,42.1,1390.69,1,0,1,0,0,0,1,0,0,1,0,0,0,1,0,0,0,0
151,30,86,6.25,24.79,50.95,1531.65,1,0,1,0,0,0,1,0,0,1,0,0,0,1,0,0,0,0
95,83,78,6.89,20.85,79.66,1536.07,1,0,1,0,0,0,0,1,0,1,0,0,0,1,0,0,0,0
125,37,77,5.32,30.97,68.15,1584.83,1,0,1,0,0,0,0,1,0,1,0,0,0,1,0,0,0,0
92,18,125,5.06,19.24,85.25,2489.94,1,0,1,0,0,0,0,1,0,1,0,0,0,1,0,0,0,0
134,15,101,5.74,36.03,84.82,307.76,1,0,1,0,0,0,0,1,0,1,0,0,0,1,0,0,0,0
107,33,120,5.29,11.3,89.67,2318.66,1,0,1,0,0,0,0,1,0,1,0,0,0,1,0,0,0,0
57,27,29,6.56,23.4,53.66,2590.07,1,0,1,0,0,0,0,1,0,1,0,0,0,1,0,0,0,0
167,70,66,5.92,34.14,86.37,575.58,1,0,1,0,0,0,0,1,0,1,0,0,0,1,0,0,0,0
102,65,124,5.19,19.02,52.05,1263.58,1,0,1,0,0,0,0,1,0,1,0,0,0,1,0,0,0,0
172,18,122,6.48,19.49,53.97,2648.01,1,0,1,0,0,0,0,1,0,1,0,0,0,1,0,0,0,0
133,17,85,8.07,36.86,46.67,1006.74,1,0,1,0,0,0,0,1,0,1,0,0,0,1,0,0,0,0
172,88,120,5.42,17.92,87.79,1584.15,1,0,1,0,0,0,0,1,0,1,0,0,0,1,0,0,0,0
105,63,125,4.91,29.58,31.93,940.88,1,0,1,0,0,0,0,1,0,1,0,0,0,1,0,0,0,0
41,89,62,5.21,29.33,79.46,2366.38,1,0,1,0,0,0,0,1,0,1,0,0,0,1,0,0,0,0
126,64,101,6.2,30.28,46.59,785.32,1,0,1,0,0,0,0,1,0,1,0,0,0,1,0,0,0,0
37,71,129,5.87,19.92,87.97,384.39,1,0,1,0,0,0,0,1,0,1,0,0,0,1,0,0,0,0
111,62,120,6.66,35.59,38.22,1138.06,1,0,1,0,0,0,0,1,0,1,0,0,0,1,0,0,0,0
122,63,24,5.49,34.03,80.75,2596.92,1,0,1,0,0,0,0,1,0,1,0,0,0,1,0,0,0,0
99,25,48,6.62,15.42,46.21,1808.54,1,0,1,0,0,0,0,1,0,1,0,0,0,1,0,0,0,0
97,44,99,5.67,28.59,32.15,2160.93,1,0,1,0,0,0,0,1,0,1,0,0,0,1,0,0,0,0
137,83,140,7.07,37.35,46.88,602.62,1,0,1,0,0,0,0,1,0,1,0,0,0,1,0,0,0,0
161,67,27,5.13,14.99,40.96,1189.96,1,0,1,0,0,0,0,1,0,1,0,0,0,1,0,0,0,0
33,32,136,7.63,13.18,69.45,887.6,1,0,1,0,0,0,0,1,0,1,0,0,0,1,0,0,0,0
84,23,44,6.04,24.65,80.78,808.0,1,0,1,0,0,0,0,1,0,1,0,0,0,1,0,0,0,0
100,45,104,5.74,36.71,52.46,2656.05,1,0,1,0,0,0,0,1,0,1,0,0,0,1,0,0,0,0
121,28,65,7.6,12.18,61.56,1093.35,1,0,1,0,0,0,0,1,0,1,0,0,0,1,0,0,0,0
129,20,99,5.24,32.41,60.86,2489.39,1,0,1,0,1,0,0,0,0,0,1,0,0,1,0,0,0,0
103,77,82,7.49,16.17,40.64,1467.26,1,0,1,0,1,0,0,0,0,0,1,0,0,1,0,0,0,0
97,63,22,5.19,19.72,40.79,863.11,1,0,1,0,1,0,0,0,0,0,1,0,0,1,0,0,0,0
125,27,114,6.86,12.97,52.53,2516.72,1,0,1,0,1,0,0,0,0,0,1,0,0,1,0,0,0,0
99,59,25,7.88,38.51,32.08,1050.99,1,0,1,0,1,0,0,0,0,0,1,0,0,1,0,0,0,0
43,19,72,6.67,31.5,50.16,1390.52,1,0,1,0,1,0,0,0,0,0,1,0,0,1,0,0,0,0
164,27,72,6.06,18.75,70.3,2260.02,1,0,1,0,1,0,0,0,0,0,1,0,0,1,0,0,0,0
42,88,44,6.8,28.75,42.24,2537.12,1,0,1,0,1,0,0,0,0,0,1,0,0,1,0,0,0,0
100,24,45,6.09,36.25,31.17,352.43,1,0,1,0,1,0,0,0,0,0,1,0,0,1,0,0,0,0
63,36,106,8.04,31.23,84.97,385.22,1,0,1,0,1,0,0,0,0,0,1,0,0,1,0,0,0,0
99,79,69,6.39,15.15,86.54,424.74,1,0,1,0,1,0,0,0,0,0,1,0,0,1,0,0,0,0
73,67,114,6.7,24.74,41.1,605.26,1,0,1,0,1,0,0,0,0,0,1,0,0,1,0,0,0,0
122,92,54,5.62,35.42,76.04,1765.66,1,0,1,0,1,0,0,0,0,0,1,0,0,1,0,0,0,0
166,56,40,4.91,35.39,83.38,2426.61,1,0,1,0,1,0,0,0,0,0,1,0,0,1,0,0,0,0
118,72,72,6.26,14.55,67.25,2605.24,1,0,1,0,1,0,0,0,0,0,1,0,0,1,0,0,0,0
120,46,65,7.26,20.56,50.11,2027.55,1,0,1,0,1,0,0,0,0,0,1,0,0,1,0,0,0,0
52,82,75,5.89,33.64,32.48,1758.84,1,0,1,0,1,0,0,0,0,0,1,0,0,1,0,0,0,0
177,67,50,6.44,30.24,42.04,1855.75,1,0,1,0,1,0,0,0,0,0,1,0,0,1,0,0,0,0
106,95,134,5.72,38.51,37.29,1379.26,1,0,1,0,1,0,0,0,0,0,1,0,0,1,0,0,0,0
152,57,75,6.99,36.47,72.01,2122.0,1,0,1,0,1,0,0,0,0,0,1,0,0,1,0,0,0,0
41,24,38,8.04,17.53,78.27,2431.35,1,0,1,0,1,0,0,0,0,0,1,0,0,1,0,0,0,0
77,67,30,5.61,29.96,42.82,1882.29,1,0,1,0,0,1,0,0,0,0,1,0,0,1,0,0,0,0
110,86,30,4.91,13.99,31.02,2407.32,1,0,1,0,0,1,0,0,0,0,1,0,0,1,0,0,0,0
57,86,93,5.56,32.5,64.59,2532.3,1,0,1,0,0,1,0,0,0,0,1,0,0,1,0,0,0,0
147,61,20,7.21,11.45,74.61,1497.95,1,0,1,0,0,1,0,0,0,0,1,0,0,1,0,0,0,0
66,98,127,6.97,24.71,54.17,1307.16,1,0,1,0,0,1,0,0,0,0,1,0,0,1,0,0,0,0
79,64,149,6.36,24.33,70.03,1174.15,1,0,1,0,0,1,0,0,0,0,1,0,0,1,0,0,0,0
44,79,39,5.9,23.38,89.91,2204.06,1,0,1,0,0,1,0,0,0,0,1,0,0,1,0,0,0,0
106,38,43,4.89,29.75,87.71,2399.96,1,0,1,0,0,1,0,0,0,0,1,0,0,1,0,0,0,0
175,23,86,7.81,22.3,53.42,1999.67,1,0,1,0,0,1,0,0,0,0,1,0,0,1,0,0,0,0
56,32,75,7.5,27.57,56.51,999.35,1,0,1,0,0,1,0,0,0,0,1,0,0,1,0,0,0,0
145,64,20,5.36,14.77,69.91,1586.84,1,0,1,0,0,1,0,0,0,0,1,0,0,1,0,0,0,0
154,52,135,8.06,37.45,47.78,588.86,1,0,1,0,0,1,0,0,0,0,1,0,0,1,0,0,0,0
174,23,106,6.76,10.07,54.13,455.99,1,0,1,0,0,1,0,0,0,0,1,0,0,1,0,0,0,0
58,95,50,7.8,16.54,34.42,952.19,1,0,1,0,0,1,0,0,0,0,1,0,0,1,0,0,0,0
112,20,114,7.67,25.34,62.23,776.01,1,0,1,0,0,1,0,0,0,0,1,0,0,1,0,0,0,0
123,53,91,5.62,17.13,35.7,469.93,1,0,1,0,0,1,0,0,0,0,1,0,0,1,0,0,0,0
53,22,90,6.12,31.83,79.01,1550.34,1,0,1,0,0,1,0,0,0,0,1,0,0,1,0,0,0,0
75,76,96,7.83,25.09,69.28,2583.18,1,0,1,0,0,1,0,0,0,0,1,0,0,1,0,0,0,0
146,54,139,5.16,36.83,73.66,1402.0,1,0,1,0,0,1,0,0,0,0,1,0,0,1,0,0,0,0
140,19,63,7.54,19.52,49.38,1395.06,1,0,1,0,0,1,0,0,0,0,1,0,0,1,0,0,0,0
57,73,90,4.97,12.48,82.54,1595.17,1,0,1,0,0,1,0,0,0,0,1,0,0,1,0,0,0,0
159,65,119,6.98,32.98,59.76,1788.93,1,0,1,0,0,1,0,0,0,0,1,0,0,1,0,0,0,0
53,35,132,5.12,31.87,88.15,2067.15,1,0,1,0,0,1,0,0,0,0,1,0,0,1,0,0,0,0
132,66,20,6.74,36.55,64.23,1730.61,1,0,1,0,0,1,0,0,0,0,1,0,0,1,0,0,0,0
103,92,134,5.22,29.76,44.98,2385.4,1,0,1,0,0,1,0,0,0,0,1,0,0,1,0,0,0,0
92,84,77,4.98,12.47,81.33,662.03,1,0,1,0,0,1,0,0,0,0,1,0,0,1,0,0,0,0
121,59,104,4.93,10.89,53.17,2226.89,1,0,1,0,0,1,0,0,0,0,1,0,0,1,0,0,0,0
74,40,45,6.67,28.91,66.54,2294.92,1,0,1,0,0,1,0,0,0,0,1,0,0,1,0,0,0,0
121,41,127,5.15,38.82,45.48,2300.06,1,0,1,0,0,1,0,0,0,0,1,0,0,1,0,0,0,0
83,27,129,6.9,36.3,54.14,1414.12,1,0,1,0,0,1,0,0,0,0,1,0,0,1,0,0,0,0
153,81,84,6.03,32.4,76.0,804.27,1,0,1,0,0,1,0,0,0,0,1,0,0,1,0,0,0,0
138,20,86,5.46,32.81,53.35,788.27,1,0,1,0,0,1,0,0,0,0,1,0,0,1,0,0,0,0
158,37,38,6.85,36.44,76.89,2663.79,1,0,1,0,0,1,0,0,0,0,1,0,0,1,0,0,0,0
120,87,80,7.02,13.86,64.03,1785.74,1,0,1,0,0,1,0,0,0,0,1,0,0,1,0,0,0,0
139,74,102,5.31,10.58,66.67,2327.12,1,0,1,0,0,1,0,0,0,0,1,0,0,1,0,0,0,0
83,62,64,7.98,25.54,77.46,2083.93,1,0,1,0,0,1,0,0,0,0,1,0,0,1,0,0,0,0
75,36,67,5.05,34.89,60.06,627.78,1,0,1,0,0,0,1,0,0,0,1,0,0,0,0,0,1,0
167,53,132,5.2,39.62,54.44,2026.58,1,0,1,0,0,0,1,0,0,0,1,0,0,0,0,0,1,0
31,58,108,5.31,21.16,87.39,2633.98,1,0,1,0,0,0,1,0,0,0,1,0,0,0,0,0,1,0
58,79,118,7.88,25.39,71.66,2585.91,1,0,1,0,0,0,1,0,0,0,1,0,0,0,0,0,1,0
148,53,69,6.04,18.64,37.04,2436.81,1,0,1,0,0,0,1,0,0,0,1,0,0,0,0,0,1,0
34,96,132,6.81,16.25,89.39,2274.04,1,0,1,0,0,0,1,0,0,0,1,0,0,0,0,0,1,0
49,21,77,6.45,33.3,72.48,444.09,1,0,1,0,0,0,1,0,0,0,1,0,0,0,0,0,1,0
157,18,47,6.33,15.82,39.34,1826.94,1,0,1,0,0,0,1,0,0,0,1,0,0,0,0,0,1,0
98,75,148,5.01,30.09,61.02,1865.28,1,0,1,0,0,0,1,0,0,0,1,0,0,0,0,0,1,0
160,85,22,6.72,23.83,72.07,1720.09,1,0,1,0,0,0,1,0,0,0,1,0,0,0,0,0,1,0
81,88,33,8.16,33.26,72.51,1843.59,1,0,1,0,0,0,1,0,0,0,1,0,0,0,0,0,1,0
157,75,80,7.1,33.14,50.14,1261.6,1,0,1,0,0,0,1,0,0,0,1,0,0,0,0,0,1,0
48,37,143,6.12,14.99,32.41,1533.54,1,0,1,0,0,0,1,0,0,0,1,0,0,0,0,0,1,0
116,71,119,7.87,12.23,45.74,2595.59,1,0,1,0,0,0,1,0,0,0,1,0,0,0,0,0,1,0
172,64,121,7.5,14.35,68.36,1215.9,1,0,1,0,0,0,1,0,0,0,1,0,0,0,0,0,1,0
66,54,141,7.59,26.58,72.08,845.23,1,0,1,0,0,0,1,0,0,0,1,0,0,0,0,0,1,0
115,61,84,7.19,20.7,31.69,759.66,1,0,1,0,0,0,1,0,0,0,1,0,0,0,0,0,1,0
47,62,31,8.0,35.36,87.28,1943.46,1,0,1,0,0,0,1,0,0,0,1,0,0,0,0,0,1,0
41,19,62,7.97,15.75,85.01,2795.4,1,0,1,0,0,0,1,0,0,0,1,0,0,0,0,0,1,0
150,29,111,5.73,26.67,52.21,2441.22,1,0,1,0,0,0,1,0,0,0,1,0,0,0,0,0,1,0
126,85,71,7.03,39.4,62.74,466.38,1,0,1,0,0,0,1,0,0,0,1,0,0,0,0,0,1,0
100,44,48,7.76,20.01,89.76,830.27,1,0,1,0,0,0,1,0,0,0,1,0,0,0,0,0,1,0
89,48,63,5.63,23.99,35.22,2188.57,1,0,1,0,0,0,0,1,0,0,1,0,0,1,0,0,0,0
139,87,57,6.39,30.53,68.61,933.91,1,0,1,0,0,0,0,1,0,0,1,0,0,1,0,0,0,0
144,33,49,5.91,11.04,81.02,302.54,1,0,1,0,0,0,0,1,0,0,1,0,0,1,0,0,0,0
30,62,142,7.08,12.77,86.66,1580.85,1,0,1,0,0,0,0,1,0,0,1,0,0,1,0,0,0,0
142,56,143,7.42,37.82,69.01,2240.95,1,0,1,0,0,0,0,1,0,0,1,0,0,1,0,0,0,0
108,25,90,5.52,38.67,49.96,1613.56,1,0,1,0,0,0,0,1,0,0,1,0,0,1,0,0,0,0
52,50,42,5.07,23.0,66.75,801.68,1,0,1,0,0,0,0,1,0,0,1,0,0,1,0,0,0,0
159,38,33,6.28,21.7,80.38,799.35,1,0,1,0,0,0,0,1,0,0,1,0,0,1,0,0,0,0
77,17,126,6.88,15.88,67.76,1154.85,1,0,1,0,0,0,0,1,0,0,1,0,0,1,0,0,0,0
75,95,131,5.77,27.3,35.66,2013.07,1,0,1,0,0,0,0,1,0,0,1,0,0,1,0,0,0,0
81,22,115,7.03,31.23,77.29,1990.7,1,0,1,0,0,0,0,1,0,0,1,0,0,1,0,0,0,0
38,65,137,7.55,26.86,66.3,1663.32,1,0,1,0,0,0,0,1,0,0,1,0,0,1,0,0,0,0
62,93,44,6.31,26.93,37.28,1785.21,1,0,1,0,0,0,0,1,0,0,1,0,0,1,0,0,0,0
153,75,49,5.91,39.48,46.95,544.39,1,0,1,0,0,0,0,1,0,0,1,0,0,1,0,0,0,0
159,52,119,7.04,20.81,35.17,2793.38,1,0,1,0,0,0,0,1,0,0,1,0,0,1,0,0,0,0
68,96,90,7.83,15.33,42.84,2520.54,1,0,1,0,0,0,0,1,0,0,1,0,0,1,0,0,0,0
30,21,144,7.7,26.19,77.56,1853.48,1,0,1,0,0,0,0,1,0,0,1,0,0,1,0,0,0,0
56,81,136,6.88,16.04,73.57,1485.62,1,0,1,0,0,0,0,1,0,0,1,0,0,1,0,0,0,0
131,96,147,6.09,15.24,81.18,2629.83,1,0,1,0,0,0,0,1,0,0,1,0,0,1,0,0,0,0
167,55,41,7.97,22.06,51.28,636.56,1,0,1,0,0,0,0,1,0,0,1,0,0,1,0,0,0,0
77,51,145,6.22,34.48,77.0,1423.2,1,0,1,0,0,0,0,1,0,0,1,0,0,1,0,0,0,0
131,48,102,5.39,30.72,44.77,1082.28,1,0,1,0,0,0,0,1,0,0,1,0,0,1,0,0,0,0
61,44,125,6.09,33.4,57.68,504.85,1,0,1,0,0,0,0,1,0,0,1,0,0,1,0,0,0,0
58,18,32,4.9,19.55,35.78,2495.28,1,0,1,0,0,0,0,1,0,0,1,0,0,1,0,0,0,0
168,30,79,6.31,12.72,56.62,2485.96,1,0,1,0,0,0,0,1,0,0,1,0,0,1,0,0,0,0
53,85,30,5.92,31.69,62.7,1186.25,1,0,1,0,0,0,0,1,0,0,1,0,0,1,0,0,0,0
115,58,21,5.83,13.44,31.0,1242.29,1,0,1,0,0,0,0,1,0,0,1,0,0,1,0,0,0,0
54,30,58,6.79,12.83,34.43,2234.92,1,0,1,0,0,0,0,1,0,0,1,0,0,1,0,0,0,0
134,87,141,4.93,17.07,59.36,470.39,1,0,1,0,0,0,0,1,0,0,1,0,0,1,0,0,0,0
42,43,89,6.64,25.88,84.26,2589.22,1,0,1,0,0,0,0,1,0,0,1,0,0,1,0,0,0,0
139,42,70,6.66,38.48,46.27,832.43,1,0,1,0,0,0,0,1,0,0,1,0,0,1,0,0,0,0
90,73,61,8.11,29.55,63.47,1268.27,1,0,1,0,0,0,0,1,0,0,1,0,0,1,0,0,0,0
95,95,142,6.51,10.9,32.5,1703.29,1,0,1,0,0,0,0,1,0,0,1,0,0,1,0,0,0,0
50,93,42,6.45,33.01,52.14,2796.88,1,0,1,0,0,0,0,1,0,0,1,0,0,1,0,0,0,0
70,36,96,7.77,17.35,70.41,1143.23,1,0,1,0,0,0,0,1,0,0,1,0,0,1,0,0,0,0
80,19,31,5.46,15.2,57.63,1835.14,1,0,1,0,0,0,0,1,0,0,1,0,0,1,0,0,0,0
49,72,128,8.15,31.7,78.96,2038.48,1,0,1,0,0,0,0,1,0,0,1,0,0,1,0,0,0,0
81,50,147,6.39,19.91,86.45,623.76,1,0,1,0,0,0,0,1,0,0,1,0,0,1,0,0,0,0
94,76,81,6.88,32.07,83.61,2273.37,1,0,1,0,0,0,0,1,0,0,1,0,0,1,0,0,0,0
84,35,140,6.21,36.87,75.64,1559.49,1,0,1,0,1,0,0,0,0,0,0,1,0,0,0,1,0,0
99,69,96,5.96,21.87,34.54,2323.41,1,0,1,0,1,0,0,0,0,0,0,1,0,0,0,1,0,0
55,28,59,6.48,33.84,60.98,980.33,1,0,1,0,1,0,0,0,0,0,0,1,0,0,0,1,0,0
178,67,57,5.07,25.9,52.97,2176.56,1,0,1,0,1,0,0,0,0,0,0,1,0,0,0,1,0,0
55,36,137,5.97,34.8,34.46,1590.96,1,0,1,0,1,0,0,0,0,0,0,1,0,0,0,1,0,0
109,17,58,5.28,30.26,88.88,2640.59,1,0,1,0,1,0,0,0,0,0,0,1,0,0,0,1,0,0
55,23,140,5.15,34.89,89.26,1495.31,1,0,1,0,1,0,0,0,0,0,0,1,0,0,0,1,0,0
150,98,24,6.54,37.85,53.56,2149.13,1,0,1,0,1,0,0,0,0,0,0,1,0,0,0,1,0,0
40,41,52,5.56,38.08,51.2,648.24,1,0,1,0,1,0,0,0,0,0,0,1,0,0,0,1,0,0
147,96,107,7.56,26.38,38.31,599.62,1,0,1,0,1,0,0,0,0,0,0,1,0,0,0,1,0,0
77,84,36,7.37,24.59,70.8,933.09,1,0,1,0,1,0,0,0,0,0,0,1,0,0,0,1,0,0
132,28,61,7.06,18.58,38.89,1683.65,1,0,1,0,1,0,0,0,0,0,0,1,0,0,0,1,0,0
33,30,31,7.32,18.19,87.49,2235.08,1,0,1,0,1,0,0,0,0,0,0,1,0,0,0,1,0,0
85,17,31,6.33,11.88,72.55,1549.16,1,0,1,0,1,0,0,0,0,0,0,1,0,0,0,1,0,0
103,15,146,7.89,11.02,47.58,2318.54,1,0,1,0,1,0,0,0,0,0,0,1,0,0,0,1,0,0
59,57,20,5.05,34.66,38.02,1837.63,1,0,1,0,1,0,0,0,0,0,0,1,0,0,0,1,0,0
48,80,59,6.51,26.07,68.47,814.69,1,0,1,0,1,0,0,0,0,0,0,1,0,0,0,1,0,0
84,74,25,7.99,19.01,71.79,2437.72,1,0,1,0,1,0,0,0,0,0,0,1,0,0,0,1,0,0
73,48,29,5.29,38.91,44.78,2288.31,1,0,1,0,1,0,0,0,0,0,0,1,0,0,0,1,0,0
174,29,33,5.15,17.98,83.09,1776.52,1,0,1,0,1,0,0,0,0,0,0,1,0,0,0,1,0,0
111,77,111,5.8,17.79,56.84,1211.19,1,0,1,0,1,0,0,0,0,0,0,1,0,0,0,1,0,0
43,20,68,7.16,24.45,72.75,1282.15,1,0,1,0,1,0,0,0,0,0,0,1,0,0,0,1,0,0
138,21,30,6.41,28.34,83.98,2689.14,1,0,1,0,1,0,0,0,0,0,0,1,0,0,0,1,0,0
79,88,75,6.77,12.22,62.7,1956.87,1,0,1,0,1,0,0,0,0,0,0,1,0,0,0,1,0,0
172,36,88,6.4,15.59,72.54,1998.87,1,0,1,0,1,0,0,0,0,0,0,1,0,0,0,1,0,0
79,87,77,5.46,24.03,49.15,2727.6,1,0,1,0,1,0,0,0,0,0,0,1,0,0,0,1,0,0
36,67,136,7.98,24.28,52.73,2626.11,1,0,1,0,0,1,0,0,0,0,0,1,0,0,0,1,0,0
42,56,119,7.91,26.36,45.98,1732.02,1,0,1,0,0,1,0,0,0,0,0,1,0,0,0,1,0,0
115,23,28,7.23,13.26,52.92,2578.31,1,0,1,0,0,1,0,0,0,0,0,1,0,0,0,1,0,0
121,45,50,8.04,19.12,35.38,1894.12,1,0,1,0,0,1,0,0,0,0,0,1,0,0,0,1,0,0
43,85,98,5.95,15.79,36.93,1872.49,1,0,1,0,0,1,0,0,0,0,0,1,0,0,0,1,0,0
152,68,22,5.09,25.0,59.2,2130.98,1,0,1,0,0,1,0,0,0,0,0,1,0,0,0,1,0,0
80,95,22,4.82,25.32,71.39,1347.21,1,0,1,0,0,1,0,0,0,0,0,1,0,0,0,1,0,0
46,29,135,7.37,38.26,50.86,1777.4,1,0,1,0,0,1,0,0,0,0,0,1,0,0,0,1,0,0
114,80,34,5.02,16.67,47.48,2010.82,1,0,1,0,0,1,0,0,0,0,0,1,0,0,0,1,0,0
64,64,124,4.83,21.11,54.69,2575.96,1,0,1,0,0,1,0,0,0,0,0,1,0,0,0,1,0,0
134,83,24,7.94,31.17,70.82,1870.1,1,0,1,0,0,1,0,0,0,0,0,1,0,0,0,1,0,0
110,42,82,7.26,28.2,73.8,1084.32,1,0,1,0,0,1,0,0,0,0,0,1,0,0,0,1,0,0
52,81,71,5.51,39.87,86.93,856.52,1,0,1,0,0,1,0,0,0,0,0,1,0,0,0,1,0,0
74,76,113,6.19,28.31,66.66,2456.08,1,0,1,0,0,1,0,0,0,0,0,1,0,0,0,1,0,0
35,28,82,7.9,12.38,72.21,2758.61,1,0,1,0,0,1,0,0,0,0,0,1,0,0,0,1,0,0
126,37,29,7.97,26.01,80.24,2698.41,1,0,1,0,0,1,0,0,0,0,0,1,0,0,0,1,0,0
169,50,76,5.42,15.53,39.38,1799.58,1,0,1,0,0,1,0,0,0,0,0,1,0,0,0,1,0,0
33,29,23,5.95,16.49,31.67,1125.65,1,0,1,0,0,1,0,0,0,0,0,1,0,0,0,1,0,0
50,98,67,7.01,10.45,65.44,2003.01,1,0,1,0,0,1,0,0,0,0,0,1,0,0,0,1,0,0
131,99,66,5.38,15.03,75.72,2760.61,1,0,1,0,0,1,0,0,0,0,0,1,0,0,0,1,0,0
118,30,127,7.62,36.72,77.44,736.57,1,0,1,0,0,1,0,0,0,0,0,1,0,0,0,1,0,0
107,72,100,7.01,17.19,47.19,725.21,1,0,1,0,0,1,0,0,0,0,0,1,0,0,0,1,0,0
111,68,76,5.02,32.12,33.18,2191.8,1,0,1,0,0,1,0,0,0,0,0,1,0,0,0,1,0,0
57,36,55,6.14,23.78,61.89,2671.32,1,0,1,0,0,0,1,0,0,0,0,1,0,0,0,0,0,1
150,16,39,8.14,33.24,58.63,2240.92,1,0,1,0,0,0,1,0,0,0,0,1,0,0,0,0,0,1
159,29,24,5.68,32.66,45.89,2661.73,1,0,1,0,0,0,1,0,0,0,0,1,0,0,0,0,0,1
142,52,61,8.12,17.97,30.52,1818.45,1,0,1,0,0,0,1,0,0,0,0,1,0,0,0,0,0,1
167,71,134,7.43,16.37,55.16,1420.72,1,0,1,0,0,0,1,0,0,0,0,1,0,0,0,0,0,1
98,84,139,5.06,13.49,68.5,1088.4,1,0,1,0,0,0,1,0,0,0,0,1,0,0,0,0,0,1
57,37,87,7.62,14.06,35.97,2546.38,1,0,1,0,0,0,1,0,0,0,0,1,0,0,0,0,0,1
108,26,42,6.1,16.74,71.74,1940.01,1,0,1,0,0,0,1,0,0,0,0,1,0,0,0,0,0,1
166,42,149,5.62,28.15,35.14,2045.2,1,0,1,0,0,0,1,0,0,0,0,1,0,0,0,0,0,1
73,62,82,7.75,21.75,38.93,2151.12,1,0,1,0,0,0,1,0,0,0,0,1,0,0,0,0,0,1
161,21,101,7.39,20.86,89.74,2113.65,1,0,1,0,0,0,1,0,0,0,0,1,0,0,0,0,0,1
57,63,46,5.11,24.74,80.13,2647.71,1,0,1,0,0,0,1,0,0,0,0,1,0,0,0,0,0,1
71,28,131,7.95,16.37,48.49,1701.27,1,0,1,0,0,0,1,0,0,0,0,1,0,0,0,0,0,1
48,80,108,5.92,31.74,56.79,712.63,1,0,1,0,0,0,1,0,0,0,0,1,0,0,0,0,0,1
82,24,45,6.97,14.25,54.1,373.96,1,0,1,0,0,0,1,0,0,0,0,1,0,0,0,0,0,1
129,70,126,5.37,26.44,52.84,2048.87,1,0,1,0,0,0,1,0,0,0,0,1,0,0,0,0,0,1
104,85,79,7.78,32.77,55.3,1823.92,1,0,1,0,0,0,1,0,0,0,0,1,0,0,0,0,0,1
167,81,101,5.36,39.92,32.02,1830.53,1,0,1,0,0,0,1,0,0,0,0,1,0,0,0,0,0,1
126,42,114,5.31,22.03,62.69,625.44,1,0,1,0,0,0,1,0,0,0,0,1,0,0,0,0,0,1
123,44,108,5.84,29.49,52.38,1390.4,1,0,1,0,0,0,1,0,0,0,0,1,0,0,0,0,0,1
156,68,120,8.14,15.76,52.88,1081.85,1,0,1,0,0,0,1,0,0,0,0,1,0,0,0,0,0,1
145,97,136,6.89,22.37,74.87,478.65,1,0,1,0,0,0,1,0,0,0,0,1,0,0,0,0,0,1
86,25,79,8.08,17.33,86.2,1965.19,1,0,1,0,0,0,1,0,0,0,0,1,0,0,0,0,0,1
80,40,46,7.26,16.32,41.38,1912.84,1,0,1,0,0,0,1,0,0,0,0,1,0,0,0,0,0,1
92,39,147,5.44,28.63,65.87,1544.55,1,0,1,0,0,0,1,0,0,0,0,1,0,0,0,0,0,1
106,95,36,5.98,33.38,39.91,671.75,1,0,1,0,0,0,1,0,0,0,0,1,0,0,0,0,0,1
87,52,73,5.13,28.4,59.6,1245.8,1,0,1,0,0,0,1,0,0,0,0,1,0,0,0,0,0,1
160,69,141,6.04,14.63,38.53,2114.54,1,0,1,0,0,0,1,0,0,0,0,1,0,0,0,0,0,1
97,28,142,4.89,15.33,55.53,2202.32,1,0,1,0,0,0,1,0,0,0,0,1,0,0,0,0,0,1
88,73,66,7.74,21.45,87.86,1569.24,1,0,1,0,0,0,1,0,0,0,0,1,0,0,0,0,0,1
142,20,86,5.53,28.74,65.01,2220.18,1,0,1,0,0,0,1,0,0,0,0,1,0,0,0,0,0,1
99,83,149,6.48,16.39,46.89,575.18,1,0,1,0,0,0,1,0,0,0,0,1,0,0,0,0,0,1
107,17,38,7.11,26.44,54.27,374.79,1,0,1,0,0,0,1,0,0,0,0,1,0,0,0,0,0,1
109,74,80,7.36,25.3,80.45,1764.93,1,0,1,0,0,0,1,0,0,0,0,1,0,0,0,0,0,1
128,95,42,6.09,35.65,60.14,1632.02,1,0,1,0,0,0,0,1,0,0,0,1,0,1,0,0,0,0
91,76,84,5.91,16.87,82.21,853.82,1,0,1,0,0,0,0,1,0,0,0,1,0,1,0,0,0,0
118,27,99,6.48,22.23,76.84,1906.73,1,0,1,0,0,0,0,1,0,0,0,1,0,1,0,0,0,0
130,61,108,7.22,35.28,45.36,2006.46,1,0,1,0,0,0,0,1,0,0,0,1,0,1,0,0,0,0
100,57,47,7.72,27.01,59.56,1335.63,1,0,1,0,0,0,0,1,0,0,0,1,0,1,0,0,0,0
176,61,115,5.3,34.74,86.33,2789.38,1,0,1,0,0,0,0,1,0,0,0,1,0,1,0,0,0,0
45,33,123,6.54,17.1,73.3,2198.7,1,0,1,0,0,0,0,1,0,0,0,1,0,1,0,0,0,0
153,27,37,7.96,18.98,88.75,1417.45,1,0,1,0,0,0,0,1,0,0,0,1,0,1,0,0,0,0
47,64,25,5.89,34.43,74.11,1029.29,1,0,1,0,0,0,0,1,0,0,0,1,0,1,0,0,0,0
116,91,143,5.41,30.68,57.67,1830.4,1,0,1,0,0,0,0,1,0,0,0,1,0,1,0,0,0,0
154,48,65,4.9,18.73,78.45,495.5,1,0,1,0,0,0,0,1,0,0,0,1,0,1,0,0,0,0
95,15,38,5.62,32.75,57.85,1784.15,1,0,1,0,0,0,0,1,0,0,0,1,0,1,0,0,0,0
64,56,52,5.79,18.39,60.04,2040.38,1,0,1,0,0,0,0,1,0,0,0,1,0,1,0,0,0,0
91,93,23,7.13,38.1,42.13,2510.93,1,0,1,0,0,0,0,1,0,0,0,1,0,1,0,0,0,0
161,94,46,7.92,37.35,46.83,511.88,1,0,1,0,0,0,0,1,0,0,0,1,0,1,0,0,0,0
106,90,141,8.17,38.76,87.47,1809.95,1,0,1,0,0,0,0,1,0,0,0,1,0,1,0,0,0,0
177,29,140,6.04,25.91,42.73,2693.45,1,0,1,0,0,0,0,1,0,0,0,1,0,1,0,0,0,0
128,85,80,5.21,29.49,40.99,1070.35,1,0,1,0,0,0,0,1,0,0,0,1,0,1,0,0,0,0
90,66,40,5.75,16.77,36.53,1891.18,1,0,1,0,0,0,0,1,0,0,0,1,0,1,0,0,0,0
163,86,80,6.04,35.81,44.64,1538.43,1,0,1,0,0,0,0,1,0,0,0,1,0,1,0,0,0,0
45,87,35,7.99,12.11,30.11,1803.44,1,0,1,0,0,0,0,1,0,0,0,1,0,1,0,0,0,0
58,61,80,5.26,19.68,42.51,622.29,1,0,1,0,0,0,0,1,0,0,0,1,0,1,0,0,0,0
130,64,147,5.15,20.72,80.51,2117.5,1,0,1,0,0,0,0,1,0,0,0,1,0,1,0,0,0,0
152,72,40,4.97,24.48,39.6,1720.7,1,0,1,0,0,0,0,1,0,0,0,1,0,1,0,0,0,0
115,39,20,6.65,12.77,68.19,787.96,1,0,1,0,0,0,0,1,0,0,0,1,0,1,0,0,0,0
106,59,86,6.42,10.14,59.12,1529.03,1,0,1,0,0,0,0,1,0,0,0,1,0,1,0,0,0,0
92,34,71,7.16,23.96,77.92,2678.76,1,0,1,0,0,0,0,1,0,0,0,1,0,1,0,0,0,0
46,31,96,6.01,16.43,88.09,1055.95,1,0,1,0,0,0,0,1,0,0,0,1,0,1,0,0,0,0
81,82,87,5.03,39.15,62.17,959.83,1,0,1,0,0,0,0,1,0,0,0,1,0,1,0,0,0,0
46,55,48,6.56,10.21,44.42,2130.57,1,0,1,0,0,0,0,1,0,0,0,1,0,1,0,0,0,0
39,28,103,6.78,33.37,51.99,1636.72,1,0,1,0,1,0,0,0,0,0,0,0,1,0,0,1,0,0
63,92,142,6.9,39.03,47.34,665.6,1,0,1,0,1,0,0,0,0,0,0,0,1,0,0,1,0,0
164,40,67,7.68,36.96,45.93,1432.08,1,0,1,0,1,0,0,0,0,0,0,0,1,0,0,1,0,0
37,27,38,5.61,16.92,55.74,1505.35,1,0,1,0,1,0,0,0,0,0,0,0,1,0,0,1,0,0
158,48,38,5.38,10.7,37.89,2331.78,1,0,1,0,1,0,0,0,0,0,0,0,1,0,0,1,0,0
178,38,96,7.36,14.55,30.97,2553.86,1,0,1,0,1,0,0,0,0,0,0,0,1,0,0,1,0,0
154,57,46,5.72,39.91,30.21,2489.02,1,0,1,0,1,0,0,0,0,0,0,0,1,0,0,1,0,0
100,98,109,6.68,10.22,64.03,667.29,1,0,1,0,1,0,0,0,0,0,0,0,1,0,0,1,0,0
175,21,53,8.03,24.33,80.91,969.28,1,0,1,0,1,0,0,0,0,0,0,0,1,0,0,1,0,0
53,50,49,5.35,34.35,50.62,1795.31,1,0,1,0,1,0,0,0,0,0,0,0,1,0,0,1,0,0
105,23,28,4.97,24.39,57.83,2023.76,1,0,1,0,1,0,0,0,0,0,0,0,1,0,0,1,0,0
77,77,92,4.96,12.11,58.53,788.44,1,0,1,0,1,0,0,0,0,0,0,0,1,0,0,1,0,0
97,76,39,6.27,10.58,53.55,656.96,1,0,1,0,1,0,0,0,0,0,0,0,1,0,0,1,0,0
113,71,111,7.89,26.39,57.66,2273.28,1,0,1,0,1,0,0,0,0,0,0,0,1,0,0,1,0,0
43,50,106,6.01,28.62,73.96,327.09,1,0,1,0,1,0,0,0,0,0,0,0,1,0,0,1,0,0
140,20,57,5.48,26.19,72.16,2473.78,1,0,1,0,1,0,0,0,0,0,0,0,1,0,0,1,0,0
132,25,53,5.23,34.24,57.67,1891.36,1,0,1,0,1,0,0,0,0,0,0,0,1,0,0,1,0,0
92,62,39,5.01,20.67,77.56,2710.81,1,0,1,0,1,0,0,0,0,0,0,0,1,0,0,1,0,0
78,63,54,6.22,36.82,76.66,2203.29,1,0,1,0,1,0,0,0,0,0,0,0,1,0,0,1,0,0
87,22,140,5.58,21.31,47.03,529.1,1,0,1,0,1,0,0,0,0,0,0,0,1,0,0,1,0,0
167,91,31,6.49,34.91,40.78,624.83,1,0,1,0,1,0,0,0,0,0,0,0,1,0,0,1,0,0
62,95,73,6.29,21.39,78.26,711.35,1,0,1,0,1,0,0,0,0,0,0,0,1,0,0,1,0,0
130,30,98,4.99,22.34,84.74,2733.18,1,0,1,0,1,0,0,0,0,0,0,0,1,0,0,1,0,0
38,35,130,5.71,25.28,36.76,1894.35,1,0,1,0,1,0,0,0,0,0,0,0,1,0,0,1,0,0
59,44,142,6.73,33.63,87.14,1743.58,1,0,1,0,1,0,0,0,0,0,0,0,1,0,0,1,0,0
121,28,148,5.39,25.01,47.45,880.75,1,0,1,0,1,0,0,0,0,0,0,0,1,0,0,1,0,0
30,51,47,4.95,28.36,56.32,2294.87,1,0,1,0,1,0,0,0,0,0,0,0,1,0,0,1,0,0
172,31,49,5.09,32.38,60.81,1039.57,1,0,1,0,0,1,0,0,0,0,0,0,1,0,0,1,0,0
174,18,129,7.65,39.92,64.21,2708.64,1,0,1,0,0,1,0,0,0,0,0,0,1,0,0,1,0,0
46,51,76,8.02,30.66,41.64,771.88,1,0,1,0,0,1,0,0,0,0,0,0,1,0,0,1,0,0
37,71,23,6.12,13.08,82.13,1248.81,1,0,1,0,0,1,0,0,0,0,0,0,1,0,0,1,0,0
93,68,24,8.02,10.54,47.42,581.89,1,0,1,0,0,1,0,0,0,0,0,0,1,0,0,1,0,0
46,44,117,7.88,20.11,70.49,557.38,1,0,1,0,0,1,0,0,0,0,0,0,1,0,0,1,0,0
174,59,110,7.18,13.89,84.24,2129.77,1,0,1,0,0,1,0,0,0,0,0,0,1,0,0,1,0,0
41,91,92,6.69,34.45,75.62,1459.72,1,0,1,0,0,1,0,0,0,0,0,0,1,0,0,1,0,0
49,94,64,5.91,35.67,44.84,2064.22,1,0,1,0,0,1,0,0,0,0,0,0,1,0,0,1,0,0
165,55,123,6.55,29.12,58.31,1682.65,1,0,1,0,0,1,0,0,0,0,0,0,1,0,0,1,0,0
146,93,131,6.25,11.9,42.71,2494.9,1,0,1,0,0,1,0,0,0,0,0,0,1,0,0,1,0,0
109,50,135,6.14,26.57,89.23,772.56,1,0,1,0,0,1,0,0,0,0,0,0,1,0,0,1,0,0
133,19,113,4.99,38.25,52.72,2547.28,1,0,1,0,0,1,0,0,0,0,0,0,1,0,0,1,0,0
150,29,32,6.06,33.34,70.33,820.99,1,0,1,0,0,1,0,0,0,0,0,0,1,0,0,1,0,0
86,72,71,5.52,36.79,43.78,785.93,1,0,1,0,0,1,0,0,0,0,0,0,1,0,0,1,0,0
165,78,134,7.63,32.53,83.62,1156.25,1,0,1,0,0,1,0,0,0,0,0,0,1,0,0,1,0,0
157,44,108,5.34,13.99,83.51,1985.64,1,0,1,0,0,1,0,0,0,0,0,0,1,0,0,1,0,0
156,93,50,6.05,35.18,36.21,1806.53,1,0,1,0,0,1,0,0,0,0,0,0,1,0,0,1,0,0
82,21,21,5.41,39.38,70.56,2125.96,1,0,1,0,0,1,0,0,0,0,0,0,1,0,0,1,0,0
158,45,79,4.91,23.19,78.05,1846.84,1,0,1,0,0,1,0,0,0,0,0,0,1,0,0,1,0,0
45,48,116,7.14,23.36,48.44,2546.62,1,0,1,0,0,1,0,0,0,0,0,0,1,0,0,1,0,0
136,68,128,6.87,30.83,36.25,2082.53,1,0,1,0,0,1,0,0,0,0,0,0,1,0,0,1,0,0
87,39,102,6.15,26.68,76.12,1752.28,1,0,1,0,0,1,0,0,0,0,0,0,1,0,0,1,0,0
106,77,77,7.11,17.25,87.81,970.07,1,0,1,0,0,1,0,0,0,0,0,0,1,0,0,1,0,0
159,27,34,6.51,11.79,40.29,371.55,1,0,1,0,0,1,0,0,0,0,0,0,1,0,0,1,0,0
98,31,93,7.8,19.41,53.84,1830.14,1,0,1,0,0,1,0,0,0,0,0,0,1,0,0,1,0,0
150,21,93,5.38,34.02,79.67,482.92,1,0,1,0,0,1,0,0,0,0,0,0,1,0,0,1,0,0
53,50,123,5.91,15.6,41.82,590.12,1,0,1,0,0,1,0,0,0,0,0,0,1,0,0,1,0,0
90,68,68,6.29,19.04,41.51,563.3,1,0,1,0,0,1,0,0,0,0,0,0,1,0,0,1,0,0
32,76,148,6.83,31.32,57.46,552.09,1,0,1,0,0,1,0,0,0,0,0,0,1,0,0,1,0,0
175,71,61,4.91,24.68,42.6,2359.32,1,0,1,0,0,1,0,0,0,0,0,0,1,0,0,1,0,0
96,27,66,5.18,18.73,47.37,558.23,1,0,1,0,0,1,0,0,0,0,0,0,1,0,0,1,0,0
38,83,137,7.38,27.11,32.44,2649.01,1,0,1,0,0,0,1,0,0,0,0,0,1,0,0,0,1,0
66,86,108,7.22,39.96,75.16,1926.08,1,0,1,0,0,0,1,0,0,0,0,0,1,0,0,0,1,0
57,93,35,5.85,16.38,61.03,659.03,1,0,1,0,0,0,1,0,0,0,0,0,1,0,0,0,1,0
78,93,104,7.66,39.18,66.63,1114.89,1,0,1,0,0,0,1,0,0,0,0,0,1,0,0,0,1,0
76,17,50,6.17,11.65,52.83,2526.51,1,0,1,0,0,0,1,0,0,0,0,0,1,0,0,0,1,0
126,54,51,6.54,10.43,58.08,1965.22,1,0,1,0,0,0,1,0,0,0,0,0,1,0,0,0,1,0
75,80,149,5.99,15.7,38.25,1120.9,1,0,1,0,0,0,1,0,0,0,0,0,1,0,0,0,1,0
155,36,28,6.23,23.96,51.2,2593.75,1,0,1,0,0,0,1,0,0,0,0,0,1,0,0,0,1,0
98,90,60,6.08,28.44,33.31,2093.9,1,0,1,0,0,0,1,0,0,0,0,0,1,0,0,0,1,0
172,52,65,5.73,12.19,63.04,648.96,1,0,1,0,0,0,1,0,0,0,0,0,1,0,0,0,1,0
133,67,47,4.83,29.98,73.12,1699.97,1,0,1,0,0,0,1,0,0,0,0,0,1,0,0,0,1,0
86,82,110,6.02,29.83,33.16,2523.0,1,0,1,0,0,0,1,0,0,0,0,0,1,0,0,0,1,0
88,29,129,7.67,35.71,62.24,1254.89,1,0,1,0,0,0,1,0,0,0,0,0,1,0,0,0,1,0
106,91,128,7.06,19.43,54.25,2099.63,1,0,1,0,0,0,1,0,0,0,0,0,1,0,0,0,1,0
139,93,91,7.0,30.29,59.68,1327.08,1,0,1,0,0,0,1,0,0,0,0,0,1,0,0,0,1,0
133,60,94,7.35,14.41,45.46,1032.45,1,0,1,0,0,0,1,0,0,0,0,0,1,0,0,0,1,0
30,67,56,5.12,27.98,46.03,784.08,1,0,1,0,0,0,1,0,0,0,0,0,1,0,0,0,1,0
178,39,44,8.03,26.24,77.83,2618.94,1,0,1,0,0,0,1,0,0,0,0,0,1,0,0,0,1,0
32,27,97,5.9,10.54,83.33,1926.17,1,0,1,0,0,0,1,0,0,0,0,0,1,0,0,0,1,0
58,78,132,7.74,25.62,50.74,474.19,1,0,1,0,0,0,1,0,0,0,0,0,1,0,0,0,1,0
170,60,81,7.76,19.12,57.91,812.99,1,0,1,0,0,0,1,0,0,0,0,0,1,0,0,0,1,0
72,65,134,7.02,11.14,80.19,2043.11,1,0,1,0,0,0,1,0,0,0,0,0,1,0,0,0,1,0
84,98,147,8.14,25.01,57.64,1006.14,1,0,1,0,0,0,1,0,0,0,0,0,1,0,0,0,1,0
170,93,65,6.27,35.53,75.7,2364.96,1,0,1,0,0,0,1,0,0,0,0,0,1,0,0,0,1,0
166,46,89,6.49,30.61,34.4,706.36,1,0,1,0,0,0,1,0,0,0,0,0,1,0,0,0,1,0
133,89,45,7.44,30.4,39.18,725.26,1,0,1,0,0,0,1,0,0,0,0,0,1,0,0,0,1,0
55,46,67,7.49,16.92,33.25,2280.44,1,0,1,0,0,0,1,0,0,0,0,0,1,0,0,0,1,0
61,51,37,7.47,19.98,76.73,1635.11,1,0,1,0,0,0,1,0,0,0,0,0,1,0,0,0,1,0
99,65,20,8.14,14.93,89.82,2061.84,1,0,1,0,0,0,1,0,0,0,0,0,1,0,0,0,1,0
38,19,116,5.18,24.9,37.66,1123.02,1,0,1,0,0,0,1,0,0,0,0,0,1,0,0,0,1,0
64,79,143,6.81,37.62,53.21,401.46,1,0,1,0,0,0,1,0,0,0,0,0,1,0,0,0,1,0
139,33,57,6.06,24.84,40.74,2788.38,1,0,1,0,0,0,0,1,0,0,0,0,1,1,0,0,0,0
151,72,146,7.4,33.86,39.88,1493.09,1,0,1,0,0,0,0,1,0,0,0,0,1,1,0,0,0,0
41,78,47,6.64,12.81,63.25,2684.92,1,0,1,0,0,0,0,1,0,0,0,0,1,1,0,0,0,0
171,24,102,7.94,14.89,78.51,2051.38,1,0,1,0,0,0,0,1,0,0,0,0,1,1,0,0,0,0
134,87,36,6.46,39.73,76.9,1009.94,1,0,1,0,0,0,0,1,0,0,0,0,1,1,0,0,0,0
64,85,59,6.49,35.75,30.28,2350.32,1,0,1,0,0,0,0,1,0,0,0,0,1,1,0,0,0,0
153,18,33,7.05,24.17,82.78,997.98,1,0,1,0,0,0,0,1,0,0,0,0,1,1,0,0,0,0
174,67,98,8.08,39.16,32.46,1380.78,1,0,1,0,0,0,0,1,0,0,0,0,1,1,0,0,0,0
41,24,35,5.37,29.67,69.21,1579.13,1,0,1,0,0,0,0,1,0,0,0,0,1,1,0,0,0,0
113,88,54,5.77,27.9,60.12,2171.97,1,0,1,0,0,0,0,1,0,0,0,0,1,1,0,0,0,0
97,71,138,5.8,12.51,34.79,2720.42,1,0,1,0,0,0,0,1,0,0,0,0,1,1,0,0,0,0
61,46,122,5.33,11.31,77.61,1231.8,1,0,1,0,0,0,0,1,0,0,0,0,1,1,0,0,0,0
109,16,75,7.6,11.19,63.07,823.87,1,0,1,0,0,0,0,1,0,0,0,0,1,1,0,0,0,0
40,93,103,7.85,29.38,30.88,1674.42,1,0,1,0,0,0,0,1,0,0,0,0,1,1,0,0,0,0
148,38,69,7.21,29.99,58.39,1717.79,1,0,1,0,0,0,0,1,0,0,0,0,1,1,0,0,0,0
39,24,79,7.77,12.98,53.68,1403.75,1,0,1,0,0,0,0,1,0,0,0,0,1,1,0,0,0,0
159,20,103,7.69,32.86,49.41,808.28,1,0,1,0,0,0,0,1,0,0,0,0,1,1,0,0,0,0
62,87,65,7.83,12.84,80.94,776.55,1,0,1,0,0,0,0,1,0,0,0,0,1,1,0,0,0,0
159,60,121,5.35,12.91,33.28,1811.43,1,0,1,0,0,0,0,1,0,0,0,0,1,1,0,0,0,0
137,90,30,6.54,30.01,70.87,1640.89,1,0,1,0,0,0,0,1,0,0,0,0,1,1,0,0,0,0
69,40,86,7.59,24.87,82.96,2303.01,1,0,1,0,0,0,0,1,0,0,0,0,1,1,0,0,0,0
96,19,43,7.8,30.11,77.11,2115.78,1,0,1,0,0,0,0,1,0,0,0,0,1,1,0,0,0,0
49,53,63,6.33,27.1,56.76,322.1,1,0,1,0,0,0,0,1,0,0,0,0,1,1,0,0,0,0
136,65,113,5.94,35.73,67.42,1692.44,1,0,1,0,0,0,0,1,0,0,0,0,1,1,0,0,0,0
174,25,124,7.03,20.21,72.53,2462.04,1,0,1,0,0,0,0,1,0,0,0,0,1,1,0,0,0,0
140,79,27,5.48,17.3,89.63,986.51,1,0,1,0,0,0,0,1,0,0,0,0,1,1,0,0,0,0
130,28,48,7.38,22.38,53.8,745.17,1,0,1,0,0,0,0,1,0,0,0,0,1,1,0,0,0,0
77,91,137,5.38,26.63,60.94,673.72,1,0,1,0,0,0,0,1,0,0,0,0,1,1,0,0,0,0
101,77,108,7.5,39.3,48.25,1854.99,1,0,1,0,0,0,0,1,0,0,0,0,1,1,0,0,0,0
116,64,66,6.09,38.96,60.61,583.07,1,0,1,0,0,0,0,1,0,0,0,0,1,1,0,0,0,0
179,24,129,6.88,23.61,77.42,2131.37,1,0,1,0,0,0,0,1,0,0,0,0,1,1,0,0,0,0
73,18,84,7.89,10.63,51.19,1879.24,1,0,1,0,0,0,0,1,0,0,0,0,1,1,0,0,0,0
159,66,68,6.47,36.91,37.4,2676.84,1,0,0,1,1,0,0,0,1,0,0,0,0,0,0,1,0,0
138,62,41,5.91,11.12,89.49,391.08,1,0,0,1,1,0,0,0,1,0,0,0,0,0,0,1,0,0
162,45,61,5.75,12.92,73.81,2646.74,1,0,0,1,1,0,0,0,1,0,0,0,0,0,0,1,0,0
50,17,61,7.18,21.75,57.1,821.08,1,0,0,1,1,0,0,0,1,0,0,0,0,0,0,1,0,0
154,64,114,6.04,19.74,83.86,2611.23,1,0,0,1,1,0,0,0,1,0,0,0,0,0,0,1,0,0
111,57,118,8.07,11.08,36.36,1240.52,1,0,0,1,1,0,0,0,1,0,0,0,0,0,0,1,0,0
157,25,57,6.74,26.62,60.09,2769.18,1,0,0,1,1,0,0,0,1,0,0,0,0,0,0,1,0,0
158,35,82,7.82,25.49,62.06,1474.26,1,0,0,1,1,0,0,0,1,0,0,0,0,0,0,1,0,0
43,54,51,7.5,23.32,75.26,1954.61,1,0,0,1,1,0,0,0,1,0,0,0,0,0,0,1,0,0
176,45,141,5.43,16.37,81.24,2383.57,1,0,0,1,1,0,0,0,1,0,0,0,0,0,0,1,0,0
72,46,83,7.53,11.09,78.01,2572.48,1,0,0,1,1,0,0,0,1,0,0,0,0,0,0,1,0,0
137,72,123,6.23,32.69,53.41,2728.68,1,0,0,1,1,0,0,0,1,0,0,0,0,0,0,1,0,0
156,96,137,7.57,20.56,57.95,691.07,1,0,0,1,1,0,0,0,1,0,0,0,0,0,0,1,0,0
72,87,49,6.08,21.12,69.96,2417.12,1,0,0,1,1,0,0,0,1,0,0,0,0,0,0,1,0,0
165,61,102,7.96,14.96,58.83,1035.28,1,0,0,1,1,0,0,0,1,0,0,0,0,0,0,1,0,0
106,53,145,6.37,29.74,77.46,839.12,1,0,0,1,1,0,0,0,1,0,0,0,0,0,0,1,0,0
99,75,88,5.82,14.54,35.85,2428.95,1,0,0,1,1,0,0,0,1,0,0,0,0,0,0,1,0,0
82,64,45,6.48,26.04,64.82,2456.26,1,0,0,1,1,0,0,0,1,0,0,0,0,0,0,1,0,0
176,78,35,7.93,34.52,66.59,720.96,1,0,0,1,1,0,0,0,1,0,0,0,0,0,0,1,0,0
40,90,82,7.86,34.26,70.01,1383.77,1,0,0,1,1,0,0,0,1,0,0,0,0,0,0,1,0,0
143,82,116,6.43,20.78,87.25,2215.19,1,0,0,1,1,0,0,0,1,0,0,0,0,0,0,1,0,0
99,76,93,5.95,33.76,69.23,1675.25,1,0,0,1,1,0,0,0,1,0,0,0,0,0,0,1,0,0
164,25,129,7.33,39.13,89.98,1323.17,1,0,0,1,1,0,0,0,1,0,0,0,0,0,0,1,0,0
104,97,78,5.41,10.86,63.25,2099.14,1,0,0,1,1,0,0,0,1,0,0,0,0,0,0,1,0,0
100,49,133,5.81,15.52,35.2,763.43,1,0,0,1,1,0,0,0,1,0,0,0,0,0,0,1,0,0
167,70,105,8.18,10.82,53.96,1563.9,1,0,0,1,1,0,0,0,1,0,0,0,0,0,0,1,0,0
178,21,26,7.38,13.64,83.55,1762.34,1,0,0,1,1,0,0,0,1,0,0,0,0,0,0,1,0,0
66,35,34,8.07,18.05,59.39,1011.33,1,0,0,1,1,0,0,0,1,0,0,0,0,0,0,1,0,0
150,25,25,6.55,38.2,51.16,1119.18,1,0,0,1,1,0,0,0,1,0,0,0,0,0,0,1,0,0
58,52,74,7.01,30.31,53.47,1141.29,1,0,0,1,0,1,0,0,1,0,0,0,0,0,0,1,0,0
63,72,118,5.38,21.82,41.89,677.63,1,0,0,1,0,1,0,0,1,0,0,0,0,0,0,1,0,0
34,92,31,6.98,11.51,40.85,2696.5,1,0,0,1,0,1,0,0,1,0,0,0,0,0,0,1,0,0
54,35,72,4.93,12.9,68.01,939.22,1,0,0,1,0,1,0,0,1,0,0,0,0,0,0,1,0,0
162,46,33,6.09,11.82,32.42,766.49,1,0,0,1,0,1,0,0,1,0,0,0,0,0,0,1,0,0
79,53,35,7.39,30.78,47.14,1321.63,1,0,0,1,0,1,0,0,1,0,0,0,0,0,0,1,0,0
56,42,136,7.31,32.5,85.48,996.35,1,0,0,1,0,1,0,0,1,0,0,0,0,0,0,1,0,0
119,54,49,5.6,17.46,83.39,2738.98,1,0,0,1,0,1,0,0,1,0,0,0,0,0,0,1,0,0
129,17,47,4.89,17.39,85.03,599.29,1,0,0,1,0,1,0,0,1,0,0,0,0,0,0,1,0,0
166,43,46,6.83,34.3,68.19,795.72,1,0,0,1,0,1,0,0,1,0,0,0,0,0,0,1,0,0
125,60,101,5.16,10.39,72.13,2354.36,1,0,0,1,0,1,0,0,1,0,0,0,0,0,0,1,0,0
155,78,133,8.09,36.98,50.14,1757.79,1,0,0,1,0,1,0,0,1,0,0,0,0,0,0,1,0,0
49,44,118,7.38,34.11,76.35,2714.87,1,0,0,1,0,1,0,0,1,0,0,0,0,0,0,1,0,0
47,84,94,7.35,21.03,36.83,436.15,1,0,0,1,0,1,0,0,1,0,0,0,0,0,0,1,0,0
130,79,25,5.08,35.49,54.55,536.38,1,0,0,1,0,1,0,0,1,0,0,0,0,0,0,1,0,0
158,32,65,7.1,31.03,65.48,2407.24,1,0,0,1,0,1,0,0,1,0,0,0,0,0,0,1,0,0
163,61,74,4.99,17.72,63.04,1912.26,1,0,0,1,0,1,0,0,1,0,0,0,0,0,0,1,0,0
174,19,97,7.81,10.06,40.7,1694.3,1,0,0,1,0,1,0,0,1,0,0,0,0,0,0,1,0,0
116,93,119,6.18,11.99,56.5,1932.66,1,0,0,1,0,1,0,0,1,0,0,0,0,0,0,1,0,0
115,79,126,5.74,34.96,51.45,1984.1,1,0,0,1,0,1,0,0,1,0,0,0,0,0,0,1,0,0
159,62,55,6.64,30.3,35.52,2311.02,1,0,0,1,0,1,0,0,1,0,0,0,0,0,0,1,0,0
134,45,101,5.69,12.57,61.72,1208.68,1,0,0,1,0,1,0,0,1,0,0,0,0,0,0,1,0,0
75,78,82,7.67,37.7,41.98,2639.96,1,0,0,1,0,1,0,0,1,0,0,0,0,0,0,1,0,0
46,78,34,6.3,30.34,62.3,2794.31,1,0,0,1,0,0,1,0,1,0,0,0,0,0,0,0,0,1
67,27,47,7.07,12.35,66.06,1005.07,1,0,0,1,0,0,1,0,1,0,0,0,0,0,0,0,0,1
130,37,55,6.32,17.83,72.63,1550.75,1,0,0,1,0,0,1,0,1,0,0,0,0,0,0,0,0,1
111,85,115,7.19,21.13,52.74,2340.34,1,0,0,1,0,0,1,0,1,0,0,0,0,0,0,0,0,1
144,50,36,6.17,39.5,75.97,1552.65,1,0,0,1,0,0,1,0,1,0,0,0,0,0,0,0,0,1
149,41,115,5.62,38.2,40.51,980.62,1,0,0,1,0,0,1,0,1,0,0,0,0,0,0,0,0,1
74,76,113,7.94,39.45,66.65,700.55,1,0,0,1,0,0,1,0,1,0,0,0,0,0,0,0,0,1
94,17,123,8.08,13.76,79.06,1741.62,1,0,0,1,0,0,1,0,1,0,0,0,0,0,0,0,0,1
60,45,110,7.84,33.28,47.07,568.88,1,0,0,1,0,0,1,0,1,0,0,0,0,0,0,0,0,1
60,81,84,5.7,38.81,32.71,338.81,1,0,0,1,0,0,1,0,1,0,0,0,0,0,0,0,0,1
102,81,23,5.51,18.27,39.27,1498.18,1,0,0,1,0,0,1,0,1,0,0,0,0,0,0,0,0,1
156,19,27,5.25,17.98,68.93,1167.22,1,0,0,1,0,0,1,0,1,0,0,0,0,0,0,0,0,1
85,22,29,5.52,27.81,52.65,2173.83,1,0,0,1,0,0,1,0,1,0,0,0,0,0,0,0,0,1
166,32,90,8.11,34.4,86.79,2342.39,1,0,0,1,0,0,1,0,1,0,0,0,0,0,0,0,0,1
103,28,136,5.43,31.65,59.38,2448.31,1,0,0,1,0,0,1,0,1,0,0,0,0,0,0,0,0,1
164,45,95,5.09,17.69,55.0,487.62,1,0,0,1,0,0,1,0,1,0,0,0,0,0,0,0,0,1
160,87,62,7.17,17.53,37.68,1473.03,1,0,0,1,0,0,1,0,1,0,0,0,0,0,0,0,0,1
102,58,66,7.4,38.24,40.81,732.4,1,0,0,1,0,0,1,0,1,0,0,0,0,0,0,0,0,1
169,36,54,7.7,29.93,74.23,365.32,1,0,0,1,0,0,1,0,1,0,0,0,0,0,0,0,0,1
101,57,137,6.2,26.58,44.62,1784.55,1,0,0,1,0,0,1,0,1,0,0,0,0,0,0,0,0,1
145,73,54,8.1,24.39,86.47,1815.33,1,0,0,1,0,0,1,0,1,0,0,0,0,0,0,0,0,1
101,82,129,8.19,23.0,85.77,2330.91,1,0,0,1,0,0,1,0,1,0,0,0,0,0,0,0,0,1
94,74,23,8.01,11.84,79.45,1375.72,1,0,0,1,0,0,1,0,1,0,0,0,0,0,0,0,0,1
103,72,62,5.84,26.16,61.32,1859.03,1,0,0,1,0,0,1,0,1,0,0,0,0,0,0,0,0,1
144,89,132,7.71,39.73,80.9,487.69,1,0,0,1,0,0,1,0,1,0,0,0,0,0,0,0,0,1
157,30,77,5.77,10.21,72.55,1710.15,1,0,0,1,0,0,1,0,1,0,0,0,0,0,0,0,0,1
103,68,20,7.27,21.36,72.25,1634.43,1,0,0,1,0,0,1,0,1,0,0,0,0,0,0,0,0,1
103,58,53,5.0,15.36,41.51,2741.09,1,0,0,1,0,0,1,0,1,0,0,0,0,0,0,0,0,1
117,87,85,4.91,21.33,81.9,424.46,1,0,0,1,0,0,0,1,1,0,0,0,0,1,0,0,0,0
56,72,73,7.54,21.63,51.21,2121.27,1,0,0,1,0,0,0,1,1,0,0,0,0,1,0,0,0,0
119,92,27,7.63,25.0,42.41,2452.84,1,0,0,1,0,0,0,1,1,0,0,0,0,1,0,0,0,0
58,29,97,7.18,36.1,89.89,1918.16,1,0,0,1,0,0,0,1,1,0,0,0,0,1,0,0,0,0
142,52,97,5.4,39.38,78.14,2426.98,1,0,0,1,0,0,0,1,1,0,0,0,0,1,0,0,0,0
127,21,103,6.11,12.91,54.67,1849.1,1,0,0,1,0,0,0,1,1,0,0,0,0,1,0,0,0,0
142,21,62,5.77,18.04,38.78,572.32,1,0,0,1,0,0,0,1,1,0,0,0,0,1,0,0,0,0
136,41,67,6.39,21.35,55.52,2798.03,1,0,0,1,0,0,0,1,1,0,0,0,0,1,0,0,0,0
58,32,129,5.81,38.53,41.65,2490.41,1,0,0,1,0,0,0,1,1,0,0,0,0,1,0,0,0,0
134,27,139,5.47,29.53,59.68,1980.41,1,0,0,1,0,0,0,1,1,0,0,0,0,1,0,0,0,0
131,45,129,7.98,39.99,32.76,2656.24,1,0,0,1,0,0,0,1,1,0,0,0,0,1,0,0,0,0
173,78,138,5.63,33.6,44.02,1228.99,1,0,0,1,0,0,0,1,1,0,0,0,0,1,0,0,0,0
31,16,140,7.06,14.35,81.46,1345.68,1,0,0,1,0,0,0,1,1,0,0,0,0,1,0,0,0,0
93,98,22,7.38,19.78,32.22,1540.91,1,0,0,1,0,0,0,1,1,0,0,0,0,1,0,0,0,0
107,66,143,5.02,29.27,48.44,305.64,1,0,0,1,0,0,0,1,1,0,0,0,0,1,0,0,0,0
109,15,79,5.88,19.4,81.9,1135.51,1,0,0,1,0,0,0,1,1,0,0,0,0,1,0,0,0,0
30,35,45,5.68,11.44,38.48,560.74,1,0,0,1,0,0,0,1,1,0,0,0,0,1,0,0,0,0
169,43,124,6.66,16.58,77.7,2616.83,1,0,0,1,0,0,0,1,1,0,0,0,0,1,0,0,0,0
58,74,34,4.94,26.24,30.05,2461.57,1,0,0,1,0,0,0,1,1,0,0,0,0,1,0,0,0,0
60,79,115,5.02,36.96,52.07,2369.54,1,0,0,1,0,0,0,1,1,0,0,0,0,1,0,0,0,0
124,63,22,7.7,35.7,85.1,1425.77,1,0,0,1,0,0,0,1,1,0,0,0,0,1,0,0,0,0
99,16,45,7.43,22.8,86.58,505.67,1,0,0,1,0,0,0,1,1,0,0,0,0,1,0,0,0,0
79,30,43,5.09,11.65,40.55,2091.81,1,0,0,1,0,0,0,1,1,0,0,0,0,1,0,0,0,0
73,40,83,6.93,18.93,68.41,1272.43,1,0,0,1,0,0,0,1,1,0,0,0,0,1,0,0,0,0
42,34,99,7.36,17.56,89.91,314.42,1,0,0,1,0,0,0,1,1,0,0,0,0,1,0,0,0,0
43,82,122,6.52,24.1,49.21,427.93,1,0,0,1,1,0,0,0,0,1,0,0,0,1,0,0,0,0
130,88,67,7.44,33.31,81.24,2790.35,1,0,0,1,1,0,0,0,0,1,0,0,0,1,0,0,0,0
169,86,119,5.06,18.0,70.93,1959.95,1,0,0,1,1,0,0,0,0,1,0,0,0,1,0,0,0,0
104,89,22,6.97,28.05,83.21,2181.7,1,0,0,1,1,0,0,0,0,1,0,0,0,1,0,0,0,0
139,28,65,7.77,22.88,74.26,1944.96,1,0,0,1,1,0,0,0,0,1,0,0,0,1,0,0,0,0
156,59,71,5.63,25.58,43.51,1578.31,1,0,0,1,1,0,0,0,0,1,0,0,0,1,0,0,0,0
173,90,56,6.18,34.18,42.59,1008.24,1,0,0,1,1,0,0,0,0,1,0,0,0,1,0,0,0,0
125,78,80,6.18,26.83,43.53,2153.29,1,0,0,1,1,0,0,0,0,1,0,0,0,1,0,0,0,0
156,53,75,5.91,32.22,53.63,2066.28,1,0,0,1,1,0,0,0,0,1,0,0,0,1,0,0,0,0
57,17,145,5.11,23.64,57.11,1768.15,1,0,0,1,1,0,0,0,0,1,0,0,0,1,0,0,0,0
173,18,74,6.99,15.71,49.96,1955.17,1,0,0,1,1,0,0,0,0,1,0,0,0,1,0,0,0,0
174,70,102,6.05,34.05,44.32,1603.13,1,0,0,1,1,0,0,0,0,1,0,0,0,1,0,0,0,0
71,58,81,4.97,19.35,62.44,1735.66,1,0,0,1,1,0,0,0,0,1,0,0,0,1,0,0,0,0
40,33,76,7.65,11.5,48.77,1854.37,1,0,0,1,1,0,0,0,0,1,0,0,0,1,0,0,0,0
73,83,104,7.63,10.98,81.92,2324.43,1,0,0,1,1,0,0,0,0,1,0,0,0,1,0,0,0,0
46,58,60,5.3,12.62,34.97,1591.19,1,0,0,1,1,0,0,0,0,1,0,0,0,1,0,0,0,0
38,58,149,5.96,18.13,51.73,710.78,1,0,0,1,1,0,0,0,0,1,0,0,0,1,0,0,0,0
117,31,140,6.89,15.57,82.63,1922.09,1,0,0,1,1,0,0,0,0,1,0,0,0,1,0,0,0,0
44,87,107,6.09,22.82,41.72,384.39,1,0,0,1,1,0,0,0,0,1,0,0,0,1,0,0,0,0
105,41,62,5.22,26.32,34.41,1270.08,1,0,0,1,1,0,0,0,0,1,0,0,0,1,0,0,0,0
132,41,140,7.6,29.36,41.79,1928.05,1,0,0,1,1,0,0,0,0,1,0,0,0,1,0,0,0,0
139,76,24,4.86,18.91,51.91,1255.71,1,0,0,1,1,0,0,0,0,1,0,0,0,1,0,0,0,0
158,35,48,5.47,30.18,38.02,983.27,1,0,0,1,1,0,0,0,0,1,0,0,0,1,0,0,0,0
64,18,114,7.15,21.08,49.04,723.05,1,0,0,1,1,0,0,0,0,1,0,0,0,1,0,0,0,0
109,49,49,4.9,19.58,73.19,1779.27,1,0,0,1,1,0,0,0,0,1,0,0,0,1,0,0,0,0
71,93,59,7.29,24.11,82.28,668.59,1,0,0,1,1,0,0,0,0,1,0,0,0,1,0,0,0,0
91,37,45,6.08,24.47,40.6,964.63,1,0,0,1,1,0,0,0,0,1,0,0,0,1,0,0,0,0
128,54,108,5.17,29.81,80.26,1443.7,1,0,0,1,1,0,0,0,0,1,0,0,0,1,0,0,0,0
85,85,98,5.82,36.45,55.82,956.94,1,0,0,1,1,0,0,0,0,1,0,0,0,1,0,0,0,0
154,43,46,5.66,38.57,89.81,2029.38,1,0,0,1,1,0,0,0,0,1,0,0,0,1,0,0,0,0
53,50,112,5.97,24.03,59.64,2521.95,1,0,0,1,1,0,0,0,0,1,0,0,0,1,0,0,0,0
93,56,100,4.83,14.39,38.73,2543.59,1,0,0,1,0,1,0,0,0,1,0,0,0,1,0,0,0,0
165,16,45,7.11,16.62,69.57,2320.76,1,0,0,1,0,1,0,0,0,1,0,0,0,1,0,0,0,0
142,19,134,5.77,28.9,54.55,2404.61,1,0,0,1,0,1,0,0,0,1,0,0,0,1,0,0,0,0
123,56,37,7.0,22.56,47.7,790.72,1,0,0,1,0,1,0,0,0,1,0,0,0,1,0,0,0,0
66,50,37,6.26,23.44,34.88,1419.19,1,0,0,1,0,1,0,0,0,1,0,0,0,1,0,0,0,0
131,71,121,7.08,30.08,77.62,2181.59,1,0,0,1,0,1,0,0,0,1,0,0,0,1,0,0,0,0
107,28,139,5.54,30.41,55.65,2206.42,1,0,0,1,0,1,0,0,0,1,0,0,0,1,0,0,0,0
143,51,113,6.96,35.59,79.02,1616.27,1,0,0,1,0,1,0,0,0,1,0,0,0,1,0,0,0,0
142,26,49,5.47,20.38,64.88,1962.28,1,0,0,1,0,1,0,0,0,1,0,0,0,1,0,0,0,0
136,74,93,7.21,14.05,48.66,594.16,1,0,0,1,0,1,0,0,0,1,0,0,0,1,0,0,0,0
127,33,145,7.78,31.75,63.6,2008.11,1,0,0,1,0,1,0,0,0,1,0,0,0,1,0,0,0,0
112,29,21,4.83,29.7,34.51,757.06,1,0,0,1,0,1,0,0,0,1,0,0,0,1,0,0,0,0
119,17,37,6.75,35.7,69.39,504.66,1,0,0,1,0,1,0,0,0,1,0,0,0,1,0,0,0,0
91,20,66,5.93,39.72,67.88,2356.33,1,0,0,1,0,1,0,0,0,1,0,0,0,1,0,0,0,0
144,66,140,5.35,11.17,61.57,2111.01,1,0,0,1,0,1,0,0,0,1,0,0,0,1,0,0,0,0
145,81,54,8.0,31.97,88.04,2735.22,1,0,0,1,0,1,0,0,0,1,0,0,0,1,0,0,0,0
33,76,91,6.41,26.94,50.53,2626.58,1,0,0,1,0,1,0,0,0,1,0,0,0,1,0,0,0,0
160,28,96,7.62,17.64,34.88,1745.5,1,0,0,1,0,1,0,0,0,1,0,0,0,1,0,0,0,0
80,15,67,4.92,18.59,83.85,2502.77,1,0,0,1,0,1,0,0,0,1,0,0,0,1,0,0,0,0
86,20,114,6.3,19.47,68.52,1957.8,1,0,0,1,0,1,0,0,0,1,0,0,0,1,0,0,0,0
178,31,25,7.21,35.09,36.81,1730.37,1,0,0,1,0,1,0,0,0,1,0,0,0,1,0,0,0,0
39,76,118,5.1,36.83,50.66,1543.91,1,0,0,1,0,1,0,0,0,1,0,0,0,1,0,0,0,0
130,52,149,5.35,11.05,78.09,889.36,1,0,0,1,0,1,0,0,0,1,0,0,0,1,0,0,0,0
119,22,77,6.62,29.55,57.18,703.15,1,0,0,1,0,1,0,0,0,1,0,0,0,1,0,0,0,0
170,68,56,6.54,36.78,40.28,2679.53,1,0,0,1,0,1,0,0,0,1,0,0,0,1,0,0,0,0
40,51,60,6.66,18.85,81.65,1940.24,1,0,0,1,0,1,0,0,0,1,0,0,0,1,0,0,0,0
147,59,101,6.62,39.54,83.45,2639.43,1,0,0,1,0,1,0,0,0,1,0,0,0,1,0,0,0,0
113,57,53,7.82,35.03,44.38,364.18,1,0,0,1,0,1,0,0,0,1,0,0,0,1,0,0,0,0
70,74,54,7.99,18.11,39.89,351.23,1,0,0,1,0,1,0,0,0,1,0,0,0,1,0,0,0,0
94,78,62,7.22,22.3,80.5,1289.25,1,0,0,1,0,1,0,0,0,1,0,0,0,1,0,0,0,0
88,72,96,6.47,30.81,55.85,585.86,1,0,0,1,0,1,0,0,0,1,0,0,0,1,0,0,0,0
109,46,42,7.64,10.78,43.7,2362.08,1,0,0,1,0,1,0,0,0,1,0,0,0,1,0,0,0,0
124,72,79,5.63,33.64,54.01,1448.88,1,0,0,1,0,1,0,0,0,1,0,0,0,1,0,0,0,0
46,64,69,7.97,24.86,57.73,732.52,1,0,0,1,0,1,0,0,0,1,0,0,0,1,0,0,0,0
39,56,121,6.69,16.3,66.65,2607.59,1,0,0,1,0,0,1,0,0,1,0,0,0,0,0,0,0,1
43,54,140,5.53,23.54,56.71,2631.79,1,0,0,1,0,0,1,0,0,1,0,0,0,0,0,0,0,1
152,45,143,7.49,30.26,37.95,970.57,1,0,0,1,0,0,1,0,0,1,0,0,0,0,0,0,0,1
34,74,130,6.48,23.7,67.66,2114.23,1,0,0,1,0,0,1,0,0,1,0,0,0,0,0,0,0,1
85,44,124,7.65,32.97,81.94,1095.48,1,0,0,1,0,0,1,0,0,1,0,0,0,0,0,0,0,1
142,33,147,5.18,28.79,59.8,900.94,1,0,0,1,0,0,1,0,0,1,0,0,0,0,0,0,0,1
34,18,113,6.94,25.22,47.57,531.31,1,0,0,1,0,0,1,0,0,1,0,0,0,0,0,0,0,1
163,44,120,7.7,11.85,58.11,877.01,1,0,0,1,0,0,1,0,0,1,0,0,0,0,0,0,0,1
177,18,41,5.82,21.27,80.7,1802.07,1,0,0,1,0,0,1,0,0,1,0,0,0,0,0,0,0,1
141,90,146,6.25,36.67,54.46,2290.36,1,0,0,1,0,0,1,0,0,1,0,0,0,0,0,0,0,1
113,84,81,6.52,22.17,86.93,1488.35,1,0,0,1,0,0,1,0,0,1,0,0,0,0,0,0,0,1
67,29,51,6.57,10.15,36.6,479.62,1,0,0,1,0,0,1,0,0,1,0,0,0,0,0,0,0,1
75,16,111,7.69,24.77,32.05,988.11,1,0,0,1,0,0,1,0,0,1,0,0,0,0,0,0,0,1
172,20,26,6.26,12.75,77.72,615.31,1,0,0,1,0,0,1,0,0,1,0,0,0,0,0,0,0,1
126,79,103,7.43,26.59,42.99,587.4,1,0,0,1,0,0,1,0,0,1,0,0,0,0,0,0,0,1
37,20,56,6.65,15.29,32.62,2085.17,1,0,0,1,0,0,1,0,0,1,0,0,0,0,0,0,0,1
155,32,82,5.83,17.94,80.68,1148.49,1,0,0,1,0,0,1,0,0,1,0,0,0,0,0,0,0,1
63,29,133,7.3,16.79,70.79,761.23,1,0,0,1,0,0,1,0,0,1,0,0,0,0,0,0,0,1
31,67,25,5.55,27.75,54.4,1264.92,1,0,0,1,0,0,1,0,0,1,0,0,0,0,0,0,0,1
46,72,52,6.13,14.87,66.77,1181.76,1,0,0,1,0,0,1,0,0,1,0,0,0,0,0,0,0,1
172,34,106,7.29,13.56,69.68,1947.17,1,0,0,1,0,0,1,0,0,1,0,0,0,0,0,0,0,1
42,83,82,6.92,21.26,57.59,1760.02,1,0,0,1,0,0,1,0,0,1,0,0,0,0,0,0,0,1
87,36,108,5.21,37.24,67.67,613.45,1,0,0,1,0,0,1,0,0,1,0,0,0,0,0,0,0,1
32,25,22,5.44,22.0,89.36,938.25,1,0,0,1,0,0,1,0,0,1,0,0,0,0,0,0,0,1
127,65,119,7.4,36.24,61.28,653.61,1,0,0,1,0,0,1,0,0,1,0,0,0,0,0,0,0,1
66,31,126,5.46,38.0,62.06,2005.98,1,0,0,1,0,0,0,1,0,1,0,0,0,1,0,0,0,0
156,33,108,6.11,20.87,45.16,1805.49,1,0,0,1,0,0,0,1,0,1,0,0,0,1,0,0,0,0
137,68,73,5.82,14.1,63.35,2792.59,1,0,0,1,0,0,0,1,0,1,0,0,0,1,0,0,0,0
91,30,84,7.88,21.53,40.63,2777.73,1,0,0,1,0,0,0,1,0,1,0,0,0,1,0,0,0,0
170,96,51,6.48,23.11,53.83,1021.59,1,0,0,1,0,0,0,1,0,1,0,0,0,1,0,0,0,0
51,19,82,8.15,16.97,60.76,1402.82,1,0,0,1,0,0,0,1,0,1,0,0,0,1,0,0,0,0
58,17,100,7.96,15.36,56.14,1967.0,1,0,0,1,0,0,0,1,0,1,0,0,0,1,0,0,0,0
44,30,35,5.65,35.25,51.69,808.5,1,0,0,1,0,0,0,1,0,1,0,0,0,1,0,0,0,0
132,42,132,5.26,35.96,43.33,1961.81,1,0,0,1,0,0,0,1,0,1,0,0,0,1,0,0,0,0
139,25,82,4.97,34.5,60.7,2217.37,1,0,0,1,0,0,0,1,0,1,0,0,0,1,0,0,0,0
100,35,114,6.25,22.65,35.56,660.52,1,0,0,1,0,0,0,1,0,1,0,0,0,1,0,0,0,0
145,55,106,7.63,24.22,65.37,2609.58,1,0,0,1,0,0,0,1,0,1,0,0,0,1,0,0,0,0
155,85,140,6.88,33.77,57.82,1440.65,1,0,0,1,0,0,0,1,0,1,0,0,0,1,0,0,0,0
32,64,87,5.2,10.75,55.16,1278.44,1,0,0,1,0,0,0,1,0,1,0,0,0,1,0,0,0,0
81,47,134,7.95,28.0,37.2,826.8,1,0,0,1,0,0,0,1,0,1,0,0,0,1,0,0,0,0
39,97,51,5.86,31.19,89.95,424.94,1,0,0,1,0,0,0,1,0,1,0,0,0,1,0,0,0,0
130,80,24,5.66,19.98,76.16,2083.41,1,0,0,1,0,0,0,1,0,1,0,0,0,1,0,0,0,0
149,30,149,5.7,18.93,37.32,630.38,1,0,0,1,0,0,0,1,0,1,0,0,0,1,0,0,0,0
159,17,93,6.17,10.63,60.29,1659.87,1,0,0,1,0,0,0,1,0,1,0,0,0,1,0,0,0,0
44,74,33,7.22,16.22,50.4,2085.53,1,0,0,1,0,0,0,1,0,1,0,0,0,1,0,0,0,0
165,52,118,7.02,32.13,83.74,1173.76,1,0,0,1,0,0,0,1,0,1,0,0,0,1,0,0,0,0
156,91,60,7.49,35.34,58.24,748.15,1,0,0,1,0,0,0,1,0,1,0,0,0,1,0,0,0,0
47,82,97,7.0,36.83,82.27,1742.58,1,0,0,1,0,0,0,1,0,1,0,0,0,1,0,0,0,0
138,80,114,5.64,33.19,86.59,1753.07,1,0,0,1,0,0,0,1,0,1,0,0,0,1,0,0,0,0
92,23,82,4.83,29.4,46.95,1972.79,1,0,0,1,0,0,0,1,0,1,0,0,0,1,0,0,0,0
138,54,23,7.45,36.58,75.22,336.42,1,0,0,1,1,0,0,0,0,0,1,0,0,1,0,0,0,0
83,68,77,4.83,13.5,64.3,1336.4,1,0,0,1,1,0,0,0,0,0,1,0,0,1,0,0,0,0
158,67,149,7.37,15.17,36.4,1344.01,1,0,0,1,1,0,0,0,0,0,1,0,0,1,0,0,0,0
82,41,65,5.29,27.14,40.14,1192.03,1,0,0,1,1,0,0,0,0,0,1,0,0,1,0,0,0,0
36,62,57,5.07,23.56,60.53,1456.31,1,0,0,1,1,0,0,0,0,0,1,0,0,1,0,0,0,0
139,28,103,6.11,31.83,80.77,749.34,1,0,0,1,1,0,0,0,0,0,1,0,0,1,0,0,0,0
130,32,59,6.84,20.41,66.81,1146.57,1,0,0,1,1,0,0,0,0,0,1,0,0,1,0,0,0,0
169,73,128,5.18,25.49,60.98,2454.7,1,0,0,1,1,0,0,0,0,0,1,0,0,1,0,0,0,0
92,35,31,7.94,26.34,40.15,2281.44,1,0,0,1,1,0,0,0,0,0,1,0,0,1,0,0,0,0
143,31,109,7.81,18.35,89.21,727.91,1,0,0,1,1,0,0,0,0,0,1,0,0,1,0,0,0,0
104,69,107,6.94,27.78,61.44,1688.58,1,0,0,1,1,0,0,0,0,0,1,0,0,1,0,0,0,0
151,93,35,5.09,10.18,88.0,1313.91,1,0,0,1,1,0,0,0,0,0,1,0,0,1,0,0,0,0
69,44,85,5.04,17.24,76.54,449.18,1,0,0,1,1,0,0,0,0,0,1,0,0,1,0,0,0,0
89,32,68,5.8,11.85,74.51,1157.18,1,0,0,1,1,0,0,0,0,0,1,0,0,1,0,0,0,0
73,48,119,6.84,12.01,38.04,1251.86,1,0,0,1,1,0,0,0,0,0,1,0,0,1,0,0,0,0
45,35,77,6.89,20.48,71.15,1966.35,1,0,0,1,1,0,0,0,0,0,1,0,0,1,0,0,0,0
61,69,39,7.48,17.03,38.23,2257.71,1,0,0,1,1,0,0,0,0,0,1,0,0,1,0,0,0,0
68,70,52,4.88,38.49,68.07,1398.52,1,0,0,1,1,0,0,0,0,0,1,0,0,1,0,0,0,0
125,70,37,8.06,26.35,56.06,1704.85,1,0,0,1,1,0,0,0,0,0,1,0,0,1,0,0,0,0
104,94,114,7.69,30.94,30.28,445.68,1,0,0,1,1,0,0,0,0,0,1,0,0,1,0,0,0,0
145,40,96,6.95,20.37,33.67,1562.75,1,0,0,1,1,0,0,0,0,0,1,0,0,1,0,0,0,0
123,28,94,5.34,39.01,86.49,506.14,1,0,0,1,1,0,0,0,0,0,1,0,0,1,0,0,0,0
57,41,84,6.65,21.5,69.01,2320.72,1,0,0,1,1,0,0,0,0,0,1,0,0,1,0,0,0,0
50,91,125,5.99,18.81,70.22,709.78,1,0,0,1,1,0,0,0,0,0,1,0,0,1,0,0,0,0
116,43,35,6.09,16.51,52.24,1291.91,1,0,0,1,1,0,0,0,0,0,1,0,0,1,0,0,0,0
84,38,52,6.48,31.63,50.51,333.82,1,0,0,1,1,0,0,0,0,0,1,0,0,1,0,0,0,0
64,59,23,5.08,11.96,66.66,2757.87,1,0,0,1,1,0,0,0,0,0,1,0,0,1,0,0,0,0
43,68,65,7.27,38.23,76.21,640.09,1,0,0,1,1,0,0,0,0,0,1,0,0,1,0,0,0,0
44,16,123,7.83,19.01,70.12,465.99,1,0,0,1,1,0,0,0,0,0,1,0,0,1,0,0,0,0
32,94,94,8.06,20.29,78.37,939.21,1,0,0,1,0,1,0,0,0,0,1,0,0,1,0,0,0,0
50,41,22,5.98,29.12,56.57,1909.21,1,0,0,1,0,1,0,0,0,0,1,0,0,1,0,0,0,0
48,60,115,7.77,12.81,75.81,812.78,1,0,0,1,0,1,0,0,0,0,1,0,0,1,0,0,0,0
119,32,75,7.28,36.38,67.93,1950.87,1,0,0,1,0,1,0,0,0,0,1,0,0,1,0,0,0,0
36,63,89,4.87,20.67,67.86,2610.34,1,0,0,1,0,1,0,0,0,0,1,0,0,1,0,0,0,0
37,42,139,5.85,39.53,48.76,2597.31,1,0,0,1,0,1,0,0,0,0,1,0,0,1,0,0,0,0
78,98,67,7.08,30.65,32.73,354.78,1,0,0,1,0,1,0,0,0,0,1,0,0,1,0,0,0,0
61,25,41,5.39,35.96,42.75,1427.27,1,0,0,1,0,1,0,0,0,0,1,0,0,1,0,0,0,0
105,50,132,7.48,14.39,77.68,790.87,1,0,0,1,0,1,0,0,0,0,1,0,0,1,0,0,0,0
152,90,112,6.07,14.71,38.9,581.93,1,0,0,1,0,1,0,0,0,0,1,0,0,1,0,0,0,0
84,37,44,7.7,20.33,36.09,759.63,1,0,0,1,0,1,0,0,0,0,1,0,0,1,0,0,0,0
86,18,71,6.66,13.37,35.69,1627.41,1,0,0,1,0,1,0,0,0,0,1,0,0,1,0,0,0,0
105,99,138,6.51,26.57,70.0,1805.15,1,0,0,1,0,1,0,0,0,0,1,0,0,1,0,0,0,0
111,54,35,7.44,24.92,53.94,2312.85,1,0,0,1,0,1,0,0,0,0,1,0,0,1,0,0,0,0
50,64,118,6.51,29.41,47.29,550.04,1,0,0,1,0,1,0,0,0,0,1,0,0,1,0,0,0,0
122,25,135,6.39,36.6,48.4,2299.64,1,0,0,1,0,1,0,0,0,0,1,0,0,1,0,0,0,0
121,82,44,5.77,26.53,62.44,1436.62,1,0,0,1,0,1,0,0,0,0,1,0,0,1,0,0,0,0
112,67,83,6.1,32.07,32.71,1154.79,1,0,0,1,0,1,0,0,0,0,1,0,0,1,0,0,0,0
31,26,117,5.96,28.94,77.94,2430.05,1,0,0,1,0,1,0,0,0,0,1,0,0,1,0,0,0,0
31,79,20,7.96,23.97,67.94,929.48,1,0,0,1,0,1,0,0,0,0,1,0,0,1,0,0,0,0
89,61,141,5.5,22.35,48.28,1119.62,1,0,0,1,0,1,0,0,0,0,1,0,0,1,0,0,0,0
163,71,77,5.99,31.99,86.25,2235.74,1,0,0,1,0,1,0,0,0,0,1,0,0,1,0,0,0,0
174,95,53,7.45,28.87,53.24,1206.46,1,0,0,1,0,1,0,0,0,0,1,0,0,1,0,0,0,0
121,90,79,7.72,11.06,77.73,2572.29,1,0,0,1,0,0,1,0,0,0,1,0,0,0,0,0,1,0
176,51,135,5.3,18.35,84.14,2557.19,1,0,0,1,0,0,1,0,0,0,1,0,0,0,0,0,1,0
163,37,89,6.67,33.02,69.02,1188.11,1,0,0,1,0,0,1,0,0,0,1,0,0,0,0,0,1,0
91,46,21,6.93,31.12,67.0,950.48,1,0,0,1,0,0,1,0,0,0,1,0,0,0,0,0,1,0
42,72,64,5.66,35.36,72.11,668.47,1,0,0,1,0,0,1,0,0,0,1,0,0,0,0,0,1,0
78,66,62,7.66,29.53,54.63,2025.11,1,0,0,1,0,0,1,0,0,0,1,0,0,0,0,0,1,0
149,99,138,7.57,23.36,63.13,518.36,1,0,0,1,0,0,1,0,0,0,1,0,0,0,0,0,1,0
78,86,23,5.44,25.11,33.91,2280.09,1,0,0,1,0,0,1,0,0,0,1,0,0,0,0,0,1,0
153,99,57,6.46,35.86,61.96,1517.4,1,0,0,1,0,0,1,0,0,0,1,0,0,0,0,0,1,0
178,69,52,6.79,19.69,89.23,820.13,1,0,0,1,0,0,1,0,0,0,1,0,0,0,0,0,1,0
53,29,132,6.71,27.47,63.46,1495.14,1,0,0,1,0,0,1,0,0,0,1,0,0,0,0,0,1,0
75,89,33,6.69,22.09,36.37,1679.24,1,0,0,1,0,0,1,0,0,0,1,0,0,0,0,0,1,0
132,22,104,6.47,22.47,55.82,1259.69,1,0,0,1,0,0,1,0,0,0,1,0,0,0,0,0,1,0
44,19,96,7.82,30.21,88.38,1213.0,1,0,0,1,0,0,1,0,0,0,1,0,0,0,0,0,1,0
109,44,28,7.33,26.67,54.83,458.03,1,0,0,1,0,0,1,0,0,0,1,0,0,0,0,0,1,0
54,15,40,5.17,31.32,78.44,509.28,1,0,0,1,0,0,1,0,0,0,1,0,0,0,0,0,1,0
68,96,97,7.48,36.53,34.81,310.18,1,0,0,1,0,0,1,0,0,0,1,0,0,0,0,0,1,0
75,24,84,7.53,13.13,71.89,1014.07,1,0,0,1,0,0,1,0,0,0,1,0,0,0,0,0,1,0
151,75,68,7.54,17.84,61.13,972.15,1,0,0,1,0,0,1,0,0,0,1,0,0,0,0,0,1,0
44,29,63,5.82,20.0,84.37,2180.54,1,0,0,1,0,0,1,0,0,0,1,0,0,0,0,0,1,0
42,92,32,6.67,31.88,69.86,2578.64,1,0,0,1,0,0,1,0,0,0,1,0,0,0,0,0,1,0
131,59,95,7.64,15.75,31.9,1708.81,1,0,0,1,0,0,1,0,0,0,1,0,0,0,0,0,1,0
103,96,66,5.09,19.06,85.58,1978.7,1,0,0,1,0,0,1,0,0,0,1,0,0,0,0,0,1,0
64,37,58,7.33,17.77,65.03,2693.61,1,0,0,1,0,0,1,0,0,0,1,0,0,0,0,0,1,0
47,88,136,5.13,23.97,84.4,1708.99,1,0,0,1,0,0,1,0,0,0,1,0,0,0,0,0,1,0
165,92,124,5.94,25.29,36.23,2524.99,1,0,0,1,0,0,1,0,0,0,1,0,0,0,0,0,1,0
133,30,99,5.49,34.27,42.09,2700.32,1,0,0,1,0,0,1,0,0,0,1,0,0,0,0,0,1,0
170,55,91,7.1,27.44,55.34,622.54,1,0,0,1,0,0,1,0,0,0,1,0,0,0,0,0,1,0
39,83,95,7.89,12.56,47.58,2001.29,1,0,0,1,0,0,1,0,0,0,1,0,0,0,0,0,1,0
128,72,115,7.98,14.44,87.85,1088.97,1,0,0,1,0,0,1,0,0,0,1,0,0,0,0,0,1,0
122,89,141,5.0,23.09,36.08,942.64,1,0,0,1,0,0,1,0,0,0,1,0,0,0,0,0,1,0
39,18,142,6.47,36.41,77.64,722.84,1,0,0,1,0,0,1,0,0,0,1,0,0,0,0,0,1,0
114,92,73,7.23,22.06,35.18,2193.22,1,0,0,1,0,0,1,0,0,0,1,0,0,0,0,0,1,0
110,50,100,7.42,35.14,64.77,656.71,1,0,0,1,0,0,1,0,0,0,1,0,0,0,0,0,1,0
136,39,41,4.81,10.81,36.15,972.16,1,0,0,1,0,0,1,0,0,0,1,0,0,0,0,0,1,0
112,22,28,7.56,36.93,70.51,685.33,1,0,0,1,0,0,1,0,0,0,1,0,0,0,0,0,1,0
89,77,76,6.05,18.79,76.91,610.99,1,0,0,1,0,0,0,1,0,0,1,0,0,1,0,0,0,0
87,77,87,6.21,30.02,38.43,889.75,1,0,0,1,0,0,0,1,0,0,1,0,0,1,0,0,0,0
39,60,50,5.58,17.48,40.44,2586.21,1,0,0,1,0,0,0,1,0,0,1,0,0,1,0,0,0,0
177,59,47,5.88,12.25,44.72,2339.51,1,0,0,1,0,0,0,1,0,0,1,0,0,1,0,0,0,0
120,78,35,7.31,21.64,41.63,526.37,1,0,0,1,0,0,0,1,0,0,1,0,0,1,0,0,0,0
146,69,111,6.93,19.65,48.68,1220.56,1,0,0,1,0,0,0,1,0,0,1,0,0,1,0,0,0,0
152,27,25,4.82,37.99,50.44,1554.73,1,0,0,1,0,0,0,1,0,0,1,0,0,1,0,0,0,0
85,78,54,4.82,13.91,40.11,621.0,1,0,0,1,0,0,0,1,0,0,1,0,0,1,0,0,0,0
108,89,97,4.88,35.26,59.92,974.06,1,0,0,1,0,0,0,1,0,0,1,0,0,1,0,0,0,0
134,79,46,7.56,12.02,81.96,2745.19,1,0,0,1,0,0,0,1,0,0,1,0,0,1,0,0,0,0
45,37,132,7.78,14.84,80.31,1758.74,1,0,0,1,0,0,0,1,0,0,1,0,0,1,0,0,0,0
54,83,33,5.33,25.9,42.08,1923.03,1,0,0,1,0,0,0,1,0,0,1,0,0,1,0,0,0,0
119,85,49,5.54,15.41,88.72,815.54,1,0,0,1,0,0,0,1,0,0,1,0,0,1,0,0,0,0
45,82,35,6.87,33.77,34.98,1480.89,1,0,0,1,0,0,0,1,0,0,1,0,0,1,0,0,0,0
143,29,64,5.21,23.5,42.28,306.33,1,0,0,1,0,0,0,1,0,0,1,0,0,1,0,0,0,0
116,78,107,7.3,10.65,84.28,2573.33,1,0,0,1,0,0,0,1,0,0,1,0,0,1,0,0,0,0
38,63,47,8.15,10.09,61.18,1470.62,1,0,0,1,0,0,0,1,0,0,1,0,0,1,0,0,0,0
165,67,75,4.92,27.97,52.56,1605.76,1,0,0,1,0,0,0,1,0,0,1,0,0,1,0,0,0,0
117,78,104,6.95,22.43,87.47,1978.57,1,0,0,1,0,0,0,1,0,0,1,0,0,1,0,0,0,0
113,77,124,7.63,10.49,85.7,2462.31,1,0,0,1,0,0,0,1,0,0,1,0,0,1,0,0,0,0
66,93,67,7.16,16.72,50.5,1300.53,1,0,0,1,0,0,0,1,0,0,1,0,0,1,0,0,0,0
109,92,118,4.94,12.57,82.88,683.94,1,0,0,1,0,0,0,1,0,0,1,0,0,1,0,0,0,0
114,94,50,5.79,39.38,31.81,1832.51,1,0,0,1,0,0,0,1,0,0,1,0,0,1,0,0,0,0
79,23,143,5.77,15.3,81.31,1760.21,1,0,0,1,0,0,0,1,0,0,1,0,0,1,0,0,0,0
36,27,104,7.13,28.76,32.38,2141.83,1,0,0,1,0,0,0,1,0,0,1,0,0,1,0,0,0,0
81,37,121,5.57,33.74,36.84,2040.18,1,0,0,1,0,0,0,1,0,0,1,0,0,1,0,0,0,0
161,88,128,5.3,23.81,54.86,2175.29,1,0,0,1,0,0,0,1,0,0,1,0,0,1,0,0,0,0
148,61,108,5.61,32.41,59.16,1164.38,1,0,0,1,0,0,0,1,0,0,1,0,0,1,0,0,0,0
150,88,55,7.65,30.26,54.6,530.93,1,0,0,1,0,0,0,1,0,0,1,0,0,1,0,0,0,0
170,58,43,7.25,32.81,55.99,2409.13,1,0,0,1,1,0,0,0,0,0,0,1,0,0,1,0,0,0
93,19,112,6.63,24.48,44.62,1404.17,1,0,0,1,1,0,0,0,0,0,0,1,0,0,1,0,0,0
133,24,106,5.15,38.3,34.47,892.66,1,0,0,1,1,0,0,0,0,0,0,1,0,0,1,0,0,0
117,81,27,6.73,17.8,77.85,2563.66,1,0,0,1,1,0,0,0,0,0,0,1,0,0,1,0,0,0
132,88,60,5.08,38.98,83.63,1435.79,1,0,0,1,1,0,0,0,0,0,0,1,0,0,1,0,0,0
124,52,31,5.02,17.55,55.08,2551.94,1,0,0,1,1,0,0,0,0,0,0,1,0,0,1,0,0,0
37,68,69,6.08,34.81,73.54,1710.71,1,0,0,1,1,0,0,0,0,0,0,1,0,0,1,0,0,0
161,94,76,5.59,29.37,65.07,2598.53,1,0,0,1,1,0,0,0,0,0,0,1,0,0,1,0,0,0
105,43,90,5.54,30.34,73.2,1269.19,1,0,0,1,1,0,0,0,0,0,0,1,0,0,1,0,0,0
179,74,86,4.91,33.45,74.28,1242.92,1,0,0,1,1,0,0,0,0,0,0,1,0,0,1,0,0,0
172,56,35,7.47,11.28,51.0,1875.68,1,0,0,1,1,0,0,0,0,0,0,1,0,0,1,0,0,0
159,66,82,7.8,28.52,59.69,2510.77,1,0,0,1,1,0,0,0,0,0,0,1,0,0,1,0,0,0
149,57,137,5.6,12.47,59.15,1919.99,1,0,0,1,1,0,0,0,0,0,0,1,0,0,1,0,0,0
72,48,112,5.11,16.49,57.71,505.63,1,0,0,1,1,0,0,0,0,0,0,1,0,0,1,0,0,0
105,90,51,5.5,27.88,80.92,2342.32,1,0,0,1,1,0,0,0,0,0,0,1,0,0,1,0,0,0
59,44,120,5.56,17.59,62.72,1527.93,1,0,0,1,1,0,0,0,0,0,0,1,0,0,1,0,0,0
90,56,141,6.58,31.17,36.77,1779.87,1,0,0,1,1,0,0,0,0,0,0,1,0,0,1,0,0,0
42,75,77,6.64,23.09,67.25,1082.42,1,0,0,1,1,0,0,0,0,0,0,1,0,0,1,0,0,0
101,19,104,5.25,37.25,72.36,2329.38,1,0,0,1,1,0,0,0,0,0,0,1,0,0,1,0,0,0
64,56,85,7.48,36.19,89.3,2438.02,1,0,0,1,1,0,0,0,0,0,0,1,0,0,1,0,0,0
178,73,134,7.23,19.27,88.15,2198.57,1,0,0,1,1,0,0,0,0,0,0,1,0,0,1,0,0,0
169,99,55,6.54,21.64,45.43,1795.98,1,0,0,1,1,0,0,0,0,0,0,1,0,0,1,0,0,0
60,83,70,6.33,24.96,31.55,2062.28,1,0,0,1,1,0,0,0,0,0,0,1,0,0,1,0,0,0
175,95,48,6.55,18.94,67.33,2491.33,1,0,0,1,1,0,0,0,0,0,0,1,0,0,1,0,0,0
113,76,137,8.13,34.86,36.39,304.96,1,0,0,1,1,0,0,0,0,0,0,1,0,0,1,0,0,0
30,86,36,5.44,37.88,47.78,2047.08,1,0,0,1,1,0,0,0,0,0,0,1,0,0,1,0,0,0
129,67,132,5.3,20.37,59.25,1844.28,1,0,0,1,1,0,0,0,0,0,0,1,0,0,1,0,0,0
46,52,142,7.33,33.67,62.18,436.61,1,0,0,1,1,0,0,0,0,0,0,1,0,0,1,0,0,0
90,45,92,6.67,19.41,59.22,926.32,1,0,0,1,1,0,0,0,0,0,0,1,0,0,1,0,0,0
129,51,48,8.07,14.07,61.73,2501.57,1,0,0,1,1,0,0,0,0,0,0,1,0,0,1,0,0,0
82,72,80,8.12,22.49,72.67,2203.81,1,0,0,1,1,0,0,0,0,0,0,1,0,0,1,0,0,0
79,65,104,5.21,26.18,78.51,586.75,1,0,0,1,0,1,0,0,0,0,0,1,0,1,0,0,0,0
38,76,107,5.54,28.86,38.27,736.86,1,0,0,1,0,1,0,0,0,0,0,1,0,1,0,0,0,0
37,37,82,5.04,12.56,49.53,2795.0,1,0,0,1,0,1,0,0,0,0,0,1,0,1,0,0,0,0
167,30,106,7.1,13.08,85.91,702.53,1,0,0,1,0,1,0,0,0,0,0,1,0,1,0,0,0,0
97,59,64,7.61,11.07,57.68,718.23,1,0,0,1,0,1,0,0,0,0,0,1,0,1,0,0,0,0
77,37,80,7.34,36.23,34.23,1575.28,1,0,0,1,0,1,0,0,0,0,0,1,0,1,0,0,0,0
179,20,45,4.83,10.91,74.84,1176.32,1,0,0,1,0,1,0,0,0,0,0,1,0,1,0,0,0,0
122,22,72,6.1,28.97,73.41,2272.55,1,0,0,1,0,1,0,0,0,0,0,1,0,1,0,0,0,0
163,73,59,5.04,23.84,73.81,1589.61,1,0,0,1,0,1,0,0,0,0,0,1,0,1,0,0,0,0
121,20,36,5.03,35.5,44.11,2060.31,1,0,0,1,0,1,0,0,0,0,0,1,0,1,0,0,0,0
163,95,56,6.29,39.33,33.0,1118.94,1,0,0,1,0,1,0,0,0,0,0,1,0,1,0,0,0,0
63,19,97,6.29,11.42,84.69,1472.68,1,0,0,1,0,1,0,0,0,0,0,1,0,1,0,0,0,0
126,40,142,5.44,37.72,71.99,666.33,1,0,0,1,0,1,0,0,0,0,0,1,0,1,0,0,0,0
108,20,104,6.64,29.51,82.22,2332.05,1,0,0,1,0,1,0,0,0,0,0,1,0,1,0,0,0,0
93,66,47,5.82,35.98,33.8,1075.81,1,0,0,1,0,1,0,0,0,0,0,1,0,1,0,0,0,0
105,38,66,7.57,17.98,85.91,1937.1,1,0,0,1,0,1,0,0,0,0,0,1,0,1,0,0,0,0
49,62,83,7.95,36.03,76.22,2163.98,1,0,0,1,0,1,0,0,0,0,0,1,0,1,0,0,0,0
81,15,68,7.93,14.33,62.3,1329.08,1,0,0,1,0,1,0,0,0,0,0,1,0,1,0,0,0,0
104,69,66,6.62,23.05,68.51,1773.28,1,0,0,1,0,1,0,0,0,0,0,1,0,1,0,0,0,0
130,85,47,7.61,35.31,32.26,2657.97,1,0,0,1,0,1,0,0,0,0,0,1,0,1,0,0,0,0
166,68,146,7.31,36.47,73.48,1708.54,1,0,0,1,0,1,0,0,0,0,0,1,0,1,0,0,0,0
37,19,58,7.52,10.96,42.1,1704.63,1,0,0,1,0,1,0,0,0,0,0,1,0,1,0,0,0,0
115,37,41,7.41,25.37,89.31,2182.46,1,0,0,1,0,1,0,0,0,0,0,1,0,1,0,0,0,0
33,50,114,5.91,16.12,40.54,1159.78,1,0,0,1,0,1,0,0,0,0,0,1,0,1,0,0,0,0
163,86,30,5.42,18.31,80.26,412.54,1,0,0,1,0,1,0,0,0,0,0,1,0,1,0,0,0,0
38,70,66,8.16,19.0,74.34,331.5,1,0,0,1,0,1,0,0,0,0,0,1,0,1,0,0,0,0
137,29,108,7.64,37.27,32.88,2080.17,1,0,0,1,0,0,1,0,0,0,0,1,0,0,0,0,0,1
134,52,32,5.31,36.32,35.43,1916.96,1,0,0,1,0,0,1,0,0,0,0,1,0,0,0,0,0,1
141,31,133,7.19,24.06,53.27,2142.41,1,0,0,1,0,0,1,0,0,0,0,1,0,0,0,0,0,1
140,79,67,5.3,28.88,83.17,2142.78,1,0,0,1,0,0,1,0,0,0,0,1,0,0,0,0,0,1
129,82,57,7.32,15.15,30.2,1782.47,1,0,0,1,0,0,1,0,0,0,0,1,0,0,0,0,0,1
107,98,81,6.94,37.68,34.94,1502.59,1,0,0,1,0,0,1,0,0,0,0,1,0,0,0,0,0,1
126,62,110,7.85,28.77,74.6,1094.04,1,0,0,1,0,0,1,0,0,0,0,1,0,0,0,0,0,1
83,54,48,6.52,20.97,64.03,1743.17,1,0,0,1,0,0,1,0,0,0,0,1,0,0,0,0,0,1
76,88,81,7.64,20.57,84.87,440.54,1,0,0,1,0,0,1,0,0,0,0,1,0,0,0,0,0,1
101,48,20,5.94,29.23,56.76,417.66,1,0,0,1,0,0,1,0,0,0,0,1,0,0,0,0,0,1
179,92,107,6.67,24.72,83.56,876.57,1,0,0,1,0,0,1,0,0,0,0,1,0,0,0,0,0,1
56,36,26,6.84,25.39,79.47,2007.16,1,0,0,1,0,0,1,0,0,0,0,1,0,0,0,0,0,1
135,26,64,6.61,36.9,73.4,1256.5,1,0,0,1,0,0,1,0,0,0,0,1,0,0,0,0,0,1
55,56,124,6.28,38.61,80.6,1181.65,1,0,0,1,0,0,1,0,0,0,0,1,0,0,0,0,0,1
141,34,120,5.09,22.68,73.11,452.88,1,0,0,1,0,0,1,0,0,0,0,1,0,0,0,0,0,1
173,29,92,6.49,23.08,67.19,1608.41,1,0,0,1,0,0,1,0,0,0,0,1,0,0,0,0,0,1
91,45,60,5.99,18.81,65.51,979.71,1,0,0,1,0,0,1,0,0,0,0,1,0,0,0,0,0,1
108,17,30,5.54,28.61,74.19,1441.14,1,0,0,1,0,0,1,0,0,0,0,1,0,0,0,0,0,1
83,65,38,7.39,39.4,35.94,2001.35,1,0,0,1,0,0,1,0,0,0,0,1,0,0,0,0,0,1
115,91,107,5.56,26.95,70.29,2284.25,1,0,0,1,0,0,1,0,0,0,0,1,0,0,0,0,0,1
139,34,149,7.37,27.32,79.58,2243.02,1,0,0,1,0,0,1,0,0,0,0,1,0,0,0,0,0,1
59,93,58,6.54,10.19,61.46,1432.92,1,0,0,1,0,0,1,0,0,0,0,1,0,0,0,0,0,1
86,27,93,8.08,28.51,80.88,535.28,1,0,0,1,0,0,1,0,0,0,0,1,0,0,0,0,0,1
32,95,133,7.06,22.68,65.89,320.86,1,0,0,1,0,0,1,0,0,0,0,1,0,0,0,0,0,1
103,22,94,5.1,10.01,75.31,1875.46,1,0,0,1,0,0,1,0,0,0,0,1,0,0,0,0,0,1
55,48,60,7.08,11.21,89.78,1884.66,1,0,0,1,0,0,1,0,0,0,0,1,0,0,0,0,0,1
55,45,32,7.94,35.82,84.97,1169.72,1,0,0,1,0,0,1,0,0,0,0,1,0,0,0,0,0,1
81,65,63,5.18,11.21,70.55,543.4,1,0,0,1,0,0,1,0,0,0,0,1,0,0,0,0,0,1
158,49,144,6.25,25.96,77.71,1547.58,1,0,0,1,0,0,1,0,0,0,0,1,0,0,0,0,0,1
147,58,108,6.48,27.56,55.48,834.62,1,0,0,1,0,0,1,0,0,0,0,1,0,0,0,0,0,1
178,86,22,4.95,15.7,54.07,1116.13,1,0,0,1,0,0,1,0,0,0,0,1,0,0,0,0,0,1
153,69,143,6.91,39.4,76.49,301.22,1,0,0,1,0,0,1,0,0,0,0,1,0,0,0,0,0,1
117,53,98,8.19,31.9,75.74,2066.33,1,0,0,1,0,0,1,0,0,0,0,1,0,0,0,0,0,1
178,15,123,6.86,14.19,64.64,937.08,1,0,0,1,0,0,1,0,0,0,0,1,0,0,0,0,0,1
110,39,25,5.19,21.53,83.41,1168.8,1,0,0,1,0,0,1,0,0,0,0,1,0,0,0,0,0,1
127,64,57,5.07,38.9,81.15,2091.16,1,0,0,1,0,0,1,0,0,0,0,1,0,0,0,0,0,1
73,36,145,7.64,20.59,51.53,2453.65,1,0,0,1,0,0,1,0,0,0,0,1,0,0,0,0,0,1
152,51,81,5.37,28.65,54.5,1097.26,1,0,0,1,0,0,1,0,0,0,0,1,0,0,0,0,0,1
164,57,21,6.93,22.1,50.98,2774.78,1,0,0,1,0,0,0,1,0,0,0,1,0,1,0,0,0,0
35,61,132,5.88,39.08,39.63,1139.81,1,0,0,1,0,0,0,1,0,0,0,1,0,1,0,0,0,0
66,32,25,5.85,35.34,84.02,2715.64,1,0,0,1,0,0,0,1,0,0,0,1,0,1,0,0,0,0
175,73,136,6.43,17.1,84.87,310.79,1,0,0,1,0,0,0,1,0,0,0,1,0,1,0,0,0,0
119,25,145,6.51,24.51,73.63,603.81,1,0,0,1,0,0,0,1,0,0,0,1,0,1,0,0,0,0
133,62,33,7.18,11.43,49.68,2180.42,1,0,0,1,0,0,0,1,0,0,0,1,0,1,0,0,0,0
175,42,120,7.36,27.2,76.83,917.99,1,0,0,1,0,0,0,1,0,0,0,1,0,1,0,0,0,0
152,95,27,7.94,11.56,57.03,2268.91,1,0,0,1,0,0,0,1,0,0,0,1,0,1,0,0,0,0
30,90,98,7.01,35.3,30.1,945.79,1,0,0,1,0,0,0,1,0,0,0,1,0,1,0,0,0,0
93,71,143,6.26,17.14,88.6,878.36,1,0,0,1,0,0,0,1,0,0,0,1,0,1,0,0,0,0
54,32,112,6.75,32.52,52.89,861.73,1,0,0,1,0,0,0,1,0,0,0,1,0,1,0,0,0,0
52,61,119,6.47,11.97,61.88,1104.57,1,0,0,1,0,0,0,1,0,0,0,1,0,1,0,0,0,0
175,32,63,4.98,12.32,40.82,1248.87,1,0,0,1,0,0,0,1,0,0,0,1,0,1,0,0,0,0
91,67,46,8.17,27.22,65.96,852.6,1,0,0,1,0,0,0,1,0,0,0,1,0,1,0,0,0,0
167,58,87,5.71,39.89,59.21,375.8,1,0,0,1,0,0,0,1,0,0,0,1,0,1,0,0,0,0
130,93,86,6.71,20.11,64.01,802.63,1,0,0,1,0,0,0,1,0,0,0,1,0,1,0,0,0,0
108,57,88,7.42,24.27,68.96,1788.95,1,0,0,1,0,0,0,1,0,0,0,1,0,1,0,0,0,0
121,51,135,7.88,13.87,74.12,1204.61,1,0,0,1,0,0,0,1,0,0,0,1,0,1,0,0,0,0
167,28,130,5.32,27.16,48.23,1850.59,1,0,0,1,0,0,0,1,0,0,0,1,0,1,0,0,0,0
130,89,118,6.48,28.54,39.7,2545.14,1,0,0,1,0,0,0,1,0,0,0,1,0,1,0,0,0,0
85,45,145,6.16,13.91,56.24,1341.7,1,0,0,1,0,0,0,1,0,0,0,1,0,1,0,0,0,0
46,93,110,7.79,20.64,70.95,675.46,1,0,0,1,0,0,0,1,0,0,0,1,0,1,0,0,0,0
58,35,58,4.94,20.51,46.62,2266.12,1,0,0,1,0,0,0,1,0,0,0,1,0,1,0,0,0,0
75,50,74,5.01,29.17,58.69,1161.94,1,0,0,1,0,0,0,1,0,0,0,1,0,1,0,0,0,0
36,36,86,4.89,34.28,31.59,1609.61,1,0,0,1,0,0,0,1,0,0,0,1,0,1,0,0,0,0
148,93,140,7.62,17.87,70.35,944.36,1,0,0,1,0,0,0,1,0,0,0,1,0,1,0,0,0,0
129,31,44,5.15,28.48,36.67,2691.06,1,0,0,1,0,0,0,1,0,0,0,1,0,1,0,0,0,0
98,85,86,5.12,20.12,65.46,1888.04,1,0,0,1,0,0,0,1,0,0,0,1,0,1,0,0,0,0
98,18,127,8.05,35.86,59.9,1348.87,1,0,0,1,0,0,0,1,0,0,0,1,0,1,0,0,0,0
99,23,99,6.71,32.19,34.06,1146.42,1,0,0,1,0,0,0,1,0,0,0,1,0,1,0,0,0,0
95,90,78,6.96,26.59,67.36,851.64,1,0,0,1,0,0,0,1,0,0,0,1,0,1,0,0,0,0
113,41,82,7.88,36.32,72.49,2399.88,1,0,0,1,0,0,0,1,0,0,0,1,0,1,0,0,0,0
98,92,110,7.09,28.47,72.37,2736.45,1,0,0,1,0,0,0,1,0,0,0,1,0,1,0,0,0,0
98,64,86,6.37,39.55,36.25,2593.26,1,0,0,1,0,0,0,1,0,0,0,1,0,1,0,0,0,0
170,63,138,5.08,23.69,65.1,650.66,1,0,0,1,0,0,0,1,0,0,0,1,0,1,0,0,0,0
59,30,67,6.43,29.1,50.58,1501.96,1,0,0,1,0,0,0,1,0,0,0,1,0,1,0,0,0,0
147,27,147,5.63,23.88,71.18,2300.09,1,0,0,1,0,0,0,1,0,0,0,1,0,1,0,0,0,0
94,73,130,7.83,10.42,36.47,2161.37,1,0,0,1,0,0,0,1,0,0,0,1,0,1,0,0,0,0
160,48,79,7.39,21.44,63.94,998.34,1,0,0,1,0,0,0,1,0,0,0,1,0,1,0,0,0,0
58,29,47,7.37,35.1,70.91,2073.6,1,0,0,1,1,0,0,0,0,0,0,0,1,0,1,0,0,0
170,18,119,5.03,35.07,57.79,1153.32,1,0,0,1,1,0,0,0,0,0,0,0,1,0,1,0,0,0
41,27,123,5.01,10.76,64.1,1901.19,1,0,0,1,1,0,0,0,0,0,0,0,1,0,1,0,0,0
152,18,37,6.46,18.3,38.01,2741.59,1,0,0,1,1,0,0,0,0,0,0,0,1,0,1,0,0,0
171,30,20,7.29,25.7,63.47,915.93,1,0,0,1,1,0,0,0,0,0,0,0,1,0,1,0,0,0
161,32,95,8.01,15.79,49.26,2166.54,1,0,0,1,1,0,0,0,0,0,0,0,1,0,1,0,0,0
78,99,119,5.46,28.18,87.5,2447.77,1,0,0,1,1,0,0,0,0,0,0,0,1,0,1,0,0,0
166,55,29,7.03,36.09,77.11,2349.07,1,0,0,1,1,0,0,0,0,0,0,0,1,0,1,0,0,0
170,15,135,5.3,18.44,57.8,1213.78,1,0,0,1,1,0,0,0,0,0,0,0,1,0,1,0,0,0
37,53,74,6.17,35.95,56.62,2281.07,1,0,0,1,1,0,0,0,0,0,0,0,1,0,1,0,0,0
145,43,57,5.2,37.68,55.32,2437.3,1,0,0,1,1,0,0,0,0,0,0,0,1,0,1,0,0,0
148,44,115,6.16,15.88,41.69,2113.94,1,0,0,1,1,0,0,0,0,0,0,0,1,0,1,0,0,0
156,53,33,5.42,32.21,53.21,1132.47,1,0,0,1,1,0,0,0,0,0,0,0,1,0,1,0,0,0
151,78,74,5.28,13.16,57.09,1776.9,1,0,0,1,1,0,0,0,0,0,0,0,1,0,1,0,0,0
108,26,85,7.37,36.31,62.43,1594.05,1,0,0,1,1,0,0,0,0,0,0,0,1,0,1,0,0,0
148,98,88,7.71,27.8,85.89,682.3,1,0,0,1,1,0,0,0,0,0,0,0,1,0,1,0,0,0
83,42,20,5.4,24.96,63.04,809.03,1,0,0,1,1,0,0,0,0,0,0,0,1,0,1,0,0,0
110,17,143,6.98,22.0,82.81,457.89,1,0,0,1,1,0,0,0,0,0,0,0,1,0,1,0,0,0
161,75,87,5.93,29.13,49.71,2711.78,1,0,0,1,1,0,0,0,0,0,0,0,1,0,1,0,0,0
105,51,132,6.57,39.39,46.08,1727.09,1,0,0,1,1,0,0,0,0,0,0,0,1,0,1,0,0,0
151,84,47,6.42,35.28,70.64,679.51,1,0,0,1,1,0,0,0,0,0,0,0,1,0,1,0,0,0
167,96,85,7.58,26.6,89.08,1206.85,1,0,0,1,1,0,0,0,0,0,0,0,1,0,1,0,0,0
64,64,60,5.57,16.7,33.74,1817.13,1,0,0,1,1,0,0,0,0,0,0,0,1,0,1,0,0,0
150,88,145,6.67,25.13,33.47,2655.29,1,0,0,1,1,0,0,0,0,0,0,0,1,0,1,0,0,0
161,24,63,7.48,34.32,40.97,2174.66,1,0,0,1,1,0,0,0,0,0,0,0,1,0,1,0,0,0
147,48,38,7.85,22.54,42.63,1120.91,1,0,0,1,1,0,0,0,0,0,0,0,1,0,1,0,0,0
72,91,45,6.94,25.42,45.47,385.24,1,0,0,1,1,0,0,0,0,0,0,0,1,0,1,0,0,0
100,52,56,7.95,33.58,43.3,772.71,1,0,0,1,1,0,0,0,0,0,0,0,1,0,1,0,0,0
146,98,113,5.94,36.1,89.89,1969.94,1,0,0,1,1,0,0,0,0,0,0,0,1,0,1,0,0,0
46,15,91,5.69,26.87,67.93,1363.49,1,0,0,1,1,0,0,0,0,0,0,0,1,0,1,0,0,0
133,51,85,5.18,33.92,56.89,1767.96,1,0,0,1,0,1,0,0,0,0,0,0,1,0,1,0,0,0
153,60,142,5.1,30.37,56.41,2333.29,1,0,0,1,0,1,0,0,0,0,0,0,1,0,1,0,0,0
64,59,139,5.57,35.28,61.35,1194.48,1,0,0,1,0,1,0,0,0,0,0,0,1,0,1,0,0,0
121,34,144,7.73,38.28,31.9,1927.13,1,0,0,1,0,1,0,0,0,0,0,0,1,0,1,0,0,0
70,17,94,7.06,19.61,50.92,2207.34,1,0,0,1,0,1,0,0,0,0,0,0,1,0,1,0,0,0
132,18,99,7.02,31.97,71.61,1195.23,1,0,0,1,0,1,0,0,0,0,0,0,1,0,1,0,0,0
166,17,141,6.9,32.26,55.23,332.97,1,0,0,1,0,1,0,0,0,0,0,0,1,0,1,0,0,0
67,67,110,4.93,18.51,86.76,477.98,1,0,0,1,0,1,0,0,0,0,0,0,1,0,1,0,0,0
97,92,141,8.01,38.79,74.7,2633.37,1,0,0,1,0,1,0,0,0,0,0,0,1,0,1,0,0,0
170,25,144,7.94,24.23,59.93,2400.27,1,0,0,1,0,1,0,0,0,0,0,0,1,0,1,0,0,0
159,90,122,5.48,17.01,48.81,1503.26,1,0,0,1,0,1,0,0,0,0,0,0,1,0,1,0,0,0
32,80,92,7.94,15.33,39.66,929.19,1,0,0,1,0,1,0,0,0,0,0,0,1,0,1,0,0,0
137,42,64,5.47,38.58,52.75,1786.4,1,0,0,1,0,1,0,0,0,0,0,0,1,0,1,0,0,0
35,40,72,5.74,23.54,53.67,1957.78,1,0,0,1,0,1,0,0,0,0,0,0,1,0,1,0,0,0
77,81,145,6.99,37.85,35.21,2107.71,1,0,0,1,0,1,0,0,0,0,0,0,1,0,1,0,0,0
72,85,53,5.78,34.34,61.59,2537.44,1,0,0,1,0,1,0,0,0,0,0,0,1,0,1,0,0,0
141,62,34,6.37,19.5,44.74,2163.15,1,0,0,1,0,1,0,0,0,0,0,0,1,0,1,0,0,0
90,86,87,5.07,23.61,88.11,2701.22,1,0,0,1,0,1,0,0,0,0,0,0,1,0,1,0,0,0
111,49,149,6.62,32.4,54.52,1770.59,1,0,0,1,0,1,0,0,0,0,0,0,1,0,1,0,0,0
160,66,54,5.05,14.69,45.47,2123.57,1,0,0,1,0,1,0,0,0,0,0,0,1,0,1,0,0,0
127,64,117,7.19,25.98,45.92,1598.29,1,0,0,1,0,1,0,0,0,0,0,0,1,0,1,0,0,0
54,26,132,4.9,29.38,65.69,443.65,1,0,0,1,0,1,0,0,0,0,0,0,1,0,1,0,0,0
38,39,35,7.78,30.42,86.1,2023.95,1,0,0,1,0,1,0,0,0,0,0,0,1,0,1,0,0,0
118,88,100,5.47,27.27,60.45,1992.45,1,0,0,1,0,1,0,0,0,0,0,0,1,0,1,0,0,0
94,36,69,6.23,16.14,43.46,1604.67,1,0,0,1,0,1,0,0,0,0,0,0,1,0,1,0,0,0
89,78,28,6.15,37.62,31.36,658.5,1,0,0,1,0,1,0,0,0,0,0,0,1,0,1,0,0,0
129,30,30,6.82,27.41,89.18,2551.25,1,0,0,1,0,1,0,0,0,0,0,0,1,0,1,0,0,0
164,94,31,6.44,13.86,51.15,2155.81,1,0,0,1,0,1,0,0,0,0,0,0,1,0,1,0,0,0
61,99,118,7.64,33.3,48.1,2077.49,1,0,0,1,0,1,0,0,0,0,0,0,1,0,1,0,0,0
81,78,36,7.64,12.32,32.28,1739.94,1,0,0,1,0,0,1,0,0,0,0,0,1,0,0,0,1,0
44,42,54,4.95,35.27,86.34,614.45,1,0,0,1,0,0,1,0,0,0,0,0,1,0,0,0,1,0
122,63,124,6.07,20.04,66.22,1782.57,1,0,0,1,0,0,1,0,0,0,0,0,1,0,0,0,1,0
139,27,117,6.59,32.45,30.96,596.56,1,0,0,1,0,0,1,0,0,0,0,0,1,0,0,0,1,0
92,74,32,7.47,26.75,85.82,2194.58,1,0,0,1,0,0,1,0,0,0,0,0,1,0,0,0,1,0
125,99,75,7.99,31.44,57.79,795.67,1,0,0,1,0,0,1,0,0,0,0,0,1,0,0,0,1,0
90,21,91,6.48,29.01,85.96,2517.35,1,0,0,1,0,0,1,0,0,0,0,0,1,0,0,0,1,0
120,30,112,5.74,33.13,85.37,766.45,1,0,0,1,0,0,1,0,0,0,0,0,1,0,0,0,1,0
55,68,120,7.24,20.55,62.45,2116.71,1,0,0,1,0,0,1,0,0,0,0,0,1,0,0,0,1,0
70,82,46,7.58,19.2,35.34,494.12,1,0,0,1,0,0,1,0,0,0,0,0,1,0,0,0,1,0
113,77,51,6.02,15.1,65.55,1461.07,1,0,0,1,0,0,1,0,0,0,0,0,1,0,0,0,1,0
178,86,70,6.56,14.6,80.17,1519.36,1,0,0,1,0,0,1,0,0,0,0,0,1,0,0,0,1,0
153,72,71,8.13,34.56,64.25,384.04,1,0,0,1,0,0,1,0,0,0,0,0,1,0,0,0,1,0
101,58,120,8.01,32.52,83.0,1276.24,1,0,0,1,0,0,1,0,0,0,0,0,1,0,0,0,1,0
51,63,47,5.33,39.74,48.63,1563.47,1,0,0,1,0,0,1,0,0,0,0,0,1,0,0,0,1,0
168,32,101,6.29,10.85,44.63,486.87,1,0,0,1,0,0,1,0,0,0,0,0,1,0,0,0,1,0
145,80,58,6.21,11.36,69.45,1646.14,1,0,0,1,0,0,1,0,0,0,0,0,1,0,0,0,1,0
36,69,48,7.57,33.59,46.66,1102.37,1,0,0,1,0,0,1,0,0,0,0,0,1,0,0,0,1,0
157,62,103,6.34,14.0,44.68,946.62,1,0,0,1,0,0,1,0,0,0,0,0,1,0,0,0,1,0
158,38,65,6.33,35.86,78.71,2461.45,1,0,0,1,0,0,1,0,0,0,0,0,1,0,0,0,1,0
136,15,114,7.32,19.97,40.31,1600.44,1,0,0,1,0,0,1,0,0,0,0,0,1,0,0,0,1,0
82,46,50,6.96,30.3,55.49,2318.3,1,0,0,1,0,0,1,0,0,0,0,0,1,0,0,0,1,0
83,81,45,5.39,11.74,86.23,2695.74,1,0,0,1,0,0,1,0,0,0,0,0,1,0,0,0,1,0
86,29,62,6.51,11.28,64.1,1908.16,1,0,0,1,0,0,1,0,0,0,0,0,1,0,0,0,1,0
71,93,105,7.0,16.38,87.19,883.07,1,0,0,1,0,0,1,0,0,0,0,0,1,0,0,0,1,0
156,90,102,5.26,30.65,50.6,553.45,1,0,0,1,0,0,1,0,0,0,0,0,1,0,0,0,1,0
131,36,80,5.5,38.36,39.1,1805.32,1,0,0,1,0,0,1,0,0,0,0,0,1,0,0,0,1,0
94,70,74,7.91,22.67,31.71,307.64,1,0,0,1,0,0,1,0,0,0,0,0,1,0,0,0,1,0
67,99,129,6.73,38.28,89.37,362.03,1,0,0,1,0,0,1,0,0,0,0,0,1,0,0,0,1,0
115,94,91,5.64,29.92,50.12,488.4,1,0,0,1,0,0,1,0,0,0,0,0,1,0,0,0,1,0
106,40,148,4.99,34.37,64.35,1701.57,1,0,0,1,0,0,1,0,0,0,0,0,1,0,0,0,1,0
141,88,57,6.13,16.88,86.43,875.61,1,0,0,1,0,0,1,0,0,0,0,0,1,0,0,0,1,0
90,58,106,5.02,19.28,87.23,307.12,1,0,0,1,0,0,1,0,0,0,0,0,1,0,0,0,1,0
151,73,82,6.42,25.18,52.36,1542.57,1,0,0,1,0,0,1,0,0,0,0,0,1,0,0,0,1,0
84,84,35,5.14,14.45,84.4,1331.95,1,0,0,1,0,0,1,0,0,0,0,0,1,0,0,0,1,0
115,63,126,6.4,28.66,82.89,608.13,1,0,0,1,0,0,1,0,0,0,0,0,1,0,0,0,1,0
138,38,117,6.3,14.87,72.33,2549.96,1,0,0,1,0,0,0,1,0,0,0,0,1,1,0,0,0,0
134,97,53,5.62,20.55,86.82,506.75,1,0,0,1,0,0,0,1,0,0,0,0,1,1,0,0,0,0
74,77,43,8.04,37.61,64.07,1245.72,1,0,0,1,0,0,0,1,0,0,0,0,1,1,0,0,0,0
169,38,97,5.38,13.52,64.42,1541.79,1,0,0,1,0,0,0,1,0,0,0,0,1,1,0,0,0,0
109,92,79,5.72,28.44,54.22,342.29,1,0,0,1,0,0,0,1,0,0,0,0,1,1,0,0,0,0
96,26,37,8.13,21.47,50.43,923.0,1,0,0,1,0,0,0,1,0,0,0,0,1,1,0,0,0,0
175,50,103,6.22,26.9,54.96,1048.82,1,0,0,1,0,0,0,1,0,0,0,0,1,1,0,0,0,0
122,36,114,5.13,22.54,31.19,2588.09,1,0,0,1,0,0,0,1,0,0,0,0,1,1,0,0,0,0
74,80,34,6.2,16.39,40.53,2084.33,1,0,0,1,0,0,0,1,0,0,0,0,1,1,0,0,0,0
37,61,127,5.39,15.82,40.47,1338.65,1,0,0,1,0,0,0,1,0,0,0,0,1,1,0,0,0,0
115,93,125,7.97,27.35,72.92,1238.42,1,0,0,1,0,0,0,1,0,0,0,0,1,1,0,0,0,0
80,48,105,6.24,15.46,45.1,400.02,1,0,0,1,0,0,0,1,0,0,0,0,1,1,0,0,0,0
131,42,105,6.14,13.39,87.45,452.02,1,0,0,1,0,0,0,1,0,0,0,0,1,1,0,0,0,0
71,25,138,5.11,16.33,41.13,2035.99,1,0,0,1,0,0,0,1,0,0,0,0,1,1,0,0,0,0
143,54,56,5.52,20.14,86.12,1815.69,1,0,0,1,0,0,0,1,0,0,0,0,1,1,0,0,0,0
31,26,126,6.87,14.72,47.44,2540.68,1,0,0,1,0,0,0,1,0,0,0,0,1,1,0,0,0,0
110,71,127,7.54,15.05,84.82,456.98,1,0,0,1,0,0,0,1,0,0,0,0,1,1,0,0,0,0
39,27,73,7.63,13.91,60.28,1975.79,1,0,0,1,0,0,0,1,0,0,0,0,1,1,0,0,0,0
143,15,57,6.52,38.37,88.53,2020.56,1,0,0,1,0,0,0,1,0,0,0,0,1,1,0,0,0,0
80,44,102,5.03,29.31,53.2,1509.98,1,0,0,1,0,0,0,1,0,0,0,0,1,1,0,0,0,0
175,42,142,5.47,35.23,73.52,752.53,1,0,0,1,0,0,0,1,0,0,0,0,1,1,0,0,0,0
163,92,142,5.03,32.67,88.89,378.13,1,0,0,1,0,0,0,1,0,0,0,0,1,1,0,0,0,0
126,82,134,6.48,18.76,79.18,1294.26,1,0,0,1,0,0,0,1,0,0,0,0,1,1,0,0,0,0
84,92,140,7.28,21.06,52.23,1926.26,2,1,0,0,1,0,0,0,1,0,0,0,0,0,1,0,0,0
150,67,133,5.96,28.99,68.72,2253.96,2,1,0,0,1,0,0,0,1,0,0,0,0,0,1,0,0,0
62,49,43,7.74,37.5,45.88,1021.59,2,1,0,0,1,0,0,0,1,0,0,0,0,0,1,0,0,0
53,92,49,6.5,11.01,87.34,625.18,2,1,0,0,1,0,0,0,1,0,0,0,0,0,1,0,0,0
84,54,57,4.87,19.38,88.22,1151.49,2,1,0,0,1,0,0,0,1,0,0,0,0,0,1,0,0,0
67,69,27,5.05,11.44,40.82,735.77,2,1,0,0,1,0,0,0,1,0,0,0,0,0,1,0,0,0
106,97,102,7.08,23.24,49.9,438.23,2,1,0,0,1,0,0,0,1,0,0,0,0,0,1,0,0,0
41,20,50,7.68,18.57,76.44,581.02,2,1,0,0,1,0,0,0,1,0,0,0,0,0,1,0,0,0
61,29,83,6.02,22.61,60.65,2695.67,2,1,0,0,1,0,0,0,1,0,0,0,0,0,1,0,0,0
111,97,124,6.65,10.7,41.02,2135.35,2,1,0,0,1,0,0,0,1,0,0,0,0,0,1,0,0,0
39,19,66,5.98,31.56,68.44,2163.02,2,1,0,0,1,0,0,0,1,0,0,0,0,0,1,0,0,0
83,97,57,7.32,11.12,39.53,1241.61,2,1,0,0,1,0,0,0,1,0,0,0,0,0,1,0,0,0
92,83,112,5.41,38.62,36.8,1570.27,2,1,0,0,1,0,0,0,1,0,0,0,0,0,1,0,0,0
68,78,48,8.17,13.81,82.58,2516.7,2,1,0,0,1,0,0,0,1,0,0,0,0,0,1,0,0,0
141,70,23,6.57,27.55,67.98,1997.27,2,1,0,0,1,0,0,0,1,0,0,0,0,0,1,0,0,0
40,82,100,5.55,10.91,44.87,916.55,2,1,0,0,1,0,0,0,1,0,0,0,0,0,1,0,0,0
51,68,41,6.39,11.94,50.63,1281.17,2,1,0,0,1,0,0,0,1,0,0,0,0,0,1,0,0,0
155,34,34,6.0,21.71,50.44,2124.48,2,1,0,0,1,0,0,0,1,0,0,0,0,0,1,0,0,0
144,17,105,6.04,19.63,73.32,1955.37,2,1,0,0,1,0,0,0,1,0,0,0,0,0,1,0,0,0
166,63,20,6.55,19.76,69.91,2564.7,2,1,0,0,1,0,0,0,1,0,0,0,0,0,1,0,0,0
105,74,120,5.04,26.09,32.98,2031.19,2,1,0,0,1,0,0,0,1,0,0,0,0,0,1,0,0,0
135,64,84,4.95,15.1,47.22,1728.37,2,1,0,0,1,0,0,0,1,0,0,0,0,0,1,0,0,0
53,20,78,5.02,28.16,45.96,1990.18,2,1,0,0,1,0,0,0,1,0,0,0,0,0,1,0,0,0
141,41,105,7.19,31.74,40.85,1504.01,2,1,0,0,1,0,0,0,1,0,0,0,0,0,1,0,0,0
152,22,58,6.27,39.18,56.1,646.27,2,1,0,0,1,0,0,0,1,0,0,0,0,0,1,0,0,0
103,36,70,6.0,12.59,55.33,1292.33,2,1,0,0,1,0,0,0,1,0,0,0,0,0,1,0,0,0
87,77,73,6.32,27.7,35.5,2183.82,2,1,0,0,1,0,0,0,1,0,0,0,0,0,1,0,0,0
90,77,113,5.43,22.51,78.37,2729.82,2,1,0,0,1,0,0,0,1,0,0,0,0,0,1,0,0,0
94,94,55,6.18,26.32,88.44,432.25,2,1,0,0,1,0,0,0,1,0,0,0,0,0,1,0,0,0
85,95,24,6.8,15.41,86.03,2171.11,2,1,0,0,1,0,0,0,1,0,0,0,0,0,1,0,0,0
64,60,89,7.67,36.12,81.99,1634.64,2,1,0,0,1,0,0,0,1,0,0,0,0,0,1,0,0,0
118,42,29,5.82,38.9,76.04,1883.36,2,1,0,0,1,0,0,0,1,0,0,0,0,0,1,0,0,0
111,86,85,5.2,24.53,40.68,2597.28,2,1,0,0,1,0,0,0,1,0,0,0,0,0,1,0,0,0
118,48,38,5.92,34.52,32.72,2511.7,2,1,0,0,1,0,0,0,1,0,0,0,0,0,1,0,0,0
179,85,83,5.65,22.18,32.27,1395.15,2,1,0,0,0,1,0,0,1,0,0,0,0,0,1,0,0,0
69,79,80,5.36,13.0,41.28,1214.44,2,1,0,0,0,1,0,0,1,0,0,0,0,0,1,0,0,0
88,43,49,7.47,24.0,86.11,618.17,2,1,0,0,0,1,0,0,1,0,0,0,0,0,1,0,0,0
44,95,53,7.5,18.22,82.96,348.52,2,1,0,0,0,1,0,0,1,0,0,0,0,0,1,0,0,0
127,82,44,6.89,19.59,79.89,1238.05,2,1,0,0,0,1,0,0,1,0,0,0,0,0,1,0,0,0
31,91,24,6.46,30.93,75.28,1357.91,2,1,0,0,0,1,0,0,1,0,0,0,0,0,1,0,0,0
120,75,81,5.14,31.83,80.47,442.93,2,1,0,0,0,1,0,0,1,0,0,0,0,0,1,0,0,0
67,73,120,5.5,11.88,43.57,2088.9,2,1,0,0,0,1,0,0,1,0,0,0,0,0,1,0,0,0
145,93,59,4.99,22.06,78.86,2248.32,2,1,0,0,0,1,0,0,1,0,0,0,0,0,1,0,0,0
133,89,78,6.52,20.69,60.41,842.87,2,1,0,0,0,1,0,0,1,0,0,0,0,0,1,0,0,0
110,20,65,6.03,34.26,67.33,1447.72,2,1,0,0,0,1,0,0,1,0,0,0,0,0,1,0,0,0
177,22,144,6.6,14.39,86.64,1040.47,2,1,0,0,0,1,0,0,1,0,0,0,0,0,1,0,0,0
112,54,62,7.34,36.79,80.17,2574.95,2,1,0,0,0,1,0,0,1,0,0,0,0,0,1,0,0,0
123,56,109,7.82,29.64,88.79,954.19,2,1,0,0,0,1,0,0,1,0,0,0,0,0,1,0,0,0
46,60,136,7.45,10.28,73.44,436.48,2,1,0,0,0,1,0,0,1,0,0,0,0,0,1,0,0,0
33,30,98,5.72,24.12,40.27,478.44,2,1,0,0,0,1,0,0,1,0,0,0,0,0,1,0,0,0
58,53,81,7.67,12.66,80.35,1182.65,2,1,0,0,0,1,0,0,1,0,0,0,0,0,1,0,0,0
140,39,122,5.86,38.54,70.26,1409.38,2,1,0,0,0,1,0,0,1,0,0,0,0,0,1,0,0,0
179,49,61,4.94,21.27,33.92,1483.97,2,1,0,0,0,1,0,0,1,0,0,0,0,0,1,0,0,0
178,67,43,6.35,14.22,61.75,550.23,2,1,0,0,0,1,0,0,1,0,0,0,0,0,1,0,0,0
153,24,108,4.82,13.25,31.51,2588.51,2,1,0,0,0,1,0,0,1,0,0,0,0,0,1,0,0,0
38,61,102,7.29,29.82,78.78,2211.98,2,1,0,0,0,1,0,0,1,0,0,0,0,0,1,0,0,0
31,95,84,6.45,13.35,77.87,2176.74,2,1,0,0,0,1,0,0,1,0,0,0,0,0,1,0,0,0
135,37,106,4.91,36.39,47.39,2349.19,2,1,0,0,0,1,0,0,1,0,0,0,0,0,1,0,0,0
117,91,87,6.07,14.65,46.6,2285.28,2,1,0,0,0,1,0,0,1,0,0,0,0,0,1,0,0,0
63,71,35,5.44,39.75,83.82,788.51,2,1,0,0,0,1,0,0,1,0,0,0,0,0,1,0,0,0
145,60,96,7.72,30.4,31.87,1281.05,2,1,0,0,0,1,0,0,1,0,0,0,0,0,1,0,0,0
129,27,107,6.39,23.61,79.71,2365.94,2,1,0,0,0,1,0,0,1,0,0,0,0,0,1,0,0,0
122,24,97,8.19,29.08,40.88,2688.0,2,1,0,0,0,1,0,0,1,0,0,0,0,0,1,0,0,0
40,60,113,6.87,26.75,63.81,2168.04,2,1,0,0,0,1,0,0,1,0,0,0,0,0,1,0,0,0
60,63,89,5.42,27.69,47.29,1584.42,2,1,0,0,0,1,0,0,1,0,0,0,0,0,1,0,0,0
50,82,85,7.25,33.68,82.05,1833.16,2,1,0,0,0,0,1,0,1,0,0,0,0,0,0,0,0,1
51,94,74,6.56,13.42,51.96,1176.41,2,1,0,0,0,0,1,0,1,0,0,0,0,0,0,0,0,1
148,77,140,6.13,36.69,84.51,827.44,2,1,0,0,0,0,1,0,1,0,0,0,0,0,0,0,0,1
155,57,144,5.92,25.23,66.9,870.54,2,1,0,0,0,0,1,0,1,0,0,0,0,0,0,0,0,1
151,61,52,7.04,19.05,36.32,2557.37,2,1,0,0,0,0,1,0,1,0,0,0,0,0,0,0,0,1
96,53,22,7.24,31.19,59.18,2277.3,2,1,0,0,0,0,1,0,1,0,0,0,0,0,0,0,0,1
81,48,117,4.98,34.16,73.07,647.51,2,1,0,0,0,0,1,0,1,0,0,0,0,0,0,0,0,1
86,43,138,6.16,22.38,67.61,2598.25,2,1,0,0,0,0,1,0,1,0,0,0,0,0,0,0,0,1
61,20,136,8.09,14.65,31.01,1995.73,2,1,0,0,0,0,1,0,1,0,0,0,0,0,0,0,0,1
116,36,111,5.7,12.36,57.41,623.66,2,1,0,0,0,0,1,0,1,0,0,0,0,0,0,0,0,1
31,37,134,6.89,31.47,67.31,896.1,2,1,0,0,0,0,1,0,1,0,0,0,0,0,0,0,0,1
41,57,94,5.25,39.41,63.7,2432.63,2,1,0,0,0,0,1,0,1,0,0,0,0,0,0,0,0,1
34,82,81,6.85,24.91,60.12,650.46,2,1,0,0,0,0,1,0,1,0,0,0,0,0,0,0,0,1
104,65,125,7.65,16.83,44.29,614.19,2,1,0,0,0,0,1,0,1,0,0,0,0,0,0,0,0,1
140,52,53,7.99,39.8,73.54,1500.51,2,1,0,0,0,0,1,0,1,0,0,0,0,0,0,0,0,1
94,84,113,4.89,39.66,51.21,738.4,2,1,0,0,0,0,1,0,1,0,0,0,0,0,0,0,0,1
73,66,42,7.54,12.5,53.75,1276.77,2,1,0,0,0,0,1,0,1,0,0,0,0,0,0,0,0,1
62,92,96,6.09,19.34,62.84,1101.23,2,1,0,0,0,0,1,0,1,0,0,0,0,0,0,0,0,1
80,42,105,6.02,14.4,76.99,1532.15,2,1,0,0,0,0,1,0,1,0,0,0,0,0,0,0,0,1
136,92,123,6.3,35.37,51.26,622.25,2,1,0,0,0,0,1,0,1,0,0,0,0,0,0,0,0,1
41,37,96,5.9,25.06,75.44,1457.85,2,1,0,0,0,0,1,0,1,0,0,0,0,0,0,0,0,1
122,33,77,6.06,24.56,74.85,750.55,2,1,0,0,0,0,1,0,1,0,0,0,0,0,0,0,0,1
81,71,108,6.65,28.78,69.04,1608.06,2,1,0,0,0,0,1,0,1,0,0,0,0,0,0,0,0,1
174,34,106,5.67,38.32,38.74,488.58,2,1,0,0,0,0,1,0,1,0,0,0,0,0,0,0,0,1
177,72,94,7.82,29.78,48.51,2310.23,2,1,0,0,0,0,1,0,1,0,0,0,0,0,0,0,0,1
74,99,47,8.19,35.03,60.29,479.58,2,1,0,0,0,0,1,0,1,0,0,0,0,0,0,0,0,1
86,56,25,5.31,25.89,57.4,2142.53,2,1,0,0,0,0,1,0,1,0,0,0,0,0,0,0,0,1
79,92,130,6.13,19.88,48.93,1912.13,2,1,0,0,0,0,0,1,1,0,0,0,0,1,0,0,0,0
130,86,54,6.76,22.46,47.08,1922.91,2,1,0,0,0,0,0,1,1,0,0,0,0,1,0,0,0,0
110,84,96,7.79,36.02,74.58,1192.24,2,1,0,0,0,0,0,1,1,0,0,0,0,1,0,0,0,0
147,27,121,7.31,16.99,83.51,2681.88,2,1,0,0,0,0,0,1,1,0,0,0,0,1,0,0,0,0
66,91,97,6.16,34.52,64.16,2638.24,2,1,0,0,0,0,0,1,1,0,0,0,0,1,0,0,0,0
80,98,58,6.31,37.48,40.84,638.87,2,1,0,0,0,0,0,1,1,0,0,0,0,1,0,0,0,0
30,79,117,7.98,26.31,64.44,450.4,2,1,0,0,0,0,0,1,1,0,0,0,0,1,0,0,0,0
76,28,132,7.65,21.93,70.32,1397.46,2,1,0,0,0,0,0,1,1,0,0,0,0,1,0,0,0,0
79,29,27,7.99,19.52,89.95,2085.27,2,1,0,0,0,0,0,1,1,0,0,0,0,1,0,0,0,0
136,66,110,6.28,38.98,72.96,1674.15,2,1,0,0,0,0,0,1,1,0,0,0,0,1,0,0,0,0
178,53,29,5.57,23.41,63.98,1225.28,2,1,0,0,0,0,0,1,1,0,0,0,0,1,0,0,0,0
116,74,146,7.89,28.52,88.74,2233.79,2,1,0,0,0,0,0,1,1,0,0,0,0,1,0,0,0,0
32,93,107,7.97,16.06,30.89,1583.92,2,1,0,0,0,0,0,1,1,0,0,0,0,1,0,0,0,0
54,54,95,5.85,23.88,85.5,852.74,2,1,0,0,0,0,0,1,1,0,0,0,0,1,0,0,0,0
76,40,108,6.37,28.36,71.73,1889.5,2,1,0,0,0,0,0,1,1,0,0,0,0,1,0,0,0,0
178,90,83,7.0,26.49,65.21,2659.65,2,1,0,0,0,0,0,1,1,0,0,0,0,1,0,0,0,0
107,48,129,4.95,36.97,77.19,1618.29,2,1,0,0,0,0,0,1,1,0,0,0,0,1,0,0,0,0
63,29,112,7.52,24.88,84.16,1575.42,2,1,0,0,0,0,0,1,1,0,0,0,0,1,0,0,0,0
174,92,98,5.48,22.76,59.67,1078.2,2,1,0,0,0,0,0,1,1,0,0,0,0,1,0,0,0,0
168,90,87,5.17,35.55,33.5,924.26,2,1,0,0,0,0,0,1,1,0,0,0,0,1,0,0,0,0
128,66,138,5.61,22.77,75.89,1432.48,2,1,0,0,0,0,0,1,1,0,0,0,0,1,0,0,0,0
124,45,55,6.3,12.79,43.11,1823.46,2,1,0,0,0,0,0,1,1,0,0,0,0,1,0,0,0,0
149,73,44,6.9,20.57,69.25,2600.15,2,1,0,0,0,0,0,1,1,0,0,0,0,1,0,0,0,0
87,78,66,4.97,10.29,68.21,2637.99,2,1,0,0,0,0,0,1,1,0,0,0,0,1,0,0,0,0
72,21,82,5.81,39.57,54.31,1169.16,2,1,0,0,0,0,0,1,1,0,0,0,0,1,0,0,0,0
101,82,68,7.41,12.47,82.41,1518.53,2,1,0,0,0,0,0,1,1,0,0,0,0,1,0,0,0,0
39,23,106,7.07,31.99,47.78,774.94,2,1,0,0,0,0,0,1,1,0,0,0,0,1,0,0,0,0
102,82,149,5.09,26.1,86.48,2763.62,2,1,0,0,0,0,0,1,1,0,0,0,0,1,0,0,0,0
49,23,100,6.32,37.28,54.6,1029.0,2,1,0,0,0,0,0,1,1,0,0,0,0,1,0,0,0,0
121,84,106,6.32,18.62,74.61,1963.67,2,1,0,0,0,0,0,1,1,0,0,0,0,1,0,0,0,0
54,53,134,5.83,33.18,74.17,1545.56,2,1,0,0,0,0,0,1,1,0,0,0,0,1,0,0,0,0
164,41,126,5.88,11.26,82.68,2143.04,2,1,0,0,0,0,0,1,1,0,0,0,0,1,0,0,0,0
119,64,89,7.11,39.08,53.51,2111.31,2,1,0,0,0,0,0,1,1,0,0,0,0,1,0,0,0,0
112,54,145,7.05,33.0,79.47,2480.06,2,1,0,0,1,0,0,0,0,1,0,0,0,1,0,0,0,0
144,57,60,5.8,15.5,88.21,663.54,2,1,0,0,1,0,0,0,0,1,0,0,0,1,0,0,0,0
58,26,71,5.33,14.3,52.14,932.72,2,1,0,0,1,0,0,0,0,1,0,0,0,1,0,0,0,0
62,69,88,6.92,11.35,36.7,1862.13,2,1,0,0,1,0,0,0,0,1,0,0,0,1,0,0,0,0
49,80,86,7.35,27.32,35.28,429.62,2,1,0,0,1,0,0,0,0,1,0,0,0,1,0,0,0,0
167,42,143,7.91,26.92,33.53,2567.23,2,1,0,0,1,0,0,0,0,1,0,0,0,1,0,0,0,0
94,62,148,6.77,30.38,82.17,374.03,2,1,0,0,1,0,0,0,0,1,0,0,0,1,0,0,0,0
78,32,125,6.57,33.98,30.89,2389.74,2,1,0,0,1,0,0,0,0,1,0,0,0,1,0,0,0,0
41,49,48,7.81,17.16,44.34,2340.67,2,1,0,0,1,0,0,0,0,1,0,0,0,1,0,0,0,0
151,15,66,5.52,13.26,30.07,1880.57,2,1,0,0,1,0,0,0,0,1,0,0,0,1,0,0,0,0
76,46,77,7.75,13.19,69.75,2550.98,2,1,0,0,1,0,0,0,0,1,0,0,0,1,0,0,0,0
34,99,53,6.79,21.13,82.32,800.64,2,1,0,0,1,0,0,0,0,1,0,0,0,1,0,0,0,0
68,34,47,4.82,14.16,54.0,2307.17,2,1,0,0,1,0,0,0,0,1,0,0,0,1,0,0,0,0
160,24,140,7.56,14.05,59.7,1820.73,2,1,0,0,1,0,0,0,0,1,0,0,0,1,0,0,0,0
119,18,101,8.17,21.52,41.65,2216.93,2,1,0,0,1,0,0,0,0,1,0,0,0,1,0,0,0,0
96,62,131,6.68,35.72,35.66,2020.19,2,1,0,0,1,0,0,0,0,1,0,0,0,1,0,0,0,0
51,64,80,6.78,30.19,50.04,2115.01,2,1,0,0,1,0,0,0,0,1,0,0,0,1,0,0,0,0
86,18,120,5.54,39.02,39.7,1086.6,2,1,0,0,1,0,0,0,0,1,0,0,0,1,0,0,0,0
49,58,101,5.95,12.2,68.75,1977.54,2,1,0,0,1,0,0,0,0,1,0,0,0,1,0,0,0,0
111,89,53,6.01,33.36,58.51,723.26,2,1,0,0,1,0,0,0,0,1,0,0,0,1,0,0,0,0
55,40,146,5.81,28.86,84.84,1662.42,2,1,0,0,1,0,0,0,0,1,0,0,0,1,0,0,0,0
150,38,55,4.93,29.24,42.83,1692.72,2,1,0,0,1,0,0,0,0,1,0,0,0,1,0,0,0,0
127,66,135,6.65,33.83,47.94,1609.8,2,1,0,0,1,0,0,0,0,1,0,0,0,1,0,0,0,0
83,60,132,7.15,34.02,58.32,2438.83,2,1,0,0,1,0,0,0,0,1,0,0,0,1,0,0,0,0
134,63,22,7.96,27.89,80.12,451.04,2,1,0,0,1,0,0,0,0,1,0,0,0,1,0,0,0,0
116,98,112,6.23,29.51,87.99,920.26,2,1,0,0,1,0,0,0,0,1,0,0,0,1,0,0,0,0
53,22,23,5.3,29.12,31.34,1112.81,2,1,0,0,1,0,0,0,0,1,0,0,0,1,0,0,0,0
50,36,113,6.26,25.15,80.44,1201.07,2,1,0,0,1,0,0,0,0,1,0,0,0,1,0,0,0,0
34,66,112,6.64,12.81,80.01,2703.2,2,1,0,0,0,1,0,0,0,1,0,0,0,1,0,0,0,0
117,41,115,7.55,31.33,56.23,1089.48,2,1,0,0,0,1,0,0,0,1,0,0,0,1,0,0,0,0
41,74,127,6.89,18.49,84.8,2078.65,2,1,0,0,0,1,0,0,0,1,0,0,0,1,0,0,0,0
131,78,91,6.73,16.42,63.78,1669.73,2,1,0,0,0,1,0,0,0,1,0,0,0,1,0,0,0,0
169,51,89,7.72,21.17,67.37,933.35,2,1,0,0,0,1,0,0,0,1,0,0,0,1,0,0,0,0
154,45,125,8.16,15.84,41.95,915.73,2,1,0,0,0,1,0,0,0,1,0,0,0,1,0,0,0,0
34,15,89,7.05,26.21,67.77,1725.45,2,1,0,0,0,1,0,0,0,1,0,0,0,1,0,0,0,0
166,32,130,7.76,10.25,42.69,2251.62,2,1,0,0,0,1,0,0,0,1,0,0,0,1,0,0,0,0
98,41,40,5.42,26.38,82.12,2436.77,2,1,0,0,0,1,0,0,0,1,0,0,0,1,0,0,0,0
122,41,147,6.99,14.24,83.08,1402.38,2,1,0,0,0,1,0,0,0,1,0,0,0,1,0,0,0,0
104,60,41,6.23,31.48,80.42,927.39,2,1,0,0,0,1,0,0,0,1,0,0,0,1,0,0,0,0
136,72,97,4.94,30.54,79.05,524.69,2,1,0,0,0,1,0,0,0,1,0,0,0,1,0,0,0,0
54,98,135,7.81,38.21,54.75,1067.71,2,1,0,0,0,1,0,0,0,1,0,0,0,1,0,0,0,0
140,70,102,6.3,34.71,32.85,1228.84,2,1,0,0,0,1,0,0,0,1,0,0,0,1,0,0,0,0
145,93,108,4.99,21.27,56.87,2468.08,2,1,0,0,0,1,0,0,0,1,0,0,0,1,0,0,0,0
168,91,125,6.8,33.11,68.17,1033.85,2,1,0,0,0,1,0,0,0,1,0,0,0,1,0,0,0,0
110,30,35,5.0,24.69,32.66,2558.8,2,1,0,0,0,1,0,0,0,1,0,0,0,1,0,0,0,0
139,98,80,7.18,21.34,73.77,2532.56,2,1,0,0,0,1,0,0,0,1,0,0,0,1,0,0,0,0
31,18,107,6.96,37.23,42.71,671.37,2,1,0,0,0,1,0,0,0,1,0,0,0,1,0,0,0,0
169,81,40,5.7,28.63,67.5,2241.79,2,1,0,0,0,1,0,0,0,1,0,0,0,1,0,0,0,0
154,88,105,4.8,23.9,63.06,2191.88,2,1,0,0,0,1,0,0,0,1,0,0,0,1,0,0,0,0
84,82,82,6.12,33.09,45.98,503.43,2,1,0,0,0,1,0,0,0,1,0,0,0,1,0,0,0,0
146,67,54,5.39,34.67,30.09,570.35,2,1,0,0,0,1,0,0,0,1,0,0,0,1,0,0,0,0
77,99,116,6.46,16.38,52.58,653.88,2,1,0,0,0,1,0,0,0,1,0,0,0,1,0,0,0,0
89,48,37,6.78,26.19,79.47,1654.44,2,1,0,0,0,1,0,0,0,1,0,0,0,1,0,0,0,0
41,69,148,7.87,28.24,47.57,952.12,2,1,0,0,0,1,0,0,0,1,0,0,0,1,0,0,0,0
124,63,110,6.1,33.48,70.93,2169.71,2,1,0,0,0,1,0,0,0,1,0,0,0,1,0,0,0,0
107,59,119,6.54,21.4,61.37,592.69,2,1,0,0,0,1,0,0,0,1,0,0,0,1,0,0,0,0
177,97,60,6.52,29.07,46.15,1513.01,2,1,0,0,0,1,0,0,0,1,0,0,0,1,0,0,0,0
127,84,38,7.87,34.83,71.9,1324.81,2,1,0,0,0,1,0,0,0,1,0,0,0,1,0,0,0,0
97,18,102,5.16,34.25,77.82,2486.18,2,1,0,0,0,1,0,0,0,1,0,0,0,1,0,0,0,0
81,47,26,7.18,17.93,73.09,2428.86,2,1,0,0,0,1,0,0,0,1,0,0,0,1,0,0,0,0
55,71,99,5.89,13.4,45.07,1625.93,2,1,0,0,0,1,0,0,0,1,0,0,0,1,0,0,0,0
65,58,90,6.6,14.51,53.19,1461.65,2,1,0,0,0,1,0,0,0,1,0,0,0,1,0,0,0,0
77,87,139,7.84,33.28,50.77,1446.04,2,1,0,0,0,0,1,0,0,1,0,0,0,0,0,0,0,1
57,78,75,5.03,36.53,38.34,1054.44,2,1,0,0,0,0,1,0,0,1,0,0,0,0,0,0,0,1
105,46,125,7.83,32.94,32.45,898.68,2,1,0,0,0,0,1,0,0,1,0,0,0,0,0,0,0,1
149,95,21,5.46,30.74,46.32,2766.15,2,1,0,0,0,0,1,0,0,1,0,0,0,0,0,0,0,1
47,38,79,7.36,26.19,66.58,1056.29,2,1,0,0,0,0,1,0,0,1,0,0,0,0,0,0,0,1
48,52,33,6.72,37.7,56.28,2224.77,2,1,0,0,0,0,1,0,0,1,0,0,0,0,0,0,0,1
89,91,73,6.91,14.1,89.31,596.44,2,1,0,0,0,0,1,0,0,1,0,0,0,0,0,0,0,1
131,34,43,5.33,23.1,42.47,1826.66,2,1,0,0,0,0,1,0,0,1,0,0,0,0,0,0,0,1
158,66,130,6.87,24.38,34.24,2695.04,2,1,0,0,0,0,1,0,0,1,0,0,0,0,0,0,0,1
156,83,103,4.87,16.65,76.02,1821.8,2,1,0,0,0,0,1,0,0,1,0,0,0,0,0,0,0,1
105,57,110,5.19,24.84,80.38,1392.48,2,1,0,0,0,0,1,0,0,1,0,0,0,0,0,0,0,1
90,17,65,7.38,36.06,89.51,1754.05,2,1,0,0,0,0,1,0,0,1,0,0,0,0,0,0,0,1
155,27,97,5.91,10.77,41.63,971.09,2,1,0,0,0,0,1,0,0,1,0,0,0,0,0,0,0,1
173,20,139,6.74,27.12,51.24,1372.82,2,1,0,0,0,0,1,0,0,1,0,0,0,0,0,0,0,1
170,96,92,6.27,19.6,74.4,1227.75,2,1,0,0,0,0,1,0,0,1,0,0,0,0,0,0,0,1
138,17,120,6.31,31.86,56.36,598.09,2,1,0,0,0,0,1,0,0,1,0,0,0,0,0,0,0,1
126,15,130,7.29,17.83,89.03,1977.17,2,1,0,0,0,0,1,0,0,1,0,0,0,0,0,0,0,1
103,39,84,7.83,38.93,35.89,424.96,2,1,0,0,0,0,1,0,0,1,0,0,0,0,0,0,0,1
155,55,26,7.75,10.34,51.07,2430.83,2,1,0,0,0,0,1,0,0,1,0,0,0,0,0,0,0,1
103,71,76,5.94,36.99,35.26,1616.14,2,1,0,0,0,0,1,0,0,1,0,0,0,0,0,0,0,1
35,83,110,7.6,33.22,30.65,1762.59,2,1,0,0,0,0,1,0,0,1,0,0,0,0,0,0,0,1
112,66,103,5.46,32.29,57.1,2469.46,2,1,0,0,0,0,1,0,0,1,0,0,0,0,0,0,0,1
120,24,94,6.04,29.9,38.46,1327.14,2,1,0,0,0,0,1,0,0,1,0,0,0,0,0,0,0,1
129,63,137,4.9,20.32,36.01,350.84,2,1,0,0,0,0,1,0,0,1,0,0,0,0,0,0,0,1
39,42,111,6.57,35.49,42.62,1045.82,2,1,0,0,0,0,1,0,0,1,0,0,0,0,0,0,0,1
137,15,52,7.02,15.31,34.84,892.55,2,1,0,0,0,0,1,0,0,1,0,0,0,0,0,0,0,1
100,64,91,7.01,17.41,30.21,1573.54,2,1,0,0,0,0,1,0,0,1,0,0,0,0,0,0,0,1
88,61,39,5.93,10.17,67.67,858.02,2,1,0,0,0,0,1,0,0,1,0,0,0,0,0,0,0,1
166,49,142,5.62,30.92,80.72,1766.2,2,1,0,0,0,0,1,0,0,1,0,0,0,0,0,0,0,1
130,34,30,5.36,14.76,43.31,799.45,2,1,0,0,0,0,1,0,0,1,0,0,0,0,0,0,0,1
164,76,30,7.91,32.2,34.89,2110.79,2,1,0,0,0,0,0,1,0,1,0,0,0,1,0,0,0,0
105,18,142,6.21,37.42,79.01,389.66,2,1,0,0,0,0,0,1,0,1,0,0,0,1,0,0,0,0
175,52,132,6.61,11.96,89.54,441.81,2,1,0,0,0,0,0,1,0,1,0,0,0,1,0,0,0,0
138,29,104,5.84,11.35,47.62,1994.22,2,1,0,0,0,0,0,1,0,1,0,0,0,1,0,0,0,0
158,29,121,4.81,28.35,61.78,2631.82,2,1,0,0,0,0,0,1,0,1,0,0,0,1,0,0,0,0
89,67,108,7.59,38.88,63.15,903.48,2,1,0,0,0,0,0,1,0,1,0,0,0,1,0,0,0,0
166,29,51,7.49,35.81,49.81,2739.04,2,1,0,0,0,0,0,1,0,1,0,0,0,1,0,0,0,0
148,24,73,5.33,29.17,82.72,1394.0,2,1,0,0,0,0,0,1,0,1,0,0,0,1,0,0,0,0
30,80,34,7.52,20.21,53.43,1540.36,2,1,0,0,0,0,0,1,0,1,0,0,0,1,0,0,0,0
122,77,40,6.24,19.62,69.42,1937.54,2,1,0,0,0,0,0,1,0,1,0,0,0,1,0,0,0,0
72,59,67,6.0,21.86,52.36,519.19,2,1,0,0,0,0,0,1,0,1,0,0,0,1,0,0,0,0
121,55,74,7.82,16.73,63.82,558.56,2,1,0,0,0,0,0,1,0,1,0,0,0,1,0,0,0,0
153,26,30,6.28,25.12,39.78,1560.57,2,1,0,0,0,0,0,1,0,1,0,0,0,1,0,0,0,0
178,60,44,6.9,19.59,71.26,2353.7,2,1,0,0,0,0,0,1,0,1,0,0,0,1,0,0,0,0
179,46,29,7.1,39.41,35.14,2308.71,2,1,0,0,0,0,0,1,0,1,0,0,0,1,0,0,0,0
126,69,47,5.51,35.79,37.41,2508.7,2,1,0,0,0,0,0,1,0,1,0,0,0,1,0,0,0,0
158,23,27,4.9,25.68,58.27,2419.4,2,1,0,0,0,0,0,1,0,1,0,0,0,1,0,0,0,0
117,51,104,5.4,38.61,72.06,1177.68,2,1,0,0,0,0,0,1,0,1,0,0,0,1,0,0,0,0
65,86,57,5.9,29.35,33.6,850.11,2,1,0,0,1,0,0,0,0,0,1,0,0,1,0,0,0,0
40,54,85,5.03,21.29,60.45,2354.09,2,1,0,0,1,0,0,0,0,0,1,0,0,1,0,0,0,0
152,98,82,7.54,12.69,34.23,1825.44,2,1,0,0,1,0,0,0,0,0,1,0,0,1,0,0,0,0
90,55,102,4.99,14.58,50.3,922.12,2,1,0,0,1,0,0,0,0,0,1,0,0,1,0,0,0,0
50,23,82,6.25,12.69,88.85,2734.87,2,1,0,0,1,0,0,0,0,0,1,0,0,1,0,0,0,0
174,29,58,7.24,32.58,74.74,1036.69,2,1,0,0,1,0,0,0,0,0,1,0,0,1,0,0,0,0
129,28,85,5.0,25.92,48.48,1180.49,2,1,0,0,1,0,0,0,0,0,1,0,0,1,0,0,0,0
174,84,140,5.88,33.97,45.07,2583.84,2,1,0,0,1,0,0,0,0,0,1,0,0,1,0,0,0,0
172,75,25,7.57,22.74,85.17,2280.01,2,1,0,0,1,0,0,0,0,0,1,0,0,1,0,0,0,0
169,62,66,6.31,12.23,35.04,1260.59,2,1,0,0,1,0,0,0,0,0,1,0,0,1,0,0,0,0
46,95,129,5.89,23.95,47.13,1170.42,2,1,0,0,1,0,0,0,0,0,1,0,0,1,0,0,0,0
64,52,99,7.62,20.09,72.73,2472.35,2,1,0,0,1,0,0,0,0,0,1,0,0,1,0,0,0,0
110,97,135,6.12,20.68,79.4,2224.03,2,1,0,0,1,0,0,0,0,0,1,0,0,1,0,0,0,0
68,45,74,7.27,35.65,60.64,1815.71,2,1,0,0,1,0,0,0,0,0,1,0,0,1,0,0,0,0
123,69,135,5.67,23.6,42.33,2162.82,2,1,0,0,1,0,0,0,0,0,1,0,0,1,0,0,0,0
87,94,138,4.87,18.69,75.56,2597.52,2,1,0,0,1,0,0,0,0,0,1,0,0,1,0,0,0,0
49,41,144,7.69,15.71,65.91,1678.58,2,1,0,0,1,0,0,0,0,0,1,0,0,1,0,0,0,0
152,93,125,5.88,20.94,62.47,2126.68,2,1,0,0,1,0,0,0,0,0,1,0,0,1,0,0,0,0
37,37,65,7.15,38.81,65.38,529.47,2,1,0,0,1,0,0,0,0,0,1,0,0,1,0,0,0,0
41,76,146,7.6,21.15,42.68,1266.48,2,1,0,0,1,0,0,0,0,0,1,0,0,1,0,0,0,0
72,79,22,6.75,15.39,41.72,1368.11,2,1,0,0,1,0,0,0,0,0,1,0,0,1,0,0,0,0
178,50,134,7.47,37.38,31.89,2040.9,2,1,0,0,1,0,0,0,0,0,1,0,0,1,0,0,0,0
30,64,92,5.79,27.27,31.85,1018.57,2,1,0,0,1,0,0,0,0,0,1,0,0,1,0,0,0,0
112,53,141,5.82,37.77,83.77,1097.36,2,1,0,0,1,0,0,0,0,0,1,0,0,1,0,0,0,0
76,40,104,7.95,35.72,51.63,541.74,2,1,0,0,0,1,0,0,0,0,1,0,0,1,0,0,0,0
162,26,59,5.62,30.67,49.52,740.06,2,1,0,0,0,1,0,0,0,0,1,0,0,1,0,0,0,0
86,20,138,4.98,18.38,79.59,1280.82,2,1,0,0,0,1,0,0,0,0,1,0,0,1,0,0,0,0
37,35,121,7.45,19.9,52.92,715.49,2,1,0,0,0,1,0,0,0,0,1,0,0,1,0,0,0,0
108,58,71,5.15,26.0,57.18,2632.81,2,1,0,0,0,1,0,0,0,0,1,0,0,1,0,0,0,0
110,32,136,5.4,29.77,60.68,2384.11,2,1,0,0,0,1,0,0,0,0,1,0,0,1,0,0,0,0
35,41,79,7.01,36.18,85.04,1412.68,2,1,0,0,0,1,0,0,0,0,1,0,0,1,0,0,0,0
148,34,112,5.86,20.02,45.49,2055.25,2,1,0,0,0,1,0,0,0,0,1,0,0,1,0,0,0,0
39,32,130,7.45,18.21,65.94,2249.52,2,1,0,0,0,1,0,0,0,0,1,0,0,1,0,0,0,0
68,29,97,7.02,31.33,51.73,2751.51,2,1,0,0,0,1,0,0,0,0,1,0,0,1,0,0,0,0
111,64,54,6.25,36.45,48.14,2320.75,2,1,0,0,0,1,0,0,0,0,1,0,0,1,0,0,0,0
157,31,60,7.52,39.41,79.98,2286.28,2,1,0,0,0,1,0,0,0,0,1,0,0,1,0,0,0,0
89,15,76,6.36,27.96,60.69,632.07,2,1,0,0,0,1,0,0,0,0,1,0,0,1,0,0,0,0
88,66,64,5.44,24.94,45.13,540.86,2,1,0,0,0,1,0,0,0,0,1,0,0,1,0,0,0,0
125,21,121,5.1,31.16,42.57,382.79,2,1,0,0,0,1,0,0,0,0,1,0,0,1,0,0,0,0
121,22,148,7.47,36.27,61.68,1390.68,2,1,0,0,0,1,0,0,0,0,1,0,0,1,0,0,0,0
46,68,146,5.63,35.09,67.96,1312.17,2,1,0,0,0,1,0,0,0,0,1,0,0,1,0,0,0,0
103,73,67,5.85,34.23,38.98,1291.67,2,1,0,0,0,1,0,0,0,0,1,0,0,1,0,0,0,0
43,95,139,6.49,26.72,70.63,351.06,2,1,0,0,0,1,0,0,0,0,1,0,0,1,0,0,0,0
116,69,121,7.91,18.59,85.64,2402.42,2,1,0,0,0,1,0,0,0,0,1,0,0,1,0,0,0,0
58,96,69,6.58,26.4,63.1,2267.32,2,1,0,0,0,1,0,0,0,0,1,0,0,1,0,0,0,0
144,26,62,8.02,21.7,54.09,2451.09,2,1,0,0,0,1,0,0,0,0,1,0,0,1,0,0,0,0
162,16,69,8.01,12.42,59.52,2396.27,2,1,0,0,0,1,0,0,0,0,1,0,0,1,0,0,0,0
154,63,92,8.05,20.35,34.37,412.22,2,1,0,0,0,1,0,0,0,0,1,0,0,1,0,0,0,0
100,44,120,7.44,25.02,64.23,2706.59,2,1,0,0,0,1,0,0,0,0,1,0,0,1,0,0,0,0
102,23,68,6.98,27.9,88.85,1907.87,2,1,0,0,0,1,0,0,0,0,1,0,0,1,0,0,0,0
94,91,109,6.92,15.76,47.62,2423.58,2,1,0,0,0,1,0,0,0,0,1,0,0,1,0,0,0,0
97,21,51,7.5,20.98,77.32,777.65,2,1,0,0,0,1,0,0,0,0,1,0,0,1,0,0,0,0
74,98,126,6.3,37.78,69.54,2263.3,2,1,0,0,0,1,0,0,0,0,1,0,0,1,0,0,0,0
176,40,94,5.26,11.96,36.33,2274.01,2,1,0,0,0,0,1,0,0,0,1,0,0,0,0,0,1,0
173,32,117,5.74,13.24,52.68,1855.82,2,1,0,0,0,0,1,0,0,0,1,0,0,0,0,0,1,0
151,49,149,6.83,10.71,71.69,2191.16,2,1,0,0,0,0,1,0,0,0,1,0,0,0,0,0,1,0
41,84,69,6.99,11.47,56.06,1027.79,2,1,0,0,0,0,1,0,0,0,1,0,0,0,0,0,1,0
131,91,116,7.33,33.59,69.34,844.72,2,1,0,0,0,0,1,0,0,0,1,0,0,0,0,0,1,0
157,38,22,5.12,19.72,58.53,2322.36,2,1,0,0,0,0,1,0,0,0,1,0,0,0,0,0,1,0
77,82,82,5.51,36.96,82.11,2044.61,2,1,0,0,0,0,1,0,0,0,1,0,0,0,0,0,1,0
144,23,80,5.86,22.94,78.14,715.64,2,1,0,0,0,0,1,0,0,0,1,0,0,0,0,0,1,0
118,77,34,7.4,18.03,67.8,2109.97,2,1,0,0,0,0,1,0,0,0,1,0,0,0,0,0,1,0
167,31,63,5.37,35.75,30.55,1202.14,2,1,0,0,0,0,1,0,0,0,1,0,0,0,0,0,1,0
121,63,46,5.48,24.21,70.06,1252.76,2,1,0,0,0,0,1,0,0,0,1,0,0,0,0,0,1,0
66,29,130,7.19,34.55,37.33,1067.48,2,1,0,0,0,0,1,0,0,0,1,0,0,0,0,0,1,0
52,37,50,7.51,13.19,51.7,2643.91,2,1,0,0,0,0,1,0,0,0,1,0,0,0,0,0,1,0
175,66,68,6.9,23.24,78.96,320.32,2,1,0,0,0,0,1,0,0,0,1,0,0,0,0,0,1,0
124,79,95,6.49,26.95,46.12,2237.14,2,1,0,0,0,0,1,0,0,0,1,0,0,0,0,0,1,0
75,75,73,7.82,13.17,75.46,478.01,2,1,0,0,0,0,1,0,0,0,1,0,0,0,0,0,1,0
88,94,64,7.29,26.33,57.82,2310.9,2,1,0,0,0,0,1,0,0,0,1,0,0,0,0,0,1,0
64,72,47,5.87,18.1,76.85,564.51,2,1,0,0,0,0,1,0,0,0,1,0,0,0,0,0,1,0
42,56,94,5.27,34.25,39.65,2230.22,2,1,0,0,0,0,1,0,0,0,1,0,0,0,0,0,1,0
89,22,56,5.65,25.27,31.72,2564.88,2,1,0,0,0,0,1,0,0,0,1,0,0,0,0,0,1,0
41,96,130,5.41,28.86,34.49,1984.78,2,1,0,0,0,0,1,0,0,0,1,0,0,0,0,0,1,0
95,37,70,5.9,18.44,52.92,2794.08,2,1,0,0,0,0,0,1,0,0,1,0,0,1,0,0,0,0
141,88,54,4.96,22.48,30.52,2274.57,2,1,0,0,0,0,0,1,0,0,1,0,0,1,0,0,0,0
38,27,47,6.76,35.65,48.82,860.05,2,1,0,0,0,0,0,1,0,0,1,0,0,1,0,0,0,0
160,16,126,6.81,18.34,75.14,1781.99,2,1,0,0,0,0,0,1,0,0,1,0,0,1,0,0,0,0
111,73,115,8.13,35.47,75.28,1836.63,2,1,0,0,0,0,0,1,0,0,1,0,0,1,0,0,0,0
73,59,91,5.29,34.9,47.7,1122.15,2,1,0,0,0,0,0,1,0,0,1,0,0,1,0,0,0,0
121,48,106,7.69,13.99,55.12,2111.56,2,1,0,0,0,0,0,1,0,0,1,0,0,1,0,0,0,0
141,34,126,4.89,21.05,83.99,1642.82,2,1,0,0,0,0,0,1,0,0,1,0,0,1,0,0,0,0
137,31,101,7.51,10.13,52.96,469.67,2,1,0,0,0,0,0,1,0,0,1,0,0,1,0,0,0,0
48,78,43,6.01,36.26,46.05,2388.95,2,1,0,0,0,0,0,1,0,0,1,0,0,1,0,0,0,0
160,84,123,7.79,35.93,37.78,1735.66,2,1,0,0,0,0,0,1,0,0,1,0,0,1,0,0,0,0
99,46,83,5.87,22.01,63.46,2766.79,2,1,0,0,0,0,0,1,0,0,1,0,0,1,0,0,0,0
152,92,138,5.36,33.51,48.49,602.83,2,1,0,0,0,0,0,1,0,0,1,0,0,1,0,0,0,0
60,99,123,5.03,18.71,80.85,1613.49,2,1,0,0,0,0,0,1,0,0,1,0,0,1,0,0,0,0
129,83,71,7.69,13.48,47.12,2788.74,2,1,0,0,0,0,0,1,0,0,1,0,0,1,0,0,0,0
48,47,41,5.06,31.37,56.8,917.37,2,1,0,0,0,0,0,1,0,0,1,0,0,1,0,0,0,0
119,85,110,5.12,32.92,69.28,924.51,2,1,0,0,0,0,0,1,0,0,1,0,0,1,0,0,0,0
68,20,100,6.22,25.57,30.92,1058.1,2,1,0,0,0,0,0,1,0,0,1,0,0,1,0,0,0,0
43,41,144,4.91,22.33,54.88,2344.84,2,1,0,0,0,0,0,1,0,0,1,0,0,1,0,0,0,0
117,48,101,7.63,26.62,62.35,798.78,2,1,0,0,0,0,0,1,0,0,1,0,0,1,0,0,0,0
37,55,118,7.11,27.66,85.45,728.74,2,1,0,0,0,0,0,1,0,0,1,0,0,1,0,0,0,0
60,72,56,7.34,20.61,53.25,730.5,2,1,0,0,0,0,0,1,0,0,1,0,0,1,0,0,0,0
152,52,148,4.81,14.74,68.52,1297.12,2,1,0,0,0,0,0,1,0,0,1,0,0,1,0,0,0,0
145,97,148,7.18,26.61,61.74,1948.4,2,1,0,0,0,0,0,1,0,0,1,0,0,1,0,0,0,0
76,98,85,5.13,13.79,68.82,2616.61,2,1,0,0,0,0,0,1,0,0,1,0,0,1,0,0,0,0
56,96,102,6.33,33.25,88.41,418.62,2,1,0,0,0,0,0,1,0,0,1,0,0,1,0,0,0,0
122,50,30,7.76,36.27,39.89,2394.77,2,1,0,0,0,0,0,1,0,0,1,0,0,1,0,0,0,0
122,55,107,7.99,15.3,37.82,2355.94,2,1,0,0,0,0,0,1,0,0,1,0,0,1,0,0,0,0
80,55,115,5.91,21.33,46.97,468.7,2,1,0,0,1,0,0,0,0,0,0,1,0,0,1,0,0,0
44,85,148,7.26,10.69,32.73,1361.91,2,1,0,0,1,0,0,0,0,0,0,1,0,0,1,0,0,0
159,28,106,7.86,15.36,42.77,2194.78,2,1,0,0,1,0,0,0,0,0,0,1,0,0,1,0,0,0
126,86,72,5.54,26.99,48.86,873.09,2,1,0,0,1,0,0,0,0,0,0,1,0,0,1,0,0,0
75,20,143,6.17,12.97,45.69,1721.06,2,1,0,0,1,0,0,0,0,0,0,1,0,0,1,0,0,0
57,85,63,7.15,37.84,51.47,1821.74,2,1,0,0,1,0,0,0,0,0,0,1,0,0,1,0,0,0
125,79,105,5.92,23.02,61.13,2676.02,2,1,0,0,1,0,0,0,0,0,0,1,0,0,1,0,0,0
113,20,103,5.26,13.49,79.8,591.25,2,1,0,0,1,0,0,0,0,0,0,1,0,0,1,0,0,0
132,80,104,6.8,39.83,77.26,1719.51,2,1,0,0,1,0,0,0,0,0,0,1,0,0,1,0,0,0
162,35,25,5.88,35.56,85.24,2274.75,2,1,0,0,1,0,0,0,0,0,0,1,0,0,1,0,0,0
166,37,128,5.46,30.49,81.18,1471.84,2,1,0,0,1,0,0,0,0,0,0,1,0,0,1,0,0,0
96,19,133,4.97,26.36,37.36,1534.45,2,1,0,0,1,0,0,0,0,0,0,1,0,0,1,0,0,0
167,22,72,5.17,26.1,62.97,1105.4,2,1,0,0,1,0,0,0,0,0,0,1,0,0,1,0,0,0
174,68,99,6.94,20.46,81.17,2778.56,2,1,0,0,1,0,0,0,0,0,0,1,0,0,1,0,0,0
153,82,42,5.07,19.85,53.68,2777.23,2,1,0,0,1,0,0,0,0,0,0,1,0,0,1,0,0,0
121,36,87,5.26,21.8,69.47,522.46,2,1,0,0,1,0,0,0,0,0,0,1,0,0,1,0,0,0
97,17,95,5.47,30.99,55.26,326.85,2,1,0,0,1,0,0,0,0,0,0,1,0,0,1,0,0,0
124,39,52,5.72,18.99,74.18,2520.36,2,1,0,0,1,0,0,0,0,0,0,1,0,0,1,0,0,0
100,86,45,6.53,18.68,50.43,2449.83,2,1,0,0,1,0,0,0,0,0,0,1,0,0,1,0,0,0
47,81,72,6.96,29.85,58.55,341.73,2,1,0,0,1,0,0,0,0,0,0,1,0,0,1,0,0,0
41,98,133,6.67,32.35,59.72,1891.33,2,1,0,0,1,0,0,0,0,0,0,1,0,0,1,0,0,0
118,29,108,6.39,24.2,58.34,1621.79,2,1,0,0,0,1,0,0,0,0,0,1,0,0,1,0,0,0
137,67,43,8.19,20.56,68.2,1731.88,2,1,0,0,0,1,0,0,0,0,0,1,0,0,1,0,0,0
41,63,121,7.66,34.19,72.04,1464.17,2,1,0,0,0,1,0,0,0,0,0,1,0,0,1,0,0,0
113,81,38,7.65,32.65,67.93,737.58,2,1,0,0,0,1,0,0,0,0,0,1,0,0,1,0,0,0
95,31,100,5.76,35.74,40.15,2621.49,2,1,0,0,0,1,0,0,0,0,0,1,0,0,1,0,0,0
73,37,142,7.49,39.09,45.19,2360.46,2,1,0,0,0,1,0,0,0,0,0,1,0,0,1,0,0,0
59,27,56,6.06,18.17,73.72,981.39,2,1,0,0,0,1,0,0,0,0,0,1,0,0,1,0,0,0
144,21,70,7.0,16.31,74.32,1342.67,2,1,0,0,0,1,0,0,0,0,0,1,0,0,1,0,0,0
118,97,124,6.55,17.38,39.92,538.43,2,1,0,0,0,1,0,0,0,0,0,1,0,0,1,0,0,0
66,54,28,5.62,24.13,33.25,1477.05,2,1,0,0,0,1,0,0,0,0,0,1,0,0,1,0,0,0
151,72,50,5.98,37.96,62.95,2283.75,2,1,0,0,0,1,0,0,0,0,0,1,0,0,1,0,0,0
69,98,96,7.87,16.36,60.21,1811.02,2,1,0,0,0,1,0,0,0,0,0,1,0,0,1,0,0,0
61,74,41,6.77,19.48,80.52,1116.5,2,1,0,0,0,1,0,0,0,0,0,1,0,0,1,0,0,0
173,62,72,6.85,20.01,68.4,1583.77,2,1,0,0,0,1,0,0,0,0,0,1,0,0,1,0,0,0
115,44,107,7.51,21.27,45.83,1981.45,2,1,0,0,0,1,0,0,0,0,0,1,0,0,1,0,0,0
35,69,47,5.88,26.33,60.97,2662.69,2,1,0,0,0,1,0,0,0,0,0,1,0,0,1,0,0,0
161,58,46,6.76,27.32,89.09,1408.89,2,1,0,0,0,1,0,0,0,0,0,1,0,0,1,0,0,0
82,21,40,6.81,30.89,44.5,2379.13,2,1,0,0,0,1,0,0,0,0,0,1,0,0,1,0,0,0
179,28,130,5.08,31.64,33.2,2484.05,2,1,0,0,0,1,0,0,0,0,0,1,0,0,1,0,0,0
112,50,87,4.8,17.78,48.93,1253.73,2,1,0,0,0,1,0,0,0,0,0,1,0,0,1,0,0,0
179,46,101,7.72,14.12,55.97,1591.01,2,1,0,0,0,1,0,0,0,0,0,1,0,0,1,0,0,0
124,27,45,7.31,11.45,46.96,2181.76,2,1,0,0,0,1,0,0,0,0,0,1,0,0,1,0,0,0
71,55,109,5.63,37.0,49.89,1528.53,2,1,0,0,0,1,0,0,0,0,0,1,0,0,1,0,0,0
173,93,43,7.51,29.86,67.8,2671.61,2,1,0,0,0,1,0,0,0,0,0,1,0,0,1,0,0,0
41,97,147,8.01,32.05,39.11,568.07,2,1,0,0,0,0,1,0,0,0,0,1,0,0,0,0,0,1
153,73,128,7.29,30.58,43.87,1987.88,2,1,0,0,0,0,1,0,0,0,0,1,0,0,0,0,0,1
169,30,73,6.39,34.53,57.01,1629.78,2,1,0,0,0,0,1,0,0,0,0,1,0,0,0,0,0,1
54,71,51,7.83,30.44,36.47,1411.59,2,1,0,0,0,0,1,0,0,0,0,1,0,0,0,0,0,1
174,41,149,7.1,17.68,48.81,2629.6,2,1,0,0,0,0,1,0,0,0,0,1,0,0,0,0,0,1
55,86,65,5.89,34.58,36.57,2639.78,2,1,0,0,0,0,1,0,0,0,0,1,0,0,0,0,0,1
176,99,22,7.06,37.76,64.14,2731.35,2,1,0,0,0,0,1,0,0,0,0,1,0,0,0,0,0,1
81,53,40,7.1,30.02,45.56,2009.79,2,1,0,0,0,0,1,0,0,0,0,1,0,0,0,0,0,1
162,34,82,6.37,11.69,37.88,592.04,2,1,0,0,0,0,1,0,0,0,0,1,0,0,0,0,0,1
165,97,71,7.72,38.26,71.24,2796.91,2,1,0,0,0,0,1,0,0,0,0,1,0,0,0,0,0,1
174,84,133,6.54,26.49,77.42,351.08,2,1,0,0,0,0,1,0,0,0,0,1,0,0,0,0,0,1
51,21,113,7.04,34.93,59.64,1668.58,2,1,0,0,0,0,1,0,0,0,0,1,0,0,0,0,0,1
34,95,59,6.91,14.6,42.3,2278.68,2,1,0,0,0,0,1,0,0,0,0,1,0,0,0,0,0,1
171,97,58,6.85,14.6,65.94,2010.2,2,1,0,0,0,0,1,0,0,0,0,1,0,0,0,0,0,1
108,92,98,5.72,30.86,65.14,1979.7,2,1,0,0,0,0,1,0,0,0,0,1,0,0,0,0,0,1
112,95,111,5.85,10.84,52.87,2368.15,2,1,0,0,0,0,1,0,0,0,0,1,0,0,0,0,0,1
173,57,121,6.59,13.54,58.05,1174.73,2,1,0,0,0,0,1,0,0,0,0,1,0,0,0,0,0,1
107,31,116,6.45,11.59,74.47,413.44,2,1,0,0,0,0,1,0,0,0,0,1,0,0,0,0,0,1
153,67,131,5.96,35.59,52.56,2151.75,2,1,0,0,0,0,1,0,0,0,0,1,0,0,0,0,0,1
136,88,23,6.96,23.66,47.89,607.98,2,1,0,0,0,0,1,0,0,0,0,1,0,0,0,0,0,1
103,97,99,7.7,13.63,36.61,962.19,2,1,0,0,0,0,1,0,0,0,0,1,0,0,0,0,0,1
56,37,147,8.08,32.64,77.91,2613.81,2,1,0,0,0,0,1,0,0,0,0,1,0,0,0,0,0,1
101,20,97,8.08,27.28,36.48,766.24,2,1,0,0,0,0,1,0,0,0,0,1,0,0,0,0,0,1
179,39,90,7.01,17.81,72.34,1735.21,2,1,0,0,0,0,1,0,0,0,0,1,0,0,0,0,0,1
110,99,125,4.88,11.39,61.38,915.4,2,1,0,0,0,0,1,0,0,0,0,1,0,0,0,0,0,1
102,45,101,7.65,18.25,40.62,590.52,2,1,0,0,0,0,1,0,0,0,0,1,0,0,0,0,0,1
111,21,23,5.14,27.07,34.94,1923.45,2,1,0,0,0,0,1,0,0,0,0,1,0,0,0,0,0,1
147,16,143,6.72,10.81,74.56,841.87,2,1,0,0,0,0,1,0,0,0,0,1,0,0,0,0,0,1
31,55,77,6.93,28.92,57.84,2727.64,2,1,0,0,0,0,1,0,0,0,0,1,0,0,0,0,0,1
120,50,98,5.17,28.36,63.01,2111.46,2,1,0,0,0,0,1,0,0,0,0,1,0,0,0,0,0,1
67,92,99,6.49,33.81,38.1,2414.71,2,1,0,0,0,0,1,0,0,0,0,1,0,0,0,0,0,1
160,93,146,4.84,32.03,68.94,367.37,2,1,0,0,0,0,1,0,0,0,0,1,0,0,0,0,0,1
100,26,63,7.82,33.52,86.82,900.07,2,1,0,0,0,0,1,0,0,0,0,1,0,0,0,0,0,1
152,79,125,6.46,37.23,83.07,1728.87,2,1,0,0,0,0,1,0,0,0,0,1,0,0,0,0,0,1
43,32,145,5.2,31.55,80.55,1013.95,2,1,0,0,0,0,0,1,0,0,0,1,0,1,0,0,0,0
176,39,115,7.48,28.74,57.03,2177.96,2,1,0,0,0,0,0,1,0,0,0,1,0,1,0,0,0,0
154,66,116,7.59,14.92,52.47,1094.16,2,1,0,0,0,0,0,1,0,0,0,1,0,1,0,0,0,0
39,30,149,5.4,21.34,58.95,2417.11,2,1,0,0,0,0,0,1,0,0,0,1,0,1,0,0,0,0
40,93,57,5.03,25.71,87.14,1286.32,2,1,0,0,0,0,0,1,0,0,0,1,0,1,0,0,0,0
122,87,43,7.77,32.4,67.97,2198.08,2,1,0,0,0,0,0,1,0,0,0,1,0,1,0,0,0,0
148,45,58,5.74,38.65,43.78,861.61,2,1,0,0,0,0,0,1,0,0,0,1,0,1,0,0,0,0
42,87,37,8.07,35.47,43.97,2764.93,2,1,0,0,0,0,0,1,0,0,0,1,0,1,0,0,0,0
71,99,70,6.44,32.19,56.44,667.81,2,1,0,0,0,0,0,1,0,0,0,1,0,1,0,0,0,0
32,22,26,8.14,24.82,34.3,1409.84,2,1,0,0,0,0,0,1,0,0,0,1,0,1,0,0,0,0
153,45,98,5.35,29.97,35.53,951.34,2,1,0,0,0,0,0,1,0,0,0,1,0,1,0,0,0,0
31,58,52,4.91,34.05,85.87,1204.91,2,1,0,0,0,0,0,1,0,0,0,1,0,1,0,0,0,0
166,61,83,6.53,28.14,76.27,1914.73,2,1,0,0,0,0,0,1,0,0,0,1,0,1,0,0,0,0
157,94,122,7.06,35.08,56.53,344.55,2,1,0,0,0,0,0,1,0,0,0,1,0,1,0,0,0,0
160,18,41,7.24,33.69,38.26,1242.58,2,1,0,0,0,0,0,1,0,0,0,1,0,1,0,0,0,0
166,93,54,7.46,21.75,63.89,502.97,2,1,0,0,0,0,0,1,0,0,0,1,0,1,0,0,0,0
178,80,122,4.99,21.26,77.46,2631.98,2,1,0,0,0,0,0,1,0,0,0,1,0,1,0,0,0,0
173,99,73,6.44,36.34,75.47,1592.62,2,1,0,0,0,0,0,1,0,0,0,1,0,1,0,0,0,0
152,52,141,7.1,35.24,88.13,2358.81,2,1,0,0,0,0,0,1,0,0,0,1,0,1,0,0,0,0
53,65,43,7.21,30.01,81.56,2110.23,2,1,0,0,0,0,0,1,0,0,0,1,0,1,0,0,0,0
116,31,104,8.18,36.74,35.28,986.95,2,1,0,0,0,0,0,1,0,0,0,1,0,1,0,0,0,0
112,94,58,7.48,17.66,81.58,463.78,2,1,0,0,0,0,0,1,0,0,0,1,0,1,0,0,0,0
141,65,20,7.84,33.46,68.79,998.54,2,1,0,0,0,0,0,1,0,0,0,1,0,1,0,0,0,0
72,65,125,7.5,25.22,30.64,1844.32,2,1,0,0,0,0,0,1,0,0,0,1,0,1,0,0,0,0
103,46,123,7.17,32.42,84.87,313.9,2,1,0,0,0,0,0,1,0,0,0,1,0,1,0,0,0,0
145,69,24,5.96,14.41,40.69,1064.25,2,1,0,0,0,0,0,1,0,0,0,1,0,1,0,0,0,0
56,45,124,6.03,38.24,52.71,1919.64,2,1,0,0,0,0,0,1,0,0,0,1,0,1,0,0,0,0
51,97,36,6.4,32.52,33.95,2552.55,2,1,0,0,0,0,0,1,0,0,0,1,0,1,0,0,0,0
126,68,52,5.35,33.45,89.31,2278.7,2,1,0,0,0,0,0,1,0,0,0,1,0,1,0,0,0,0
178,82,104,6.96,10.68,52.6,956.85,2,1,0,0,0,0,0,1,0,0,0,1,0,1,0,0,0,0
84,30,112,6.88,24.31,78.49,551.09,2,1,0,0,0,0,0,1,0,0,0,1,0,1,0,0,0,0
113,21,82,7.42,21.63,71.31,2504.5,2,1,0,0,0,0,0,1,0,0,0,1,0,1,0,0,0,0
92,57,101,4.91,38.45,67.21,810.28,2,1,0,0,0,0,0,1,0,0,0,1,0,1,0,0,0,0
157,71,82,7.82,15.01,78.84,1004.97,2,1,0,0,0,0,0,1,0,0,0,1,0,1,0,0,0,0
33,65,138,6.52,12.92,31.98,1424.81,2,1,0,0,0,0,0,1,0,0,0,1,0,1,0,0,0,0
83,20,119,6.26,18.53,55.97,951.98,2,1,0,0,1,0,0,0,0,0,0,0,1,0,1,0,0,0
103,20,32,7.41,18.08,89.24,792.46,2,1,0,0,1,0,0,0,0,0,0,0,1,0,1,0,0,0
163,61,98,7.18,15.3,38.13,1240.94,2,1,0,0,1,0,0,0,0,0,0,0,1,0,1,0,0,0
86,84,74,5.69,31.27,61.41,1318.26,2,1,0,0,1,0,0,0,0,0,0,0,1,0,1,0,0,0
58,70,24,6.41,15.47,42.25,2230.1,2,1,0,0,1,0,0,0,0,0,0,0,1,0,1,0,0,0
45,62,42,6.44,35.16,57.6,1651.62,2,1,0,0,1,0,0,0,0,0,0,0,1,0,1,0,0,0
102,90,72,6.3,15.81,87.28,2668.63,2,1,0,0,1,0,0,0,0,0,0,0,1,0,1,0,0,0
110,96,97,6.0,20.68,88.26,2479.7,2,1,0,0,1,0,0,0,0,0,0,0,1,0,1,0,0,0
56,35,55,5.73,10.55,38.53,938.16,2,1,0,0,1,0,0,0,0,0,0,0,1,0,1,0,0,0
102,21,143,7.15,10.11,69.94,2456.44,2,1,0,0,1,0,0,0,0,0,0,0,1,0,1,0,0,0
151,65,126,7.2,30.71,83.36,2055.91,2,1,0,0,1,0,0,0,0,0,0,0,1,0,1,0,0,0
137,66,90,5.13,25.93,50.13,2284.64,2,1,0,0,1,0,0,0,0,0,0,0,1,0,1,0,0,0
141,27,134,7.99,29.1,89.87,646.92,2,1,0,0,1,0,0,0,0,0,0,0,1,0,1,0,0,0
83,23,95,7.37,21.34,52.42,438.33,2,1,0,0,1,0,0,0,0,0,0,0,1,0,1,0,0,0
155,82,23,5.14,21.89,34.55,842.72,2,1,0,0,1,0,0,0,0,0,0,0,1,0,1,0,0,0
154,73,84,6.55,26.36,82.03,819.72,2,1,0,0,1,0,0,0,0,0,0,0,1,0,1,0,0,0
135,77,125,7.83,38.91,45.44,2112.99,2,1,0,0,1,0,0,0,0,0,0,0,1,0,1,0,0,0
73,97,80,7.56,22.93,41.21,2771.96,2,1,0,0,1,0,0,0,0,0,0,0,1,0,1,0,0,0
162,91,86,5.15,12.88,81.81,1473.08,2,1,0,0,1,0,0,0,0,0,0,0,1,0,1,0,0,0
54,68,36,6.9,18.76,43.02,1173.28,2,1,0,0,1,0,0,0,0,0,0,0,1,0,1,0,0,0
67,60,104,7.76,13.55,86.87,1203.77,2,1,0,0,1,0,0,0,0,0,0,0,1,0,1,0,0,0
78,75,39,6.87,13.19,70.85,1620.44,2,1,0,0,1,0,0,0,0,0,0,0,1,0,1,0,0,0
66,53,37,5.15,37.25,45.55,1509.8,2,1,0,0,1,0,0,0,0,0,0,0,1,0,1,0,0,0
43,26,96,5.23,23.3,69.88,521.98,2,1,0,0,1,0,0,0,0,0,0,0,1,0,1,0,0,0
106,45,28,6.73,20.48,32.15,1418.1,2,1,0,0,1,0,0,0,0,0,0,0,1,0,1,0,0,0
53,88,74,5.35,11.63,63.7,2083.26,2,1,0,0,1,0,0,0,0,0,0,0,1,0,1,0,0,0
36,43,146,7.42,17.52,68.32,539.84,2,1,0,0,1,0,0,0,0,0,0,0,1,0,1,0,0,0
114,39,78,7.0,11.16,52.94,942.76,2,1,0,0,1,0,0,0,0,0,0,0,1,0,1,0,0,0
152,26,28,5.74,12.51,54.12,339.96,2,1,0,0,1,0,0,0,0,0,0,0,1,0,1,0,0,0
73,96,114,7.75,34.9,38.66,1336.57,2,1,0,0,1,0,0,0,0,0,0,0,1,0,1,0,0,0
115,45,129,6.46,15.62,70.03,2502.81,2,1,0,0,0,1,0,0,0,0,0,0,1,0,1,0,0,0
177,39,25,7.38,37.42,75.88,2587.18,2,1,0,0,0,1,0,0,0,0,0,0,1,0,1,0,0,0
30,85,60,5.9,36.39,60.99,1479.72,2,1,0,0,0,1,0,0,0,0,0,0,1,0,1,0,0,0
110,83,64,5.18,19.47,44.61,1674.13,2,1,0,0,0,1,0,0,0,0,0,0,1,0,1,0,0,0
155,24,76,7.19,17.97,77.98,1979.79,2,1,0,0,0,1,0,0,0,0,0,0,1,0,1,0,0,0
32,74,65,7.73,14.41,83.86,2574.95,2,1,0,0,0,1,0,0,0,0,0,0,1,0,1,0,0,0
169,97,50,7.78,32.94,75.35,2070.09,2,1,0,0,0,1,0,0,0,0,0,0,1,0,1,0,0,0
132,60,130,6.55,33.94,70.12,406.76,2,1,0,0,0,1,0,0,0,0,0,0,1,0,1,0,0,0
103,91,97,8.12,39.56,53.13,1359.91,2,1,0,0,0,1,0,0,0,0,0,0,1,0,1,0,0,0
90,67,24,5.21,20.41,54.58,2013.38,2,1,0,0,0,1,0,0,0,0,0,0,1,0,1,0,0,0
116,34,36,6.81,11.75,61.97,995.74,2,1,0,0,0,1,0,0,0,0,0,0,1,0,1,0,0,0
89,46,91,8.09,39.62,46.47,2061.48,2,1,0,0,0,1,0,0,0,0,0,0,1,0,1,0,0,0
145,16,60,5.88,14.62,43.74,1222.52,2,1,0,0,0,1,0,0,0,0,0,0,1,0,1,0,0,0
164,41,24,6.44,38.6,80.79,1693.91,2,1,0,0,0,1,0,0,0,0,0,0,1,0,1,0,0,0
36,87,123,5.2,10.25,59.07,2605.51,2,1,0,0,0,1,0,0,0,0,0,0,1,0,1,0,0,0
140,58,101,7.67,24.1,38.13,2129.44,2,1,0,0,0,1,0,0,0,0,0,0,1,0,1,0,0,0
151,58,62,4.93,37.96,39.72,1903.61,2,1,0,0,0,1,0,0,0,0,0,0,1,0,1,0,0,0
49,58,144,7.12,39.85,87.44,515.09,2,1,0,0,0,1,0,0,0,0,0,0,1,0,1,0,0,0
81,85,112,7.31,37.93,89.54,1517.38,2,1,0,0,0,1,0,0,0,0,0,0,1,0,1,0,0,0
72,65,119,6.93,35.78,33.48,1894.57,2,1,0,0,0,1,0,0,0,0,0,0,1,0,1,0,0,0
34,72,96,5.51,35.54,30.6,479.54,2,1,0,0,0,1,0,0,0,0,0,0,1,0,1,0,0,0
31,41,97,6.63,17.34,71.0,1072.19,2,1,0,0,0,1,0,0,0,0,0,0,1,0,1,0,0,0
97,97,73,6.24,22.78,70.23,409.83,2,1,0,0,0,1,0,0,0,0,0,0,1,0,1,0,0,0
106,59,53,8.09,21.02,41.57,1679.72,2,1,0,0,0,1,0,0,0,0,0,0,1,0,1,0,0,0
128,72,111,7.07,35.22,88.09,1395.56,2,1,0,0,0,1,0,0,0,0,0,0,1,0,1,0,0,0
48,67,54,5.04,39.88,34.98,535.28,2,1,0,0,0,1,0,0,0,0,0,0,1,0,1,0,0,0
45,57,148,5.51,10.43,40.14,2533.83,2,1,0,0,0,1,0,0,0,0,0,0,1,0,1,0,0,0
52,74,143,8.04,36.08,33.26,2191.7,2,1,0,0,0,1,0,0,0,0,0,0,1,0,1,0,0,0
93,80,106,6.42,37.18,66.89,1770.06,2,1,0,0,0,1,0,0,0,0,0,0,1,0,1,0,0,0
33,76,104,8.15,38.35,57.59,2165.24,2,1,0,0,0,1,0,0,0,0,0,0,1,0,1,0,0,0
175,27,144,8.0,33.85,64.39,2374.68,2,1,0,0,0,1,0,0,0,0,0,0,1,0,1,0,0,0
109,58,33,7.8,33.06,58.92,1074.24,2,1,0,0,0,1,0,0,0,0,0,0,1,0,1,0,0,0
117,68,22,7.72,39.23,71.8,377.61,2,1,0,0,0,1,0,0,0,0,0,0,1,0,1,0,0,0
31,36,101,6.68,15.09,71.4,2126.87,2,1,0,0,0,0,1,0,0,0,0,0,1,0,0,0,1,0
55,64,61,6.3,39.81,44.5,2602.42,2,1,0,0,0,0,1,0,0,0,0,0,1,0,0,0,1,0
103,52,139,7.68,37.99,58.99,1388.83,2,1,0,0,0,0,1,0,0,0,0,0,1,0,0,0,1,0
88,74,121,5.94,24.42,38.86,2768.28,2,1,0,0,0,0,1,0,0,0,0,0,1,0,0,0,1,0
173,97,39,5.92,10.93,75.68,1177.72,2,1,0,0,0,0,1,0,0,0,0,0,1,0,0,0,1,0
166,69,95,7.76,35.85,89.49,1154.15,2,1,0,0,0,0,1,0,0,0,0,0,1,0,0,0,1,0
151,92,48,5.46,24.34,44.36,1611.9,2,1,0,0,0,0,1,0,0,0,0,0,1,0,0,0,1,0
87,25,82,7.27,28.63,84.8,719.69,2,1,0,0,0,0,1,0,0,0,0,0,1,0,0,0,1,0
33,99,42,6.84,37.39,52.07,779.32,2,1,0,0,0,0,1,0,0,0,0,0,1,0,0,0,1,0
85,66,82,7.13,36.66,42.2,2266.95,2,1,0,0,0,0,1,0,0,0,0,0,1,0,0,0,1,0
97,65,67,6.3,14.57,40.51,1257.94,2,1,0,0,0,0,1,0,0,0,0,0,1,0,0,0,1,0
114,45,100,4.92,38.57,43.73,1658.52,2,1,0,0,0,0,1,0,0,0,0,0,1,0,0,0,1,0
84,72,68,7.2,11.95,89.12,1051.77,2,1,0,0,0,0,1,0,0,0,0,0,1,0,0,0,1,0
172,75,121,6.56,23.82,78.72,429.7,2,1,0,0,0,0,1,0,0,0,0,0,1,0,0,0,1,0
124,96,75,5.92,22.09,82.81,2220.53,2,1,0,0,0,0,1,0,0,0,0,0,1,0,0,0,1,0
42,87,25,5.87,14.48,52.24,1094.74,2,1,0,0,0,0,1,0,0,0,0,0,1,0,0,0,1,0
157,18,41,6.66,16.88,48.3,726.38,2,1,0,0,0,0,1,0,0,0,0,0,1,0,0,0,1,0
73,38,73,6.0,32.5,89.35,1859.55,2,1,0,0,0,0,1,0,0,0,0,0,1,0,0,0,1,0
98,78,128,7.04,13.29,72.01,345.76,2,1,0,0,0,0,1,0,0,0,0,0,1,0,0,0,1,0
121,41,108,6.32,26.91,44.92,1959.09,2,1,0,0,0,0,1,0,0,0,0,0,1,0,0,0,1,0
44,77,28,5.49,15.53,47.23,1153.36,2,1,0,0,0,0,1,0,0,0,0,0,1,0,0,0,1,0
113,28,49,8.19,10.69,85.19,1047.56,2,1,0,0,0,0,1,0,0,0,0,0,1,0,0,0,1,0
133,64,100,5.25,19.4,69.64,772.82,2,1,0,0,0,0,1,0,0,0,0,0,1,0,0,0,1,0
163,16,125,6.03,24.02,32.46,365.51,2,1,0,0,0,0,1,0,0,0,0,0,1,0,0,0,1,0
90,99,106,6.86,23.49,44.29,2328.08,2,1,0,0,0,0,1,0,0,0,0,0,1,0,0,0,1,0
52,77,112,7.44,36.13,75.79,2111.86,2,1,0,0,0,0,1,0,0,0,0,0,1,0,0,0,1,0
51,71,58,5.22,30.45,37.46,1742.39,2,1,0,0,0,0,1,0,0,0,0,0,1,0,0,0,1,0
88,59,87,5.28,38.29,83.03,2092.18,2,1,0,0,0,0,1,0,0,0,0,0,1,0,0,0,1,0
149,77,74,5.73,26.05,78.28,702.8,2,1,0,0,0,0,1,0,0,0,0,0,1,0,0,0,1,0
151,87,124,7.2,34.67,44.2,2415.34,2,1,0,0,0,0,1,0,0,0,0,0,1,0,0,0,1,0
175,32,94,5.34,13.67,40.7,802.05,2,1,0,0,0,0,1,0,0,0,0,0,1,0,0,0,1,0
68,86,30,5.54,11.0,76.22,695.06,2,1,0,0,0,0,0,1,0,0,0,0,1,1,0,0,0,0
152,42,62,7.98,10.19,60.58,1876.1,2,1,0,0,0,0,0,1,0,0,0,0,1,1,0,0,0,0
89,96,49,7.68,29.81,69.9,650.98,2,1,0,0,0,0,0,1,0,0,0,0,1,1,0,0,0,0
97,72,127,5.26,15.01,46.55,811.01,2,1,0,0,0,0,0,1,0,0,0,0,1,1,0,0,0,0
122,40,42,4.94,35.16,38.33,2627.76,2,1,0,0,0,0,0,1,0,0,0,0,1,1,0,0,0,0
165,49,32,5.48,35.74,49.05,793.31,2,1,0,0,0,0,0,1,0,0,0,0,1,1,0,0,0,0
147,54,143,8.17,10.37,83.14,1019.63,2,1,0,0,0,0,0,1,0,0,0,0,1,1,0,0,0,0
173,94,106,8.02,39.89,85.38,426.76,2,1,0,0,0,0,0,1,0,0,0,0,1,1,0,0,0,0
118,82,149,7.09,31.26,30.28,669.8,2,1,0,0,0,0,0,1,0,0,0,0,1,1,0,0,0,0
50,87,50,5.14,31.78,39.27,819.88,2,1,0,0,0,0,0,1,0,0,0,0,1,1,0,0,0,0
121,69,129,7.47,35.54,32.95,2214.37,2,1,0,0,0,0,0,1,0,0,0,0,1,1,0,0,0,0
145,21,67,4.98,39.18,45.02,2114.77,2,1,0,0,0,0,0,1,0,0,0,0,1,1,0,0,0,0
121,40,35,6.44,14.0,51.52,1858.41,2,1,0,0,0,0,0,1,0,0,0,0,1,1,0,0,0,0
143,27,52,7.09,34.04,69.08,2192.46,2,1,0,0,0,0,0,1,0,0,0,0,1,1,0,0,0,0
158,96,92,6.83,11.89,67.76,929.16,2,1,0,0,0,0,0,1,0,0,0,0,1,1,0,0,0,0
87,51,23,6.5,31.02,70.3,2279.88,2,1,0,0,0,0,0,1,0,0,0,0,1,1,0,0,0,0
137,83,134,6.26,23.76,50.08,1486.28,2,1,0,0,0,0,0,1,0,0,0,0,1,1,0,0,0,0
51,98,44,7.38,22.04,51.26,781.63,2,1,0,0,0,0,0,1,0,0,0,0,1,1,0,0,0,0
106,80,145,4.99,37.03,71.01,1348.67,2,1,0,0,0,0,0,1,0,0,0,0,1,1,0,0,0,0
125,37,57,5.83,32.54,51.78,2747.11,2,1,0,0,0,0,0,1,0,0,0,0,1,1,0,0,0,0
60,62,23,6.55,32.35,42.2,685.58,2,1,0,0,0,0,0,1,0,0,0,0,1,1,0,0,0,0
30,56,101,7.31,33.46,77.36,2741.12,2,1,0,0,0,0,0,1,0,0,0,0,1,1,0,0,0,0
119,27,47,6.9,37.59,55.46,789.05,2,1,0,0,0,0,0,1,0,0,0,0,1,1,0,0,0,0
107,59,108,5.06,26.46,50.83,2006.94,2,1,0,0,0,0,0,1,0,0,0,0,1,1,0,0,0,0
175,51,121,5.92,23.75,86.28,768.74,2,1,0,0,0,0,0,1,0,0,0,0,1,1,0,0,0,0
174,33,99,8.15,24.27,33.37,312.86,2,1,0,0,0,0,0,1,0,0,0,0,1,1,0,0,0,0
33,93,99,6.65,10.19,48.58,2014.77,2,1,0,0,0,0,0,1,0,0,0,0,1,1,0,0,0,0
125,25,47,7.48,16.54,40.07,1360.39,2,1,0,0,0,0,0,1,0,0,0,0,1,1,0,0,0,0
106,51,117,6.99,39.88,39.75,969.14,2,1,0,0,0,0,0,1,0,0,0,0,1,1,0,0,0,0
140,76,86,7.36,35.1,53.41,1230.9,2,1,0,0,0,0,0,1,0,0,0,0,1,1,0,0,0,0
154,91,130,5.44,12.55,40.59,1205.64,2,1,0,0,0,0,0,1,0,0,0,0,1,1,0,0,0,0
129,28,136,5.83,30.45,53.46,2788.31,2,1,0,0,0,0,0,1,0,0,0,0,1,1,0,0,0,0
134,35,116,7.58,12.1,59.8,454.89,2,0,1,0,1,0,0,0,1,0,0,0,0,0,1,0,0,0
141,82,74,5.48,31.8,46.89,1392.23,2,0,1,0,1,0,0,0,1,0,0,0,0,0,1,0,0,0
146,19,62,5.91,32.73,85.52,2518.23,2,0,1,0,1,0,0,0,1,0,0,0,0,0,1,0,0,0
33,17,68,5.49,10.58,78.53,1328.46,2,0,1,0,1,0,0,0,1,0,0,0,0,0,1,0,0,0
116,20,34,6.96,20.92,33.59,2132.24,2,0,1,0,1,0,0,0,1,0,0,0,0,0,1,0,0,0
103,63,59,5.91,29.99,68.84,846.26,2,0,1,0,1,0,0,0,1,0,0,0,0,0,1,0,0,0
77,56,22,6.27,20.75,67.96,2721.08,2,0,1,0,1,0,0,0,1,0,0,0,0,0,1,0,0,0
112,51,111,6.8,34.9,32.38,1054.11,2,0,1,0,1,0,0,0,1,0,0,0,0,0,1,0,0,0
62,89,26,6.87,11.24,84.3,611.66,2,0,1,0,1,0,0,0,1,0,0,0,0,0,1,0,0,0
163,20,76,5.44,28.61,49.48,637.71,2,0,1,0,1,0,0,0,1,0,0,0,0,0,1,0,0,0
176,37,85,5.2,21.98,42.45,925.64,2,0,1,0,1,0,0,0,1,0,0,0,0,0,1,0,0,0
74,44,95,7.09,26.68,75.77,2491.19,2,0,1,0,1,0,0,0,1,0,0,0,0,0,1,0,0,0
130,77,42,6.42,26.14,71.63,451.66,2,0,1,0,1,0,0,0,1,0,0,0,0,0,1,0,0,0
178,33,91,7.07,39.81,43.36,1367.09,2,0,1,0,1,0,0,0,1,0,0,0,0,0,1,0,0,0
106,35,103,7.16,12.76,46.48,864.94,2,0,1,0,1,0,0,0,1,0,0,0,0,0,1,0,0,0
118,55,123,4.83,16.74,47.46,1575.31,2,0,1,0,1,0,0,0,1,0,0,0,0,0,1,0,0,0
83,95,57,5.24,35.81,70.61,1218.57,2,0,1,0,1,0,0,0,1,0,0,0,0,0,1,0,0,0
102,30,53,6.21,21.31,79.6,677.04,2,0,1,0,1,0,0,0,1,0,0,0,0,0,1,0,0,0
78,80,127,5.26,23.06,42.82,681.06,2,0,1,0,1,0,0,0,1,0,0,0,0,0,1,0,0,0
50,27,110,7.01,19.83,88.52,1691.73,2,0,1,0,1,0,0,0,1,0,0,0,0,0,1,0,0,0
153,52,113,7.57,14.17,62.94,1646.02,2,0,1,0,1,0,0,0,1,0,0,0,0,0,1,0,0,0
96,89,94,6.43,26.09,65.37,1421.94,2,0,1,0,1,0,0,0,1,0,0,0,0,0,1,0,0,0
127,85,94,5.21,15.73,48.19,1275.6,2,0,1,0,1,0,0,0,1,0,0,0,0,0,1,0,0,0
30,80,67,5.27,20.68,59.7,706.24,2,0,1,0,1,0,0,0,1,0,0,0,0,0,1,0,0,0
82,19,71,6.55,39.85,34.38,779.75,2,0,1,0,1,0,0,0,1,0,0,0,0,0,1,0,0,0
112,83,71,5.36,24.23,56.35,1381.18,2,0,1,0,1,0,0,0,1,0,0,0,0,0,1,0,0,0
90,55,77,5.54,14.57,76.6,1922.72,2,0,1,0,1,0,0,0,1,0,0,0,0,0,1,0,0,0
88,46,108,8.0,27.02,68.77,1524.97,2,0,1,0,1,0,0,0,1,0,0,0,0,0,1,0,0,0
40,70,124,7.66,33.75,79.84,2272.73,2,0,1,0,1,0,0,0,1,0,0,0,0,0,1,0,0,0
77,23,92,5.05,10.45,35.52,1300.79,2,0,1,0,1,0,0,0,1,0,0,0,0,0,1,0,0,0
109,72,119,5.73,36.85,88.11,467.41,2,0,1,0,1,0,0,0,1,0,0,0,0,0,1,0,0,0
75,83,90,6.34,15.53,55.84,587.29,2,0,1,0,0,1,0,0,1,0,0,0,0,0,1,0,0,0
37,96,30,7.11,17.19,75.19,1948.41,2,0,1,0,0,1,0,0,1,0,0,0,0,0,1,0,0,0
175,22,79,6.51,20.31,37.41,2010.63,2,0,1,0,0,1,0,0,1,0,0,0,0,0,1,0,0,0
114,49,142,5.78,38.72,58.96,490.32,2,0,1,0,0,1,0,0,1,0,0,0,0,0,1,0,0,0
159,22,111,6.31,22.39,31.62,2698.88,2,0,1,0,0,1,0,0,1,0,0,0,0,0,1,0,0,0
34,48,100,6.02,38.91,66.77,1081.51,2,0,1,0,0,1,0,0,1,0,0,0,0,0,1,0,0,0
175,42,46,5.38,12.37,82.78,1317.41,2,0,1,0,0,1,0,0,1,0,0,0,0,0,1,0,0,0
53,94,109,7.09,36.11,70.31,674.86,2,0,1,0,0,1,0,0,1,0,0,0,0,0,1,0,0,0
68,41,33,7.18,11.93,39.09,356.3,2,0,1,0,0,1,0,0,1,0,0,0,0,0,1,0,0,0
93,69,147,6.07,28.08,32.56,1726.77,2,0,1,0,0,1,0,0,1,0,0,0,0,0,1,0,0,0
35,17,52,6.19,13.23,32.33,784.87,2,0,1,0,0,1,0,0,1,0,0,0,0,0,1,0,0,0
176,23,60,7.18,28.67,36.8,2565.58,2,0,1,0,0,1,0,0,1,0,0,0,0,0,1,0,0,0
82,42,118,5.3,34.3,75.52,1861.63,2,0,1,0,0,1,0,0,1,0,0,0,0,0,1,0,0,0
94,33,131,8.17,12.27,84.82,1060.02,2,0,1,0,0,1,0,0,1,0,0,0,0,0,1,0,0,0
97,65,108,4.92,11.77,89.01,2313.18,2,0,1,0,0,1,0,0,1,0,0,0,0,0,1,0,0,0
53,87,63,7.41,18.15,70.66,2161.31,2,0,1,0,0,1,0,0,1,0,0,0,0,0,1,0,0,0
59,86,60,5.24,17.54,58.07,1444.87,2,0,1,0,0,1,0,0,1,0,0,0,0,0,1,0,0,0
77,64,36,6.26,33.13,46.83,543.37,2,0,1,0,0,1,0,0,1,0,0,0,0,0,1,0,0,0
151,82,144,5.01,36.78,71.84,1956.08,2,0,1,0,0,1,0,0,1,0,0,0,0,0,1,0,0,0
159,32,30,7.83,12.74,83.76,1919.75,2,0,1,0,0,1,0,0,1,0,0,0,0,0,1,0,0,0
102,91,122,6.19,27.87,37.56,1701.01,2,0,1,0,0,1,0,0,1,0,0,0,0,0,1,0,0,0
40,59,34,6.91,11.08,38.27,2394.09,2,0,1,0,0,1,0,0,1,0,0,0,0,0,1,0,0,0
173,52,120,5.78,28.01,76.13,2247.33,2,0,1,0,0,1,0,0,1,0,0,0,0,0,1,0,0,0
89,81,83,7.73,17.5,31.35,2022.34,2,0,1,0,0,0,1,0,1,0,0,0,0,0,0,0,0,1
170,88,83,6.9,12.42,49.0,901.22,2,0,1,0,0,0,1,0,1,0,0,0,0,0,0,0,0,1
168,25,31,5.78,20.35,37.39,1128.09,2,0,1,0,0,0,1,0,1,0,0,0,0,0,0,0,0,1
98,92,67,7.01,19.6,49.93,1907.7,2,0,1,0,0,0,1,0,1,0,0,0,0,0,0,0,0,1
40,30,97,8.13,20.39,40.81,2000.59,2,0,1,0,0,0,1,0,1,0,0,0,0,0,0,0,0,1
57,93,49,6.32,29.07,69.3,1652.01,2,0,1,0,0,0,1,0,1,0,0,0,0,0,0,0,0,1
148,87,89,6.08,16.95,60.22,2461.42,2,0,1,0,0,0,1,0,1,0,0,0,0,0,0,0,0,1
31,35,119,5.24,18.2,86.01,1509.69,2,0,1,0,0,0,1,0,1,0,0,0,0,0,0,0,0,1
94,84,130,5.27,39.84,35.36,1938.26,2,0,1,0,0,0,1,0,1,0,0,0,0,0,0,0,0,1
56,50,142,6.43,28.4,67.03,1990.12,2,0,1,0,0,0,1,0,1,0,0,0,0,0,0,0,0,1
77,92,31,6.14,24.36,32.11,1456.24,2,0,1,0,0,0,1,0,1,0,0,0,0,0,0,0,0,1
106,32,93,6.94,26.66,79.84,1037.62,2,0,1,0,0,0,1,0,1,0,0,0,0,0,0,0,0,1
137,81,77,6.03,11.08,76.55,1120.3,2,0,1,0,0,0,1,0,1,0,0,0,0,0,0,0,0,1
177,97,46,8.11,37.99,71.6,2174.74,2,0,1,0,0,0,1,0,1,0,0,0,0,0,0,0,0,1
145,73,49,8.04,36.18,44.98,2633.65,2,0,1,0,0,0,1,0,1,0,0,0,0,0,0,0,0,1
56,16,133,6.96,23.75,80.67,1406.7,2,0,1,0,0,0,1,0,1,0,0,0,0,0,0,0,0,1
143,43,148,6.64,13.16,78.32,2708.09,2,0,1,0,0,0,1,0,1,0,0,0,0,0,0,0,0,1
154,38,79,7.54,15.54,69.14,735.59,2,0,1,0,0,0,1,0,1,0,0,0,0,0,0,0,0,1
91,70,146,5.53,28.41,86.38,350.07,2,0,1,0,0,0,1,0,1,0,0,0,0,0,0,0,0,1
69,94,105,8.0,21.76,83.22,780.92,2,0,1,0,0,0,1,0,1,0,0,0,0,0,0,0,0,1
55,33,41,5.19,24.98,85.36,2203.39,2,0,1,0,0,0,1,0,1,0,0,0,0,0,0,0,0,1
90,29,147,6.41,15.89,69.88,1973.68,2,0,1,0,0,0,1,0,1,0,0,0,0,0,0,0,0,1
97,26,125,7.2,34.18,30.91,1732.31,2,0,1,0,0,0,1,0,1,0,0,0,0,0,0,0,0,1
178,40,138,5.21,24.69,61.51,1364.52,2,0,1,0,0,0,1,0,1,0,0,0,0,0,0,0,0,1
44,20,44,7.57,14.76,80.98,2167.82,2,0,1,0,0,0,1,0,1,0,0,0,0,0,0,0,0,1
31,71,62,5.03,15.12,33.15,1373.26,2,0,1,0,0,0,1,0,1,0,0,0,0,0,0,0,0,1
62,81,114,4.8,12.91,87.09,523.92,2,0,1,0,0,0,1,0,1,0,0,0,0,0,0,0,0,1
42,78,121,5.85,23.62,88.87,1493.85,2,0,1,0,0,0,1,0,1,0,0,0,0,0,0,0,0,1
71,22,30,7.29,36.63,57.01,433.12,2,0,1,0,0,0,1,0,1,0,0,0,0,0,0,0,0,1
128,52,76,7.51,32.97,63.8,1836.52,2,0,1,0,0,0,0,1,1,0,0,0,0,1,0,0,0,0
126,66,68,5.37,20.61,51.56,899.29,2,0,1,0,0,0,0,1,1,0,0,0,0,1,0,0,0,0
62,46,63,4.86,16.24,77.82,1761.94,2,0,1,0,0,0,0,1,1,0,0,0,0,1,0,0,0,0
136,95,129,7.87,37.6,81.42,2635.27,2,0,1,0,0,0,0,1,1,0,0,0,0,1,0,0,0,0
78,30,28,6.24,24.58,32.71,2781.6,2,0,1,0,0,0,0,1,1,0,0,0,0,1,0,0,0,0
169,47,56,6.93,13.08,89.42,1744.9,2,0,1,0,0,0,0,1,1,0,0,0,0,1,0,0,0,0
105,49,147,5.28,22.84,50.13,466.84,2,0,1,0,0,0,0,1,1,0,0,0,0,1,0,0,0,0
93,45,92,6.45,24.07,77.98,2263.83,2,0,1,0,0,0,0,1,1,0,0,0,0,1,0,0,0,0
100,25,70,8.02,35.34,81.34,308.44,2,0,1,0,0,0,0,1,1,0,0,0,0,1,0,0,0,0
79,60,120,5.72,20.41,75.57,2061.41,2,0,1,0,0,0,0,1,1,0,0,0,0,1,0,0,0,0
44,67,27,5.5,14.23,30.99,2139.12,2,0,1,0,0,0,0,1,1,0,0,0,0,1,0,0,0,0
138,71,49,7.29,14.02,86.38,988.76,2,0,1,0,0,0,0,1,1,0,0,0,0,1,0,0,0,0
169,59,85,8.13,37.74,65.66,1707.81,2,0,1,0,0,0,0,1,1,0,0,0,0,1,0,0,0,0
97,34,120,6.53,30.97,61.87,1814.81,2,0,1,0,0,0,0,1,1,0,0,0,0,1,0,0,0,0
45,22,35,6.11,22.92,71.69,804.0,2,0,1,0,0,0,0,1,1,0,0,0,0,1,0,0,0,0
82,95,112,6.66,11.37,46.74,774.85,2,0,1,0,0,0,0,1,1,0,0,0,0,1,0,0,0,0
48,31,134,5.68,34.53,55.03,1876.24,2,0,1,0,0,0,0,1,1,0,0,0,0,1,0,0,0,0
167,33,87,4.82,16.09,57.45,2487.2,2,0,1,0,0,0,0,1,1,0,0,0,0,1,0,0,0,0
84,68,123,7.7,39.95,41.35,1714.26,2,0,1,0,0,0,0,1,1,0,0,0,0,1,0,0,0,0
71,73,34,6.24,17.19,37.44,1303.72,2,0,1,0,0,0,0,1,1,0,0,0,0,1,0,0,0,0
59,37,111,7.36,27.52,66.77,1613.86,2,0,1,0,0,0,0,1,1,0,0,0,0,1,0,0,0,0
167,61,47,6.6,13.96,80.46,774.24,2,0,1,0,0,0,0,1,1,0,0,0,0,1,0,0,0,0
146,81,25,5.96,10.5,77.41,2598.88,2,0,1,0,0,0,0,1,1,0,0,0,0,1,0,0,0,0
133,28,45,7.83,23.14,76.71,835.57,2,0,1,0,0,0,0,1,1,0,0,0,0,1,0,0,0,0
30,88,20,4.86,15.57,78.41,1332.81,2,0,1,0,0,0,0,1,1,0,0,0,0,1,0,0,0,0
58,79,138,6.19,37.84,35.05,544.9,2,0,1,0,1,0,0,0,0,1,0,0,0,1,0,0,0,0
103,79,99,4.84,18.55,33.5,1733.52,2,0,1,0,1,0,0,0,0,1,0,0,0,1,0,0,0,0
102,56,132,5.3,14.31,67.02,1903.87,2,0,1,0,1,0,0,0,0,1,0,0,0,1,0,0,0,0
59,30,104,5.56,23.52,30.61,339.79,2,0,1,0,1,0,0,0,0,1,0,0,0,1,0,0,0,0
175,59,28,7.52,37.87,89.42,1973.41,2,0,1,0,1,0,0,0,0,1,0,0,0,1,0,0,0,0
95,22,79,7.72,32.46,61.91,2000.5,2,0,1,0,1,0,0,0,0,1,0,0,0,1,0,0,0,0
131,22,106,5.66,12.89,79.59,2745.44,2,0,1,0,1,0,0,0,0,1,0,0,0,1,0,0,0,0
160,82,124,6.77,12.49,38.62,860.96,2,0,1,0,1,0,0,0,0,1,0,0,0,1,0,0,0,0
135,91,124,5.48,38.7,71.87,394.46,2,0,1,0,1,0,0,0,0,1,0,0,0,1,0,0,0,0
47,81,33,5.88,16.18,39.56,1727.02,2,0,1,0,1,0,0,0,0,1,0,0,0,1,0,0,0,0
106,40,147,7.97,38.06,46.79,1491.42,2,0,1,0,1,0,0,0,0,1,0,0,0,1,0,0,0,0
68,56,131,4.8,15.87,85.68,1654.25,2,0,1,0,1,0,0,0,0,1,0,0,0,1,0,0,0,0
144,22,57,6.2,18.61,34.3,1713.85,2,0,1,0,1,0,0,0,0,1,0,0,0,1,0,0,0,0
103,32,98,7.06,22.72,65.65,341.66,2,0,1,0,1,0,0,0,0,1,0,0,0,1,0,0,0,0
166,35,50,6.61,33.34,41.9,649.94,2,0,1,0,1,0,0,0,0,1,0,0,0,1,0,0,0,0
129,17,109,7.88,12.88,62.1,2734.99,2,0,1,0,1,0,0,0,0,1,0,0,0,1,0,0,0,0
34,48,98,7.96,14.72,89.78,1831.32,2,0,1,0,1,0,0,0,0,1,0,0,0,1,0,0,0,0
94,60,87,4.89,12.84,79.46,1502.37,2,0,1,0,1,0,0,0,0,1,0,0,0,1,0,0,0,0
116,15,125,7.99,21.59,46.74,1120.85,2,0,1,0,1,0,0,0,0,1,0,0,0,1,0,0,0,0
95,18,99,6.52,23.54,78.99,2155.8,2,0,1,0,1,0,0,0,0,1,0,0,0,1,0,0,0,0
148,42,104,7.4,38.88,82.72,2468.5,2,0,1,0,1,0,0,0,0,1,0,0,0,1,0,0,0,0
143,75,147,6.24,20.31,76.92,2321.8,2,0,1,0,1,0,0,0,0,1,0,0,0,1,0,0,0,0
174,16,48,5.18,37.85,57.09,2387.92,2,0,1,0,1,0,0,0,0,1,0,0,0,1,0,0,0,0
116,86,143,7.53,11.28,43.39,705.3,2,0,1,0,1,0,0,0,0,1,0,0,0,1,0,0,0,0
91,74,128,6.15,12.44,47.35,1361.74,2,0,1,0,0,1,0,0,0,1,0,0,0,1,0,0,0,0
67,27,87,6.43,29.72,62.87,884.93,2,0,1,0,0,1,0,0,0,1,0,0,0,1,0,0,0,0
123,15,101,6.99,20.73,30.65,752.89,2,0,1,0,0,1,0,0,0,1,0,0,0,1,0,0,0,0
75,44,29,5.72,19.67,58.87,1720.57,2,0,1,0,0,1,0,0,0,1,0,0,0,1,0,0,0,0
73,78,33,5.79,14.25,78.46,1731.34,2,0,1,0,0,1,0,0,0,1,0,0,0,1,0,0,0,0
170,84,41,6.66,12.84,72.59,1840.54,2,0,1,0,0,1,0,0,0,1,0,0,0,1,0,0,0,0
139,94,133,5.95,35.44,59.02,663.73,2,0,1,0,0,1,0,0,0,1,0,0,0,1,0,0,0,0
33,79,35,7.57,18.83,79.06,1314.75,2,0,1,0,0,1,0,0,0,1,0,0,0,1,0,0,0,0
45,49,111,7.23,32.94,71.63,1473.63,2,0,1,0,0,1,0,0,0,1,0,0,0,1,0,0,0,0
96,19,114,5.58,24.27,46.82,2503.95,2,0,1,0,0,1,0,0,0,1,0,0,0,1,0,0,0,0
114,32,55,6.64,14.47,69.29,2302.83,2,0,1,0,0,1,0,0,0,1,0,0,0,1,0,0,0,0
150,77,91,6.51,31.8,79.33,2228.2,2,0,1,0,0,1,0,0,0,1,0,0,0,1,0,0,0,0
177,60,58,6.29,11.33,48.13,1401.31,2,0,1,0,0,1,0,0,0,1,0,0,0,1,0,0,0,0
58,98,42,6.47,35.25,78.98,2758.3,2,0,1,0,0,1,0,0,0,1,0,0,0,1,0,0,0,0
133,72,50,7.69,15.4,30.11,2240.09,2,0,1,0,0,1,0,0,0,1,0,0,0,1,0,0,0,0
159,34,24,6.66,36.67,71.9,1940.81,2,0,1,0,0,1,0,0,0,1,0,0,0,1,0,0,0,0
99,50,133,5.86,21.01,82.48,1748.55,2,0,1,0,0,1,0,0,0,1,0,0,0,1,0,0,0,0
125,28,101,7.6,37.38,63.31,1574.52,2,0,1,0,0,1,0,0,0,1,0,0,0,1,0,0,0,0
42,91,30,7.09,35.06,83.24,1580.98,2,0,1,0,0,1,0,0,0,1,0,0,0,1,0,0,0,0
89,96,96,7.93,29.53,51.6,464.41,2,0,1,0,0,1,0,0,0,1,0,0,0,1,0,0,0,0
116,63,35,7.6,14.98,41.38,2694.25,2,0,1,0,0,1,0,0,0,1,0,0,0,1,0,0,0,0
152,55,54,7.69,23.72,66.21,511.22,2,0,1,0,0,1,0,0,0,1,0,0,0,1,0,0,0,0
172,50,72,7.89,35.12,76.38,430.1,2,0,1,0,0,1,0,0,0,1,0,0,0,1,0,0,0,0
79,17,51,5.38,22.67,68.02,1794.27,2,0,1,0,0,1,0,0,0,1,0,0,0,1,0,0,0,0
80,19,56,5.3,25.98,33.0,2283.68,2,0,1,0,0,1,0,0,0,1,0,0,0,1,0,0,0,0
86,99,31,5.2,31.78,57.41,919.12,2,0,1,0,0,1,0,0,0,1,0,0,0,1,0,0,0,0
128,64,22,7.53,32.59,36.56,1055.47,2,0,1,0,0,1,0,0,0,1,0,0,0,1,0,0,0,0
104,30,38,7.05,32.55,83.93,2546.47,2,0,1,0,0,1,0,0,0,1,0,0,0,1,0,0,0,0
61,99,79,5.84,12.64,52.6,2105.98,2,0,1,0,0,1,0,0,0,1,0,0,0,1,0,0,0,0
117,24,120,6.57,34.47,79.53,960.68,2,0,1,0,0,1,0,0,0,1,0,0,0,1,0,0,0,0
113,54,70,8.05,20.67,58.02,2477.15,2,0,1,0,0,1,0,0,0,1,0,0,0,1,0,0,0,0
160,58,28,5.62,36.75,33.94,2667.04,2,0,1,0,0,1,0,0,0,1,0,0,0,1,0,0,0,0
173,81,104,7.96,16.62,73.27,2001.87,2,0,1,0,0,1,0,0,0,1,0,0,0,1,0,0,0,0
83,66,140,8.16,20.01,33.46,361.23,2,0,1,0,0,1,0,0,0,1,0,0,0,1,0,0,0,0
107,24,34,6.02,18.54,73.02,2436.3,2,0,1,0,0,1,0,0,0,1,0,0,0,1,0,0,0,0
135,42,34,5.4,27.1,34.42,1539.59,2,0,1,0,0,1,0,0,0,1,0,0,0,1,0,0,0,0
145,81,140,6.95,20.43,49.09,2080.06,2,0,1,0,0,0,1,0,0,1,0,0,0,0,0,0,0,1
115,25,44,5.85,37.23,62.36,1939.92,2,0,1,0,0,0,1,0,0,1,0,0,0,0,0,0,0,1
108,76,36,5.92,38.7,68.5,1611.68,2,0,1,0,0,0,1,0,0,1,0,0,0,0,0,0,0,1
144,80,106,5.22,35.51,62.75,2149.12,2,0,1,0,0,0,1,0,0,1,0,0,0,0,0,0,0,1
166,75,148,6.51,38.86,49.52,1824.52,2,0,1,0,0,0,1,0,0,1,0,0,0,0,0,0,0,1
33,38,148,7.64,38.93,62.31,2533.2,2,0,1,0,0,0,1,0,0,1,0,0,0,0,0,0,0,1
66,80,43,4.89,29.88,68.02,1405.44,2,0,1,0,0,0,1,0,0,1,0,0,0,0,0,0,0,1
55,60,106,7.28,37.88,74.12,1998.97,2,0,1,0,0,0,1,0,0,1,0,0,0,0,0,0,0,1
174,53,142,7.52,15.6,80.92,2527.9,2,0,1,0,0,0,1,0,0,1,0,0,0,0,0,0,0,1
128,59,63,7.56,38.88,47.64,1596.98,2,0,1,0,0,0,1,0,0,1,0,0,0,0,0,0,0,1
61,32,129,7.16,13.56,49.63,2518.99,2,0,1,0,0,0,1,0,0,1,0,0,0,0,0,0,0,1
42,96,37,6.46,25.64,71.26,877.22,2,0,1,0,0,0,1,0,0,1,0,0,0,0,0,0,0,1
42,70,22,5.91,23.2,35.63,2438.22,2,0,1,0,0,0,1,0,0,1,0,0,0,0,0,0,0,1
132,94,148,5.96,39.13,80.89,676.0,2,0,1,0,0,0,1,0,0,1,0,0,0,0,0,0,0,1
86,72,94,6.46,21.03,76.75,1003.71,2,0,1,0,0,0,1,0,0,1,0,0,0,0,0,0,0,1
125,55,97,5.31,37.09,50.84,1243.58,2,0,1,0,0,0,1,0,0,1,0,0,0,0,0,0,0,1
141,85,70,7.0,37.6,40.15,2156.28,2,0,1,0,0,0,1,0,0,1,0,0,0,0,0,0,0,1
99,72,39,5.58,20.11,44.56,1981.8,2,0,1,0,0,0,1,0,0,1,0,0,0,0,0,0,0,1
139,71,46,5.66,14.21,67.96,1839.4,2,0,1,0,0,0,1,0,0,1,0,0,0,0,0,0,0,1
135,45,64,5.99,26.73,87.28,956.7,2,0,1,0,0,0,1,0,0,1,0,0,0,0,0,0,0,1
59,44,21,7.64,19.02,63.8,2593.66,2,0,1,0,0,0,1,0,0,1,0,0,0,0,0,0,0,1
154,35,79,6.81,24.92,86.13,1154.44,2,0,1,0,0,0,1,0,0,1,0,0,0,0,0,0,0,1
78,94,106,7.0,25.61,65.28,713.94,2,0,1,0,0,0,1,0,0,1,0,0,0,0,0,0,0,1
126,46,112,7.99,37.21,59.59,2104.97,2,0,1,0,0,0,1,0,0,1,0,0,0,0,0,0,0,1
132,83,148,7.46,14.92,87.21,2433.33,2,0,1,0,0,0,0,1,0,1,0,0,0,1,0,0,0,0
58,92,104,6.1,21.86,80.2,637.27,2,0,1,0,0,0,0,1,0,1,0,0,0,1,0,0,0,0
46,43,83,5.26,18.37,32.93,844.49,2,0,1,0,0,0,0,1,0,1,0,0,0,1,0,0,0,0
132,66,105,6.8,10.05,50.93,993.86,2,0,1,0,0,0,0,1,0,1,0,0,0,1,0,0,0,0
109,57,102,6.92,20.44,71.54,1798.33,2,0,1,0,0,0,0,1,0,1,0,0,0,1,0,0,0,0
123,71,32,7.17,18.37,84.65,2481.67,2,0,1,0,0,0,0,1,0,1,0,0,0,1,0,0,0,0
65,80,46,5.53,39.76,36.37,815.19,2,0,1,0,0,0,0,1,0,1,0,0,0,1,0,0,0,0
137,96,34,5.75,20.47,88.37,508.05,2,0,1,0,0,0,0,1,0,1,0,0,0,1,0,0,0,0
176,60,103,5.1,10.16,44.91,2396.78,2,0,1,0,0,0,0,1,0,1,0,0,0,1,0,0,0,0
117,93,100,7.95,29.99,64.66,671.35,2,0,1,0,0,0,0,1,0,1,0,0,0,1,0,0,0,0
94,20,146,5.57,39.44,31.34,2753.07,2,0,1,0,0,0,0,1,0,1,0,0,0,1,0,0,0,0
129,59,138,6.27,26.64,66.23,2131.13,2,0,1,0,0,0,0,1,0,1,0,0,0,1,0,0,0,0
123,56,74,5.87,37.4,67.62,492.93,2,0,1,0,0,0,0,1,0,1,0,0,0,1,0,0,0,0
105,40,134,4.94,11.96,38.89,982.98,2,0,1,0,0,0,0,1,0,1,0,0,0,1,0,0,0,0
74,57,29,5.2,21.44,44.55,2238.52,2,0,1,0,0,0,0,1,0,1,0,0,0,1,0,0,0,0
95,88,119,7.14,13.36,89.32,2597.01,2,0,1,0,0,0,0,1,0,1,0,0,0,1,0,0,0,0
76,75,94,5.71,24.2,64.21,725.37,2,0,1,0,0,0,0,1,0,1,0,0,0,1,0,0,0,0
104,98,104,6.63,38.42,53.59,2772.81,2,0,1,0,0,0,0,1,0,1,0,0,0,1,0,0,0,0
151,24,66,5.83,13.38,67.28,1694.42,2,0,1,0,0,0,0,1,0,1,0,0,0,1,0,0,0,0
137,39,82,5.26,16.4,75.02,1922.25,2,0,1,0,0,0,0,1,0,1,0,0,0,1,0,0,0,0
136,30,34,5.94,24.94,44.6,2493.47,2,0,1,0,0,0,0,1,0,1,0,0,0,1,0,0,0,0
129,86,28,6.01,29.13,45.35,809.1,2,0,1,0,0,0,0,1,0,1,0,0,0,1,0,0,0,0
62,38,63,6.59,14.65,64.76,1725.1,2,0,1,0,0,0,0,1,0,1,0,0,0,1,0,0,0,0
160,33,44,7.76,19.35,81.36,1313.8,2,0,1,0,0,0,0,1,0,1,0,0,0,1,0,0,0,0
149,54,91,5.61,39.45,71.09,1770.89,2,0,1,0,0,0,0,1,0,1,0,0,0,1,0,0,0,0
159,32,40,5.92,28.86,70.05,1038.54,2,0,1,0,0,0,0,1,0,1,0,0,0,1,0,0,0,0
89,83,100,5.0,17.29,52.99,977.44,2,0,1,0,0,0,0,1,0,1,0,0,0,1,0,0,0,0
83,20,115,6.82,25.16,77.73,2095.14,2,0,1,0,0,0,0,1,0,1,0,0,0,1,0,0,0,0
57,52,73,6.11,33.57,39.96,2484.54,2,0,1,0,0,0,0,1,0,1,0,0,0,1,0,0,0,0
110,48,101,5.01,27.14,82.25,1845.52,2,0,1,0,1,0,0,0,0,0,1,0,0,1,0,0,0,0
106,96,37,8.05,17.86,59.11,2707.45,2,0,1,0,1,0,0,0,0,0,1,0,0,1,0,0,0,0
140,20,75,6.6,21.26,57.95,698.81,2,0,1,0,1,0,0,0,0,0,1,0,0,1,0,0,0,0
106,16,38,5.4,21.81,72.29,2468.7,2,0,1,0,1,0,0,0,0,0,1,0,0,1,0,0,0,0
147,61,117,5.14,32.47,60.36,1936.76,2,0,1,0,1,0,0,0,0,0,1,0,0,1,0,0,0,0
46,58,129,5.07,26.71,67.58,1976.39,2,0,1,0,1,0,0,0,0,0,1,0,0,1,0,0,0,0
167,65,40,7.6,11.04,58.1,2301.62,2,0,1,0,1,0,0,0,0,0,1,0,0,1,0,0,0,0
95,76,74,7.26,31.43,37.01,2564.3,2,0,1,0,1,0,0,0,0,0,1,0,0,1,0,0,0,0
65,85,64,5.14,27.72,47.53,932.98,2,0,1,0,1,0,0,0,0,0,1,0,0,1,0,0,0,0
141,64,74,5.24,15.55,47.86,711.06,2,0,1,0,1,0,0,0,0,0,1,0,0,1,0,0,0,0
78,77,44,6.05,29.45,59.01,1706.59,2,0,1,0,1,0,0,0,0,0,1,0,0,1,0,0,0,0
150,30,38,5.66,24.34,37.28,634.82,2,0,1,0,1,0,0,0,0,0,1,0,0,1,0,0,0,0
108,81,135,7.74,24.24,50.83,1539.63,2,0,1,0,1,0,0,0,0,0,1,0,0,1,0,0,0,0
162,42,69,6.42,24.68,89.3,2422.51,2,0,1,0,1,0,0,0,0,0,1,0,0,1,0,0,0,0
82,99,56,7.53,11.7,53.25,505.48,2,0,1,0,1,0,0,0,0,0,1,0,0,1,0,0,0,0
84,57,75,5.44,29.18,82.35,2012.66,2,0,1,0,1,0,0,0,0,0,1,0,0,1,0,0,0,0
48,48,128,5.07,32.29,32.65,1043.64,2,0,1,0,1,0,0,0,0,0,1,0,0,1,0,0,0,0
114,90,127,5.1,35.27,35.47,642.7,2,0,1,0,1,0,0,0,0,0,1,0,0,1,0,0,0,0
170,75,109,4.83,33.25,86.85,2398.43,2,0,1,0,1,0,0,0,0,0,1,0,0,1,0,0,0,0
104,21,141,5.73,18.25,33.11,921.82,2,0,1,0,1,0,0,0,0,0,1,0,0,1,0,0,0,0
90,58,87,7.54,36.08,57.22,2254.68,2,0,1,0,1,0,0,0,0,0,1,0,0,1,0,0,0,0
55,81,62,5.08,13.48,89.85,336.84,2,0,1,0,1,0,0,0,0,0,1,0,0,1,0,0,0,0
67,69,56,5.31,10.79,57.36,669.97,2,0,1,0,1,0,0,0,0,0,1,0,0,1,0,0,0,0
164,47,89,5.95,11.12,31.46,596.72,2,0,1,0,1,0,0,0,0,0,1,0,0,1,0,0,0,0
81,18,133,5.11,30.3,78.52,1714.92,2,0,1,0,1,0,0,0,0,0,1,0,0,1,0,0,0,0
164,43,87,7.27,22.73,75.32,1216.35,2,0,1,0,0,1,0,0,0,0,1,0,0,1,0,0,0,0
61,30,102,5.75,14.94,65.06,1113.16,2,0,1,0,0,1,0,0,0,0,1,0,0,1,0,0,0,0
40,59,94,6.84,25.96,31.16,1672.54,2,0,1,0,0,1,0,0,0,0,1,0,0,1,0,0,0,0
174,45,148,8.16,34.1,66.33,1420.6,2,0,1,0,0,1,0,0,0,0,1,0,0,1,0,0,0,0
68,24,71,6.81,15.44,81.18,2435.66,2,0,1,0,0,1,0,0,0,0,1,0,0,1,0,0,0,0
31,85,115,7.0,17.49,37.05,792.27,2,0,1,0,0,1,0,0,0,0,1,0,0,1,0,0,0,0
136,90,92,5.95,12.58,80.32,1119.36,2,0,1,0,0,1,0,0,0,0,1,0,0,1,0,0,0,0
75,60,86,5.42,26.91,30.52,1719.23,2,0,1,0,0,1,0,0,0,0,1,0,0,1,0,0,0,0
149,18,77,5.64,28.89,87.02,515.86,2,0,1,0,0,1,0,0,0,0,1,0,0,1,0,0,0,0
94,78,147,6.37,29.88,86.23,2073.08,2,0,1,0,0,1,0,0,0,0,1,0,0,1,0,0,0,0
146,24,140,6.01,38.05,63.87,1376.4,2,0,1,0,0,1,0,0,0,0,1,0,0,1,0,0,0,0
99,26,48,5.78,19.3,73.62,2015.51,2,0,1,0,0,1,0,0,0,0,1,0,0,1,0,0,0,0
149,99,82,6.65,11.7,77.6,1451.54,2,0,1,0,0,1,0,0,0,0,1,0,0,1,0,0,0,0
114,60,71,7.15,12.01,34.91,1087.58,2,0,1,0,0,1,0,0,0,0,1,0,0,1,0,0,0,0
123,89,102,6.16,22.4,35.34,1856.44,2,0,1,0,0,1,0,0,0,0,1,0,0,1,0,0,0,0
52,33,33,7.4,23.52,72.63,2274.0,2,0,1,0,0,1,0,0,0,0,1,0,0,1,0,0,0,0
45,79,75,7.11,13.93,49.5,2029.58,2,0,1,0,0,1,0,0,0,0,1,0,0,1,0,0,0,0
132,65,90,6.7,33.14,83.64,1806.04,2,0,1,0,0,1,0,0,0,0,1,0,0,1,0,0,0,0
100,53,26,5.07,31.24,80.98,1120.45,2,0,1,0,0,1,0,0,0,0,1,0,0,1,0,0,0,0
141,41,50,6.47,30.02,69.06,1309.58,2,0,1,0,0,1,0,0,0,0,1,0,0,1,0,0,0,0
152,17,108,7.07,18.13,81.06,2744.87,2,0,1,0,0,1,0,0,0,0,1,0,0,1,0,0,0,0
146,65,96,7.32,38.83,63.63,1463.29,2,0,1,0,0,1,0,0,0,0,1,0,0,1,0,0,0,0
90,17,128,4.88,29.19,49.23,1301.65,2,0,1,0,0,1,0,0,0,0,1,0,0,1,0,0,0,0
73,37,22,6.6,39.31,64.13,2741.57,2,0,1,0,0,1,0,0,0,0,1,0,0,1,0,0,0,0
98,52,71,8.05,23.3,60.02,590.09,2,0,1,0,0,1,0,0,0,0,1,0,0,1,0,0,0,0
128,97,77,6.66,29.73,52.79,352.11,2,0,1,0,0,1,0,0,0,0,1,0,0,1,0,0,0,0
43,74,133,5.12,36.27,34.47,2100.92,2,0,1,0,0,1,0,0,0,0,1,0,0,1,0,0,0,0
86,85,43,5.29,14.25,30.94,1570.24,2,0,1,0,0,1,0,0,0,0,1,0,0,1,0,0,0,0
159,48,110,5.72,34.81,51.6,2776.53,2,0,1,0,0,1,0,0,0,0,1,0,0,1,0,0,0,0
78,26,106,7.44,11.09,87.49,518.51,2,0,1,0,0,1,0,0,0,0,1,0,0,1,0,0,0,0
61,59,73,6.52,25.83,59.6,327.77,2,0,1,0,0,1,0,0,0,0,1,0,0,1,0,0,0,0
122,71,66,5.98,17.0,76.9,1942.05,2,0,1,0,0,0,1,0,0,0,1,0,0,0,0,0,1,0
168,61,45,5.48,29.16,57.48,1111.84,2,0,1,0,0,0,1,0,0,0,1,0,0,0,0,0,1,0
178,91,54,5.03,18.55,89.79,1468.08,2,0,1,0,0,0,1,0,0,0,1,0,0,0,0,0,1,0
59,55,52,4.81,38.84,53.22,2388.45,2,0,1,0,0,0,1,0,0,0,1,0,0,0,0,0,1,0
48,76,62,7.76,25.71,63.7,1302.99,2,0,1,0,0,0,1,0,0,0,1,0,0,0,0,0,1,0
117,51,72,6.7,10.45,73.01,1492.89,2,0,1,0,0,0,1,0,0,0,1,0,0,0,0,0,1,0
163,91,29,8.17,10.71,88.28,2434.44,2,0,1,0,0,0,1,0,0,0,1,0,0,0,0,0,1,0
51,21,83,5.97,29.71,89.17,1979.39,2,0,1,0,0,0,1,0,0,0,1,0,0,0,0,0,1,0
106,54,131,7.6,24.17,69.92,1631.47,2,0,1,0,0,0,1,0,0,0,1,0,0,0,0,0,1,0
39,20,118,5.65,10.59,77.84,630.0,2,0,1,0,0,0,1,0,0,0,1,0,0,0,0,0,1,0
38,64,110,6.3,32.42,66.29,1533.95,2,0,1,0,0,0,1,0,0,0,1,0,0,0,0,0,1,0
129,61,36,7.17,13.57,31.94,2702.98,2,0,1,0,0,0,1,0,0,0,1,0,0,0,0,0,1,0
173,82,75,7.71,28.05,77.59,1902.21,2,0,1,0,0,0,1,0,0,0,1,0,0,0,0,0,1,0
73,18,128,7.16,39.01,65.01,1927.33,2,0,1,0,0,0,1,0,0,0,1,0,0,0,0,0,1,0
176,29,144,5.85,28.83,31.19,426.7,2,0,1,0,0,0,1,0,0,0,1,0,0,0,0,0,1,0
105,58,96,5.09,14.82,66.99,2356.12,2,0,1,0,0,0,1,0,0,0,1,0,0,0,0,0,1,0
102,92,40,4.96,13.69,78.49,340.8,2,0,1,0,0,0,1,0,0,0,1,0,0,0,0,0,1,0
31,81,53,4.91,30.91,64.07,2064.84,2,0,1,0,0,0,1,0,0,0,1,0,0,0,0,0,1,0
89,23,80,6.94,12.81,77.73,1086.27,2,0,1,0,0,0,1,0,0,0,1,0,0,0,0,0,1,0
114,65,68,6.22,12.54,84.7,2688.95,2,0,1,0,0,0,1,0,0,0,1,0,0,0,0,0,1,0
109,78,72,6.54,34.89,77.83,1922.47,2,0,1,0,0,0,1,0,0,0,1,0,0,0,0,0,1,0
106,64,77,7.99,38.41,57.65,418.79,2,0,1,0,0,0,1,0,0,0,1,0,0,0,0,0,1,0
66,36,71,5.58,33.81,34.24,653.38,2,0,1,0,0,0,1,0,0,0,1,0,0,0,0,0,1,0
112,45,149,7.24,16.71,51.05,358.52,2,0,1,0,0,0,1,0,0,0,1,0,0,0,0,0,1,0
147,97,62,7.73,19.64,59.87,1467.1,2,0,1,0,0,0,1,0,0,0,1,0,0,0,0,0,1,0
99,26,31,4.83,25.49,70.29,528.7,2,0,1,0,0,0,1,0,0,0,1,0,0,0,0,0,1,0
54,69,75,5.15,11.67,66.83,421.42,2,0,1,0,0,0,1,0,0,0,1,0,0,0,0,0,1,0
76,51,23,5.01,18.97,70.28,1420.97,2,0,1,0,0,0,0,1,0,0,1,0,0,1,0,0,0,0
54,97,131,7.69,32.92,86.73,2683.44,2,0,1,0,0,0,0,1,0,0,1,0,0,1,0,0,0,0
156,35,99,6.27,19.25,44.86,2166.15,2,0,1,0,0,0,0,1,0,0,1,0,0,1,0,0,0,0
63,35,143,6.72,25.79,56.13,1632.94,2,0,1,0,0,0,0,1,0,0,1,0,0,1,0,0,0,0
133,88,132,5.92,21.12,74.31,1736.59,2,0,1,0,0,0,0,1,0,0,1,0,0,1,0,0,0,0
178,84,55,5.0,15.77,74.62,1858.43,2,0,1,0,0,0,0,1,0,0,1,0,0,1,0,0,0,0
76,20,57,6.9,12.22,46.31,782.47,2,0,1,0,0,0,0,1,0,0,1,0,0,1,0,0,0,0
129,41,113,5.85,14.24,56.06,2068.39,2,0,1,0,0,0,0,1,0,0,1,0,0,1,0,0,0,0
74,34,100,4.82,32.11,78.46,515.2,2,0,1,0,0,0,0,1,0,0,1,0,0,1,0,0,0,0
37,42,145,7.68,27.11,84.37,535.87,2,0,1,0,0,0,0,1,0,0,1,0,0,1,0,0,0,0
144,86,89,7.42,21.44,70.23,1287.39,2,0,1,0,0,0,0,1,0,0,1,0,0,1,0,0,0,0
87,32,103,7.53,21.71,87.39,1700.21,2,0,1,0,0,0,0,1,0,0,1,0,0,1,0,0,0,0
161,27,93,6.9,39.11,88.09,2105.23,2,0,1,0,0,0,0,1,0,0,1,0,0,1,0,0,0,0
114,83,57,6.57,36.94,85.89,1158.08,2,0,1,0,0,0,0,1,0,0,1,0,0,1,0,0,0,0
116,26,63,5.53,37.55,39.44,2606.43,2,0,1,0,0,0,0,1,0,0,1,0,0,1,0,0,0,0
38,52,57,7.4,13.83,89.94,2555.88,2,0,1,0,0,0,0,1,0,0,1,0,0,1,0,0,0,0
109,91,33,5.86,15.82,74.77,1693.87,2,0,1,0,0,0,0,1,0,0,1,0,0,1,0,0,0,0
122,78,122,5.66,15.84,36.16,553.96,2,0,1,0,0,0,0,1,0,0,1,0,0,1,0,0,0,0
134,81,100,8.19,20.77,68.12,2749.7,2,0,1,0,0,0,0,1,0,0,1,0,0,1,0,0,0,0
40,90,126,5.79,18.38,87.32,1731.64,2,0,1,0,0,0,0,1,0,0,1,0,0,1,0,0,0,0
35,18,93,7.76,38.02,53.35,1180.31,2,0,1,0,0,0,0,1,0,0,1,0,0,1,0,0,0,0
132,97,100,5.68,34.18,87.22,1026.31,2,0,1,0,0,0,0,1,0,0,1,0,0,1,0,0,0,0
41,58,21,5.22,39.23,56.96,1188.97,2,0,1,0,0,0,0,1,0,0,1,0,0,1,0,0,0,0
107,62,44,5.55,12.33,56.16,475.39,2,0,1,0,0,0,0,1,0,0,1,0,0,1,0,0,0,0
168,38,92,5.14,27.31,89.79,2409.36,2,0,1,0,0,0,0,1,0,0,1,0,0,1,0,0,0,0
90,25,100,6.42,32.66,33.57,1261.68,2,0,1,0,0,0,0,1,0,0,1,0,0,1,0,0,0,0
101,67,140,5.43,38.45,41.13,809.28,2,0,1,0,0,0,0,1,0,0,1,0,0,1,0,0,0,0
126,41,61,8.18,28.12,53.62,529.29,2,0,1,0,0,0,0,1,0,0,1,0,0,1,0,0,0,0
178,29,125,6.69,10.93,53.49,792.21,2,0,1,0,0,0,0,1,0,0,1,0,0,1,0,0,0,0
124,98,55,6.72,36.9,68.25,786.4,2,0,1,0,1,0,0,0,0,0,0,1,0,0,1,0,0,0
85,67,144,7.06,38.78,38.65,1186.41,2,0,1,0,1,0,0,0,0,0,0,1,0,0,1,0,0,0
124,35,137,5.7,19.52,52.37,2525.03,2,0,1,0,1,0,0,0,0,0,0,1,0,0,1,0,0,0
71,95,68,7.09,11.04,41.94,908.14,2,0,1,0,1,0,0,0,0,0,0,1,0,0,1,0,0,0
36,27,103,6.15,19.52,88.95,2067.05,2,0,1,0,1,0,0,0,0,0,0,1,0,0,1,0,0,0
97,74,70,5.54,38.17,86.43,487.8,2,0,1,0,1,0,0,0,0,0,0,1,0,0,1,0,0,0
105,27,48,6.38,27.42,65.2,319.19,2,0,1,0,1,0,0,0,0,0,0,1,0,0,1,0,0,0
73,46,34,5.22,18.24,52.62,1282.45,2,0,1,0,1,0,0,0,0,0,0,1,0,0,1,0,0,0
64,99,22,5.8,38.52,39.86,1319.77,2,0,1,0,1,0,0,0,0,0,0,1,0,0,1,0,0,0
130,66,22,5.01,30.27,54.96,577.1,2,0,1,0,1,0,0,0,0,0,0,1,0,0,1,0,0,0
110,47,29,5.11,21.67,75.17,1874.07,2,0,1,0,1,0,0,0,0,0,0,1,0,0,1,0,0,0
64,73,101,5.92,24.61,74.25,487.51,2,0,1,0,1,0,0,0,0,0,0,1,0,0,1,0,0,0
154,45,116,6.82,21.5,88.73,1007.25,2,0,1,0,1,0,0,0,0,0,0,1,0,0,1,0,0,0
104,45,55,7.74,27.28,47.87,1133.55,2,0,1,0,1,0,0,0,0,0,0,1,0,0,1,0,0,0
90,22,38,4.97,33.01,66.39,1122.31,2,0,1,0,1,0,0,0,0,0,0,1,0,0,1,0,0,0
127,27,38,6.63,18.85,35.37,2042.35,2,0,1,0,1,0,0,0,0,0,0,1,0,0,1,0,0,0
30,79,80,5.08,21.58,71.92,1093.62,2,0,1,0,1,0,0,0,0,0,0,1,0,0,1,0,0,0
123,28,56,6.62,34.23,49.85,767.92,2,0,1,0,1,0,0,0,0,0,0,1,0,0,1,0,0,0
68,49,145,6.89,33.16,38.15,1242.61,2,0,1,0,1,0,0,0,0,0,0,1,0,0,1,0,0,0
93,93,37,6.89,33.48,45.45,1605.46,2,0,1,0,1,0,0,0,0,0,0,1,0,0,1,0,0,0
81,20,113,4.95,21.22,64.99,1895.51,2,0,1,0,1,0,0,0,0,0,0,1,0,0,1,0,0,0
146,66,112,4.88,16.23,87.12,942.98,2,0,1,0,1,0,0,0,0,0,0,1,0,0,1,0,0,0
111,31,144,6.21,17.32,43.97,1012.55,2,0,1,0,1,0,0,0,0,0,0,1,0,0,1,0,0,0
108,23,121,7.18,26.03,77.77,2083.81,2,0,1,0,1,0,0,0,0,0,0,1,0,0,1,0,0,0
100,41,47,7.61,21.26,37.13,1367.13,2,0,1,0,1,0,0,0,0,0,0,1,0,0,1,0,0,0
171,54,50,4.86,24.97,71.62,1938.94,2,0,1,0,1,0,0,0,0,0,0,1,0,0,1,0,0,0
105,31,114,7.49,36.02,83.76,924.44,2,0,1,0,1,0,0,0,0,0,0,1,0,0,1,0,0,0
30,80,81,5.39,25.28,70.72,480.25,2,0,1,0,1,0,0,0,0,0,0,1,0,0,1,0,0,0
152,64,24,4.97,31.61,36.76,2737.39,2,0,1,0,1,0,0,0,0,0,0,1,0,0,1,0,0,0
166,94,108,6.22,35.4,30.41,1615.82,2,0,1,0,1,0,0,0,0,0,0,1,0,0,1,0,0,0
84,39,59,5.31,23.03,61.66,825.03,2,0,1,0,1,0,0,0,0,0,0,1,0,0,1,0,0,0
146,16,86,6.78,13.72,52.99,969.32,2,0,1,0,0,1,0,0,0,0,0,1,0,0,1,0,0,0
88,24,44,7.67,29.38,58.65,561.7,2,0,1,0,0,1,0,0,0,0,0,1,0,0,1,0,0,0
172,27,22,6.55,16.82,78.68,2755.64,2,0,1,0,0,1,0,0,0,0,0,1,0,0,1,0,0,0
83,38,111,7.59,19.84,46.02,2780.62,2,0,1,0,0,1,0,0,0,0,0,1,0,0,1,0,0,0
47,62,88,6.01,28.18,30.05,1012.13,2,0,1,0,0,1,0,0,0,0,0,1,0,0,1,0,0,0
134,54,110,5.54,32.16,42.83,1438.11,2,0,1,0,0,1,0,0,0,0,0,1,0,0,1,0,0,0
108,19,28,7.3,29.69,59.44,305.91,2,0,1,0,0,1,0,0,0,0,0,1,0,0,1,0,0,0
152,67,93,4.91,36.12,80.73,1083.61,2,0,1,0,0,1,0,0,0,0,0,1,0,0,1,0,0,0
79,50,127,5.72,19.7,37.28,2785.85,2,0,1,0,0,1,0,0,0,0,0,1,0,0,1,0,0,0
106,27,78,6.29,20.81,72.67,1917.23,2,0,1,0,0,1,0,0,0,0,0,1,0,0,1,0,0,0
60,40,48,6.28,20.74,41.59,2143.46,2,0,1,0,0,1,0,0,0,0,0,1,0,0,1,0,0,0
68,49,64,6.85,36.18,70.57,565.27,2,0,1,0,0,1,0,0,0,0,0,1,0,0,1,0,0,0
172,44,136,6.42,36.28,70.53,1590.5,2,0,1,0,0,1,0,0,0,0,0,1,0,0,1,0,0,0
146,43,36,6.63,22.2,70.67,2097.23,2,0,1,0,0,1,0,0,0,0,0,1,0,0,1,0,0,0
37,19,24,6.25,18.74,46.84,2287.05,2,0,1,0,0,1,0,0,0,0,0,1,0,0,1,0,0,0
62,62,90,5.0,24.75,66.9,1801.52,2,0,1,0,0,1,0,0,0,0,0,1,0,0,1,0,0,0
42,18,142,5.06,30.87,50.33,420.64,2,0,1,0,0,1,0,0,0,0,0,1,0,0,1,0,0,0
113,32,52,7.52,33.59,54.77,741.21,2,0,1,0,0,1,0,0,0,0,0,1,0,0,1,0,0,0
140,77,34,6.79,21.77,78.57,2127.47,2,0,1,0,0,1,0,0,0,0,0,1,0,0,1,0,0,0
101,93,41,5.34,24.94,83.0,1989.26,2,0,1,0,0,1,0,0,0,0,0,1,0,0,1,0,0,0
146,34,82,7.83,14.92,32.25,1194.83,2,0,1,0,0,1,0,0,0,0,0,1,0,0,1,0,0,0
86,66,102,7.27,24.17,46.66,2540.41,2,0,1,0,0,1,0,0,0,0,0,1,0,0,1,0,0,0
173,96,60,6.82,17.15,57.46,796.97,2,0,1,0,0,1,0,0,0,0,0,1,0,0,1,0,0,0
134,46,92,6.59,32.97,57.17,969.82,2,0,1,0,0,1,0,0,0,0,0,1,0,0,1,0,0,0
54,77,135,5.01,31.07,30.17,2431.7,2,0,1,0,0,1,0,0,0,0,0,1,0,0,1,0,0,0
132,17,132,6.0,20.27,37.71,1982.81,2,0,1,0,0,1,0,0,0,0,0,1,0,0,1,0,0,0
178,58,73,7.88,12.39,30.37,716.31,2,0,1,0,0,1,0,0,0,0,0,1,0,0,1,0,0,0
32,65,93,6.36,25.88,83.67,419.64,2,0,1,0,0,1,0,0,0,0,0,1,0,0,1,0,0,0
92,92,118,7.19,14.3,55.11,2335.73,2,0,1,0,0,1,0,0,0,0,0,1,0,0,1,0,0,0
103,21,54,8.01,24.85,86.46,1755.93,2,0,1,0,0,1,0,0,0,0,0,1,0,0,1,0,0,0
55,74,145,5.18,35.36,76.45,1394.98,2,0,1,0,0,1,0,0,0,0,0,1,0,0,1,0,0,0
151,75,128,7.18,38.47,52.68,1464.33,2,0,1,0,0,1,0,0,0,0,0,1,0,0,1,0,0,0
54,90,137,7.87,25.4,71.39,1250.08,2,0,1,0,0,1,0,0,0,0,0,1,0,0,1,0,0,0
81,23,88,8.19,23.95,46.73,1490.52,2,0,1,0,0,1,0,0,0,0,0,1,0,0,1,0,0,0
42,44,106,6.4,13.63,43.3,968.39,2,0,1,0,0,1,0,0,0,0,0,1,0,0,1,0,0,0
175,53,92,4.94,21.33,77.83,527.36,2,0,1,0,0,1,0,0,0,0,0,1,0,0,1,0,0,0
151,15,47,7.21,22.28,75.21,1920.43,2,0,1,0,0,1,0,0,0,0,0,1,0,0,1,0,0,0
113,47,92,7.15,35.87,50.69,1037.55,2,0,1,0,0,0,1,0,0,0,0,1,0,0,0,0,0,1
96,81,52,5.12,34.4,63.87,2002.72,2,0,1,0,0,0,1,0,0,0,0,1,0,0,0,0,0,1
98,99,74,5.99,39.09,72.11,1635.16,2,0,1,0,0,0,1,0,0,0,0,1,0,0,0,0,0,1
173,28,65,8.13,26.57,65.86,1262.47,2,0,1,0,0,0,1,0,0,0,0,1,0,0,0,0,0,1
91,65,117,5.76,19.22,40.15,2669.59,2,0,1,0,0,0,1,0,0,0,0,1,0,0,0,0,0,1
80,45,87,7.58,24.43,42.24,1334.66,2,0,1,0,0,0,1,0,0,0,0,1,0,0,0,0,0,1
65,50,133,6.21,31.52,64.9,949.18,2,0,1,0,0,0,1,0,0,0,0,1,0,0,0,0,0,1
162,93,94,5.53,20.21,48.14,554.58,2,0,1,0,0,0,1,0,0,0,0,1,0,0,0,0,0,1
168,77,90,5.87,24.89,77.3,2093.1,2,0,1,0,0,0,1,0,0,0,0,1,0,0,0,0,0,1
140,57,97,6.4,30.47,84.76,1681.92,2,0,1,0,0,0,1,0,0,0,0,1,0,0,0,0,0,1
72,33,98,8.18,25.55,39.71,2756.6,2,0,1,0,0,0,1,0,0,0,0,1,0,0,0,0,0,1
141,84,84,6.46,15.03,63.12,2238.12,2,0,1,0,0,0,1,0,0,0,0,1,0,0,0,0,0,1
54,62,21,7.58,17.71,68.95,2636.53,2,0,1,0,0,0,1,0,0,0,0,1,0,0,0,0,0,1
177,52,135,6.47,12.03,51.85,1029.16,2,0,1,0,0,0,1,0,0,0,0,1,0,0,0,0,0,1
169,96,52,7.56,22.99,59.32,711.01,2,0,1,0,0,0,1,0,0,0,0,1,0,0,0,0,0,1
50,38,96,8.08,19.88,50.35,2062.28,2,0,1,0,0,0,1,0,0,0,0,1,0,0,0,0,0,1
111,59,22,7.37,38.59,48.01,1283.67,2,0,1,0,0,0,1,0,0,0,0,1,0,0,0,0,0,1
152,78,36,5.08,23.62,73.82,2196.34,2,0,1,0,0,0,1,0,0,0,0,1,0,0,0,0,0,1
87,59,125,7.08,18.05,52.1,1753.62,2,0,1,0,0,0,1,0,0,0,0,1,0,0,0,0,0,1
45,49,32,7.63,24.23,66.67,2470.25,2,0,1,0,0,0,1,0,0,0,0,1,0,0,0,0,0,1
137,25,76,5.06,17.24,36.61,1986.43,2,0,1,0,0,0,1,0,0,0,0,1,0,0,0,0,0,1
108,45,66,8.12,25.1,68.13,1892.33,2,0,1,0,0,0,1,0,0,0,0,1,0,0,0,0,0,1
128,79,123,6.86,34.53,83.17,1933.31,2,0,1,0,0,0,1,0,0,0,0,1,0,0,0,0,0,1
112,69,130,4.98,39.67,63.97,1707.76,2,0,1,0,0,0,1,0,0,0,0,1,0,0,0,0,0,1
53,46,81,6.72,20.93,76.43,527.66,2,0,1,0,0,0,1,0,0,0,0,1,0,0,0,0,0,1
155,55,141,5.76,14.67,30.91,2276.8,2,0,1,0,0,0,1,0,0,0,0,1,0,0,0,0,0,1
136,69,148,7.75,19.5,50.17,2683.17,2,0,1,0,0,0,1,0,0,0,0,1,0,0,0,0,0,1
166,71,59,6.61,12.22,74.42,2224.35,2,0,1,0,0,0,1,0,0,0,0,1,0,0,0,0,0,1
144,35,45,5.38,23.97,85.66,1647.55,2,0,1,0,0,0,0,1,0,0,0,1,0,1,0,0,0,0
48,62,128,6.06,31.63,89.12,2346.53,2,0,1,0,0,0,0,1,0,0,0,1,0,1,0,0,0,0
60,36,67,7.91,28.35,35.22,2047.84,2,0,1,0,0,0,0,1,0,0,0,1,0,1,0,0,0,0
31,82,48,5.19,25.42,55.6,2336.19,2,0,1,0,0,0,0,1,0,0,0,1,0,1,0,0,0,0
123,20,92,6.31,28.19,83.47,973.48,2,0,1,0,0,0,0,1,0,0,0,1,0,1,0,0,0,0
111,34,64,6.5,26.95,50.39,1465.35,2,0,1,0,0,0,0,1,0,0,0,1,0,1,0,0,0,0
41,17,72,5.69,11.68,65.53,2669.33,2,0,1,0,0,0,0,1,0,0,0,1,0,1,0,0,0,0
170,83,144,6.41,24.39,60.94,1372.56,2,0,1,0,0,0,0,1,0,0,0,1,0,1,0,0,0,0
125,87,87,7.07,39.92,65.67,1741.08,2,0,1,0,0,0,0,1,0,0,0,1,0,1,0,0,0,0
174,29,44,6.61,25.76,79.77,525.51,2,0,1,0,0,0,0,1,0,0,0,1,0,1,0,0,0,0
109,31,44,6.38,37.68,34.04,2387.25,2,0,1,0,0,0,0,1,0,0,0,1,0,1,0,0,0,0
167,64,121,7.65,24.3,59.31,2294.29,2,0,1,0,0,0,0,1,0,0,0,1,0,1,0,0,0,0
161,39,146,6.66,17.61,47.15,1025.19,2,0,1,0,0,0,0,1,0,0,0,1,0,1,0,0,0,0
155,43,93,6.08,28.3,76.48,2014.44,2,0,1,0,0,0,0,1,0,0,0,1,0,1,0,0,0,0
91,59,116,5.98,29.1,86.02,678.22,2,0,1,0,0,0,0,1,0,0,0,1,0,1,0,0,0,0
129,32,57,7.13,12.51,38.04,2586.64,2,0,1,0,0,0,0,1,0,0,0,1,0,1,0,0,0,0
154,97,140,7.65,16.33,30.7,1449.83,2,0,1,0,0,0,0,1,0,0,0,1,0,1,0,0,0,0
143,89,24,7.9,33.37,32.0,2509.09,2,0,1,0,0,0,0,1,0,0,0,1,0,1,0,0,0,0
150,39,52,7.82,14.71,60.74,724.18,2,0,1,0,0,0,0,1,0,0,0,1,0,1,0,0,0,0
170,27,51,6.05,20.09,38.65,2668.33,2,0,1,0,0,0,0,1,0,0,0,1,0,1,0,0,0,0
73,23,138,8.07,25.14,35.95,1002.96,2,0,1,0,0,0,0,1,0,0,0,1,0,1,0,0,0,0
59,48,121,5.49,17.28,35.11,1005.65,2,0,1,0,0,0,0,1,0,0,0,1,0,1,0,0,0,0
104,89,78,6.25,34.01,83.33,1949.39,2,0,1,0,0,0,0,1,0,0,0,1,0,1,0,0,0,0
131,23,146,4.84,37.81,41.32,802.02,2,0,1,0,0,0,0,1,0,0,0,1,0,1,0,0,0,0
127,62,61,7.21,23.12,38.15,777.46,2,0,1,0,1,0,0,0,0,0,0,0,1,0,1,0,0,0
30,82,22,4.92,39.88,59.9,1447.9,2,0,1,0,1,0,0,0,0,0,0,0,1,0,1,0,0,0
67,47,145,7.29,20.59,38.04,1674.47,2,0,1,0,1,0,0,0,0,0,0,0,1,0,1,0,0,0
179,77,32,4.91,10.49,83.34,668.06,2,0,1,0,1,0,0,0,0,0,0,0,1,0,1,0,0,0
89,96,99,7.2,27.8,58.85,1247.75,2,0,1,0,1,0,0,0,0,0,0,0,1,0,1,0,0,0
165,83,91,5.08,11.97,68.17,643.61,2,0,1,0,1,0,0,0,0,0,0,0,1,0,1,0,0,0
80,98,79,5.17,29.84,66.7,530.57,2,0,1,0,1,0,0,0,0,0,0,0,1,0,1,0,0,0
143,67,21,7.46,16.18,70.45,2644.33,2,0,1,0,1,0,0,0,0,0,0,0,1,0,1,0,0,0
116,96,118,5.31,35.48,50.78,1603.99,2,0,1,0,1,0,0,0,0,0,0,0,1,0,1,0,0,0
143,30,98,5.66,35.12,47.45,1554.94,2,0,1,0,1,0,0,0,0,0,0,0,1,0,1,0,0,0
107,66,75,6.22,35.1,81.69,1186.02,2,0,1,0,1,0,0,0,0,0,0,0,1,0,1,0,0,0
80,43,77,6.4,18.59,39.42,2515.36,2,0,1,0,1,0,0,0,0,0,0,0,1,0,1,0,0,0
122,23,112,7.23,23.46,86.95,2490.48,2,0,1,0,1,0,0,0,0,0,0,0,1,0,1,0,0,0
107,43,63,7.51,18.23,64.49,2705.09,2,0,1,0,1,0,0,0,0,0,0,0,1,0,1,0,0,0
50,85,66,7.16,25.74,39.56,2733.87,2,0,1,0,1,0,0,0,0,0,0,0,1,0,1,0,0,0
30,98,49,7.9,12.37,75.19,1007.19,2,0,1,0,1,0,0,0,0,0,0,0,1,0,1,0,0,0
149,42,48,6.1,11.38,31.5,408.03,2,0,1,0,1,0,0,0,0,0,0,0,1,0,1,0,0,0
171,56,113,7.69,13.83,34.12,926.46,2,0,1,0,1,0,0,0,0,0,0,0,1,0,1,0,0,0
175,47,136,7.94,32.59,50.96,2000.13,2,0,1,0,1,0,0,0,0,0,0,0,1,0,1,0,0,0
104,68,23,4.86,33.85,39.56,1143.46,2,0,1,0,1,0,0,0,0,0,0,0,1,0,1,0,0,0
44,90,72,7.14,10.57,47.81,1507.16,2,0,1,0,1,0,0,0,0,0,0,0,1,0,1,0,0,0
39,77,51,6.56,15.46,66.73,2271.3,2,0,1,0,1,0,0,0,0,0,0,0,1,0,1,0,0,0
168,85,67,5.09,34.67,69.43,2042.04,2,0,1,0,1,0,0,0,0,0,0,0,1,0,1,0,0,0
123,29,107,6.21,14.32,50.88,1981.89,2,0,1,0,1,0,0,0,0,0,0,0,1,0,1,0,0,0
122,25,40,5.7,17.38,59.19,1027.32,2,0,1,0,0,1,0,0,0,0,0,0,1,0,1,0,0,0
82,50,120,6.63,30.79,30.45,1013.46,2,0,1,0,0,1,0,0,0,0,0,0,1,0,1,0,0,0
37,91,89,5.48,19.43,43.0,406.99,2,0,1,0,0,1,0,0,0,0,0,0,1,0,1,0,0,0
147,95,80,6.45,19.58,42.16,817.32,2,0,1,0,0,1,0,0,0,0,0,0,1,0,1,0,0,0
46,70,37,6.19,21.82,73.28,2353.02,2,0,1,0,0,1,0,0,0,0,0,0,1,0,1,0,0,0
158,95,26,6.83,27.93,40.39,2037.34,2,0,1,0,0,1,0,0,0,0,0,0,1,0,1,0,0,0
50,91,30,6.08,35.12,56.52,2453.08,2,0,1,0,0,1,0,0,0,0,0,0,1,0,1,0,0,0
138,24,94,7.35,18.15,45.15,1537.62,2,0,1,0,0,1,0,0,0,0,0,0,1,0,1,0,0,0
166,53,140,7.08,27.86,71.03,1691.93,2,0,1,0,0,1,0,0,0,0,0,0,1,0,1,0,0,0
142,96,36,7.08,15.03,67.26,2184.04,2,0,1,0,0,1,0,0,0,0,0,0,1,0,1,0,0,0
116,78,98,5.66,24.77,33.54,886.87,2,0,1,0,0,1,0,0,0,0,0,0,1,0,1,0,0,0
53,24,129,5.89,26.85,40.32,1905.86,2,0,1,0,0,1,0,0,0,0,0,0,1,0,1,0,0,0
51,45,111,7.5,16.59,64.34,383.21,2,0,1,0,0,1,0,0,0,0,0,0,1,0,1,0,0,0
140,46,50,7.89,17.41,68.27,1785.05,2,0,1,0,0,1,0,0,0,0,0,0,1,0,1,0,0,0
83,75,104,7.45,34.72,72.56,1395.69,2,0,1,0,0,1,0,0,0,0,0,0,1,0,1,0,0,0
104,35,31,6.46,24.57,67.49,1121.1,2,0,1,0,0,1,0,0,0,0,0,0,1,0,1,0,0,0
92,34,69,6.48,11.82,87.4,971.99,2,0,1,0,0,1,0,0,0,0,0,0,1,0,1,0,0,0
97,69,37,7.51,26.48,70.94,1814.98,2,0,1,0,0,1,0,0,0,0,0,0,1,0,1,0,0,0
65,35,61,6.57,14.36,37.26,2448.43,2,0,1,0,0,1,0,0,0,0,0,0,1,0,1,0,0,0
77,42,119,5.2,33.22,49.24,2344.85,2,0,1,0,0,1,0,0,0,0,0,0,1,0,1,0,0,0
41,78,101,5.44,30.11,80.25,2472.06,2,0,1,0,0,1,0,0,0,0,0,0,1,0,1,0,0,0
61,50,124,7.28,24.26,88.74,317.21,2,0,1,0,0,1,0,0,0,0,0,0,1,0,1,0,0,0
108,65,107,5.25,38.06,75.87,523.75,2,0,1,0,0,1,0,0,0,0,0,0,1,0,1,0,0,0
59,40,149,4.98,21.13,55.52,2438.16,2,0,1,0,0,1,0,0,0,0,0,0,1,0,1,0,0,0
159,43,33,5.79,27.54,34.89,2107.76,2,0,1,0,0,1,0,0,0,0,0,0,1,0,1,0,0,0
172,44,123,7.22,23.73,67.53,2096.92,2,0,1,0,0,1,0,0,0,0,0,0,1,0,1,0,0,0
155,57,132,8.1,30.47,68.56,1645.15,2,0,1,0,0,1,0,0,0,0,0,0,1,0,1,0,0,0
66,71,115,5.28,30.46,53.44,871.28,2,0,1,0,0,1,0,0,0,0,0,0,1,0,1,0,0,0
76,47,106,5.25,10.84,62.7,2493.09,2,0,1,0,0,1,0,0,0,0,0,0,1,0,1,0,0,0
100,92,99,6.37,12.42,58.09,878.37,2,0,1,0,0,1,0,0,0,0,0,0,1,0,1,0,0,0
163,74,32,4.91,17.19,78.76,1230.95,2,0,1,0,0,1,0,0,0,0,0,0,1,0,1,0,0,0
155,47,85,4.89,20.4,71.14,1804.36,2,0,1,0,0,1,0,0,0,0,0,0,1,0,1,0,0,0
66,87,98,7.8,30.9,50.97,548.64,2,0,1,0,0,1,0,0,0,0,0,0,1,0,1,0,0,0
66,97,141,6.76,39.19,47.03,2223.62,2,0,1,0,0,1,0,0,0,0,0,0,1,0,1,0,0,0
99,74,110,5.22,27.56,72.18,569.36,2,0,1,0,0,1,0,0,0,0,0,0,1,0,1,0,0,0
153,20,69,7.68,19.52,53.49,1064.62,2,0,1,0,0,1,0,0,0,0,0,0,1,0,1,0,0,0
110,37,68,7.73,23.49,84.78,636.41,2,0,1,0,0,0,1,0,0,0,0,0,1,0,0,0,1,0
83,94,112,7.74,26.13,86.45,2446.63,2,0,1,0,0,0,1,0,0,0,0,0,1,0,0,0,1,0
119,20,148,6.54,29.32,42.54,1785.68,2,0,1,0,0,0,1,0,0,0,0,0,1,0,0,0,1,0
78,38,133,6.26,38.23,41.19,1553.39,2,0,1,0,0,0,1,0,0,0,0,0,1,0,0,0,1,0
39,17,20,5.83,33.24,52.81,555.45,2,0,1,0,0,0,1,0,0,0,0,0,1,0,0,0,1,0
118,59,136,7.53,34.25,31.48,2657.66,2,0,1,0,0,0,1,0,0,0,0,0,1,0,0,0,1,0
132,97,53,5.7,18.27,40.03,1141.01,2,0,1,0,0,0,1,0,0,0,0,0,1,0,0,0,1,0
115,33,32,7.43,20.04,75.91,2481.08,2,0,1,0,0,0,1,0,0,0,0,0,1,0,0,0,1,0
84,65,70,6.16,15.95,46.1,1003.84,2,0,1,0,0,0,1,0,0,0,0,0,1,0,0,0,1,0
52,27,143,5.92,38.18,57.75,1650.03,2,0,1,0,0,0,1,0,0,0,0,0,1,0,0,0,1,0
59,64,91,4.83,23.32,79.88,477.49,2,0,1,0,0,0,1,0,0,0,0,0,1,0,0,0,1,0
130,84,122,6.83,39.35,31.33,2545.95,2,0,1,0,0,0,1,0,0,0,0,0,1,0,0,0,1,0
91,87,26,7.06,25.32,45.47,1790.0,2,0,1,0,0,0,1,0,0,0,0,0,1,0,0,0,1,0
95,42,142,5.97,31.09,57.65,1201.77,2,0,1,0,0,0,1,0,0,0,0,0,1,0,0,0,1,0
158,63,145,7.62,26.43,77.32,462.26,2,0,1,0,0,0,1,0,0,0,0,0,1,0,0,0,1,0
77,64,92,5.25,26.36,45.71,2457.93,2,0,1,0,0,0,1,0,0,0,0,0,1,0,0,0,1,0
125,46,147,7.2,38.08,76.77,1292.9,2,0,1,0,0,0,1,0,0,0,0,0,1,0,0,0,1,0
45,16,90,7.94,28.75,59.34,1720.98,2,0,1,0,0,0,1,0,0,0,0,0,1,0,0,0,1,0
78,91,28,7.22,39.12,42.69,832.68,2,0,1,0,0,0,1,0,0,0,0,0,1,0,0,0,1,0
150,62,72,4.87,37.77,88.69,342.06,2,0,1,0,0,0,1,0,0,0,0,0,1,0,0,0,1,0
156,61,130,5.46,31.12,46.6,2580.08,2,0,1,0,0,0,1,0,0,0,0,0,1,0,0,0,1,0
156,74,49,8.1,19.93,47.9,1879.16,2,0,1,0,0,0,1,0,0,0,0,0,1,0,0,0,1,0
47,73,36,7.06,21.39,56.02,2724.93,2,0,1,0,0,0,1,0,0,0,0,0,1,0,0,0,1,0
132,73,92,4.9,19.02,67.01,2232.37,2,0,1,0,0,0,1,0,0,0,0,0,1,0,0,0,1,0
34,64,96,7.0,14.97,87.75,783.78,2,0,1,0,0,0,1,0,0,0,0,0,1,0,0,0,1,0
119,35,90,4.91,30.14,66.28,1569.41,2,0,1,0,0,0,1,0,0,0,0,0,1,0,0,0,1,0
137,51,32,6.18,21.05,63.72,1290.13,2,0,1,0,0,0,1,0,0,0,0,0,1,0,0,0,1,0
44,54,107,5.86,23.14,43.4,2209.82,2,0,1,0,0,0,1,0,0,0,0,0,1,0,0,0,1,0
56,15,23,7.17,38.92,71.3,2432.6,2,0,1,0,0,0,1,0,0,0,0,0,1,0,0,0,1,0
157,27,44,8.19,23.01,40.21,643.53,2,0,1,0,0,0,1,0,0,0,0,0,1,0,0,0,1,0
41,81,25,7.82,34.56,84.11,632.8,2,0,1,0,0,0,1,0,0,0,0,0,1,0,0,0,1,0
30,29,99,7.85,37.56,81.99,398.92,2,0,1,0,0,0,0,1,0,0,0,0,1,1,0,0,0,0
76,62,75,6.32,32.31,89.9,1027.62,2,0,1,0,0,0,0,1,0,0,0,0,1,1,0,0,0,0
140,40,71,6.83,17.76,71.63,2188.29,2,0,1,0,0,0,0,1,0,0,0,0,1,1,0,0,0,0
78,97,99,5.25,28.6,64.59,2487.84,2,0,1,0,0,0,0,1,0,0,0,0,1,1,0,0,0,0
166,95,130,5.64,22.1,88.63,2054.91,2,0,1,0,0,0,0,1,0,0,0,0,1,1,0,0,0,0
35,91,103,7.33,23.43,82.53,2220.76,2,0,1,0,0,0,0,1,0,0,0,0,1,1,0,0,0,0
159,55,30,6.53,37.37,49.21,1634.8,2,0,1,0,0,0,0,1,0,0,0,0,1,1,0,0,0,0
76,82,79,5.07,12.7,84.07,1092.49,2,0,1,0,0,0,0,1,0,0,0,0,1,1,0,0,0,0
150,81,38,8.17,13.32,63.01,2111.94,2,0,1,0,0,0,0,1,0,0,0,0,1,1,0,0,0,0
179,81,125,5.67,38.99,82.79,1650.37,2,0,1,0,0,0,0,1,0,0,0,0,1,1,0,0,0,0
179,88,66,5.59,19.68,51.7,2621.62,2,0,1,0,0,0,0,1,0,0,0,0,1,1,0,0,0,0
51,76,42,8.05,19.84,50.65,2285.89,2,0,1,0,0,0,0,1,0,0,0,0,1,1,0,0,0,0
82,94,143,5.36,15.79,42.06,314.87,2,0,1,0,0,0,0,1,0,0,0,0,1,1,0,0,0,0
140,88,135,6.73,11.39,82.21,1743.35,2,0,1,0,0,0,0,1,0,0,0,0,1,1,0,0,0,0
167,53,119,5.67,30.61,67.84,2492.0,2,0,1,0,0,0,0,1,0,0,0,0,1,1,0,0,0,0
129,58,34,6.31,33.2,68.22,1642.52,2,0,1,0,0,0,0,1,0,0,0,0,1,1,0,0,0,0
128,55,30,7.09,24.3,40.16,542.88,2,0,1,0,0,0,0,1,0,0,0,0,1,1,0,0,0,0
174,80,45,7.06,10.21,46.23,2695.05,2,0,1,0,0,0,0,1,0,0,0,0,1,1,0,0,0,0
51,44,94,6.09,16.82,82.06,2170.3,2,0,1,0,0,0,0,1,0,0,0,0,1,1,0,0,0,0
53,16,96,5.18,12.85,52.31,1779.34,2,0,1,0,0,0,0,1,0,0,0,0,1,1,0,0,0,0
88,80,106,5.93,16.38,45.57,470.0,2,0,1,0,0,0,0,1,0,0,0,0,1,1,0,0,0,0
52,62,140,5.83,38.13,49.72,1861.16,2,0,1,0,0,0,0,1,0,0,0,0,1,1,0,0,0,0
31,15,111,5.1,22.59,62.78,1185.96,2,0,1,0,0,0,0,1,0,0,0,0,1,1,0,0,0,0
100,16,63,8.07,12.03,74.94,1697.44,2,0,1,0,0,0,0,1,0,0,0,0,1,1,0,0,0,0
94,46,27,5.24,36.99,77.75,1452.51,2,0,1,0,0,0,0,1,0,0,0,0,1,1,0,0,0,0
57,75,54,8.02,31.06,32.18,2290.06,2,0,1,0,0,0,0,1,0,0,0,0,1,1,0,0,0,0
123,25,71,6.38,39.29,41.61,2143.12,2,0,1,0,0,0,0,1,0,0,0,0,1,1,0,0,0,0
126,24,118,6.67,35.89,70.27,736.96,2,0,1,0,0,0,0,1,0,0,0,0,1,1,0,0,0,0
96,16,36,5.56,38.68,86.4,1736.73,2,0,0,1,1,0,0,0,1,0,0,0,0,0,1,0,0,0
179,98,90,5.99,18.2,58.84,527.54,2,0,0,1,1,0,0,0,1,0,0,0,0,0,1,0,0,0
89,53,25,5.27,16.31,83.14,1658.43,2,0,0,1,1,0,0,0,1,0,0,0,0,0,1,0,0,0
173,36,140,7.21,22.34,87.38,1858.03,2,0,0,1,1,0,0,0,1,0,0,0,0,0,1,0,0,0
136,39,78,5.27,26.85,87.79,375.32,2,0,0,1,1,0,0,0,1,0,0,0,0,0,1,0,0,0
102,51,68,7.07,38.09,63.87,1265.23,2,0,0,1,1,0,0,0,1,0,0,0,0,0,1,0,0,0
51,47,47,8.11,21.01,45.84,1955.36,2,0,0,1,1,0,0,0,1,0,0,0,0,0,1,0,0,0
149,32,149,6.61,36.95,68.8,1542.7,2,0,0,1,1,0,0,0,1,0,0,0,0,0,1,0,0,0
98,88,87,7.44,22.64,65.81,1104.73,2,0,0,1,1,0,0,0,1,0,0,0,0,0,1,0,0,0
64,72,96,6.45,16.04,56.35,1813.91,2,0,0,1,1,0,0,0,1,0,0,0,0,0,1,0,0,0
169,51,49,5.85,22.48,80.89,473.6,2,0,0,1,1,0,0,0,1,0,0,0,0,0,1,0,0,0
50,57,72,8.18,14.24,43.36,1026.96,2,0,0,1,1,0,0,0,1,0,0,0,0,0,1,0,0,0
46,21,125,7.38,11.66,65.78,1223.09,2,0,0,1,1,0,0,0,1,0,0,0,0,0,1,0,0,0
107,26,21,4.87,13.71,37.43,1232.67,2,0,0,1,1,0,0,0,1,0,0,0,0,0,1,0,0,0
73,36,110,8.1,25.67,81.66,2309.18,2,0,0,1,1,0,0,0,1,0,0,0,0,0,1,0,0,0
129,93,39,6.69,37.36,48.6,2126.59,2,0,0,1,1,0,0,0,1,0,0,0,0,0,1,0,0,0
103,64,20,6.62,36.97,85.3,1589.18,2,0,0,1,1,0,0,0,1,0,0,0,0,0,1,0,0,0
164,70,44,5.85,17.9,63.07,363.17,2,0,0,1,1,0,0,0,1,0,0,0,0,0,1,0,0,0
32,60,128,5.58,25.29,50.0,810.41,2,0,0,1,1,0,0,0,1,0,0,0,0,0,1,0,0,0
94,61,31,5.63,37.59,31.54,2083.28,2,0,0,1,1,0,0,0,1,0,0,0,0,0,1,0,0,0
120,98,138,5.21,27.01,73.41,2078.54,2,0,0,1,1,0,0,0,1,0,0,0,0,0,1,0,0,0
168,75,72,5.04,24.13,46.55,2750.36,2,0,0,1,1,0,0,0,1,0,0,0,0,0,1,0,0,0
131,22,90,4.83,10.31,79.94,1020.46,2,0,0,1,1,0,0,0,1,0,0,0,0,0,1,0,0,0
148,17,103,4.81,32.27,70.13,1800.94,2,0,0,1,1,0,0,0,1,0,0,0,0,0,1,0,0,0
160,94,59,7.29,37.29,75.56,2635.5,2,0,0,1,1,0,0,0,1,0,0,0,0,0,1,0,0,0
101,83,50,5.01,39.42,66.72,1041.03,2,0,0,1,1,0,0,0,1,0,0,0,0,0,1,0,0,0
37,84,51,7.11,27.29,54.68,1977.88,2,0,0,1,1,0,0,0,1,0,0,0,0,0,1,0,0,0
89,38,75,7.23,14.13,72.92,1185.24,2,0,0,1,0,1,0,0,1,0,0,0,0,0,1,0,0,0
158,18,52,5.84,30.1,30.62,1458.46,2,0,0,1,0,1,0,0,1,0,0,0,0,0,1,0,0,0
89,16,121,7.45,21.74,40.81,2372.62,2,0,0,1,0,1,0,0,1,0,0,0,0,0,1,0,0,0
70,71,134,5.85,33.16,56.22,833.63,2,0,0,1,0,1,0,0,1,0,0,0,0,0,1,0,0,0
102,53,103,5.83,31.93,48.67,2702.78,2,0,0,1,0,1,0,0,1,0,0,0,0,0,1,0,0,0
116,92,49,5.51,35.34,38.12,1331.37,2,0,0,1,0,1,0,0,1,0,0,0,0,0,1,0,0,0
76,70,27,5.44,14.41,61.49,938.95,2,0,0,1,0,1,0,0,1,0,0,0,0,0,1,0,0,0
129,89,95,6.25,29.55,36.85,2631.2,2,0,0,1,0,1,0,0,1,0,0,0,0,0,1,0,0,0
91,69,126,7.17,27.61,73.87,2726.33,2,0,0,1,0,1,0,0,1,0,0,0,0,0,1,0,0,0
102,75,149,5.59,39.86,72.55,1948.13,2,0,0,1,0,1,0,0,1,0,0,0,0,0,1,0,0,0
164,66,103,5.88,22.54,35.78,2329.09,2,0,0,1,0,1,0,0,1,0,0,0,0,0,1,0,0,0
125,17,94,6.81,27.91,39.81,1168.97,2,0,0,1,0,1,0,0,1,0,0,0,0,0,1,0,0,0
125,59,112,6.78,30.95,69.0,681.14,2,0,0,1,0,1,0,0,1,0,0,0,0,0,1,0,0,0
149,69,99,5.37,17.91,64.82,2762.8,2,0,0,1,0,1,0,0,1,0,0,0,0,0,1,0,0,0
154,34,130,5.46,24.5,36.9,1354.64,2,0,0,1,0,1,0,0,1,0,0,0,0,0,1,0,0,0
55,37,127,7.74,17.68,31.53,613.04,2,0,0,1,0,1,0,0,1,0,0,0,0,0,1,0,0,0
58,93,145,5.73,31.12,42.8,1692.82,2,0,0,1,0,1,0,0,1,0,0,0,0,0,1,0,0,0
141,56,47,7.02,21.54,82.25,1824.16,2,0,0,1,0,1,0,0,1,0,0,0,0,0,1,0,0,0
110,33,117,5.73,11.56,50.63,2472.45,2,0,0,1,0,1,0,0,1,0,0,0,0,0,1,0,0,0
45,16,36,6.07,37.37,61.31,1362.61,2,0,0,1,0,1,0,0,1,0,0,0,0,0,1,0,0,0
37,80,29,6.22,12.18,41.76,617.69,2,0,0,1,0,1,0,0,1,0,0,0,0,0,1,0,0,0
71,69,43,6.25,15.22,59.72,519.88,2,0,0,1,0,1,0,0,1,0,0,0,0,0,1,0,0,0
155,51,65,7.24,22.6,43.67,1060.45,2,0,0,1,0,1,0,0,1,0,0,0,0,0,1,0,0,0
140,60,38,7.62,26.39,36.2,659.38,2,0,0,1,0,0,1,0,1,0,0,0,0,0,0,0,0,1
177,62,142,7.77,33.29,37.9,2384.98,2,0,0,1,0,0,1,0,1,0,0,0,0,0,0,0,0,1
43,30,133,7.7,22.86,46.99,388.04,2,0,0,1,0,0,1,0,1,0,0,0,0,0,0,0,0,1
177,63,43,6.57,22.59,45.19,824.75,2,0,0,1,0,0,1,0,1,0,0,0,0,0,0,0,0,1
127,74,96,7.05,33.15,58.11,2264.08,2,0,0,1,0,0,1,0,1,0,0,0,0,0,0,0,0,1
37,77,137,6.52,25.98,78.79,1671.09,2,0,0,1,0,0,1,0,1,0,0,0,0,0,0,0,0,1
111,80,79,6.11,19.31,47.43,1084.99,2,0,0,1,0,0,1,0,1,0,0,0,0,0,0,0,0,1
89,21,123,7.43,31.18,47.68,2796.57,2,0,0,1,0,0,1,0,1,0,0,0,0,0,0,0,0,1
123,86,143,7.46,23.0,35.02,1182.21,2,0,0,1,0,0,1,0,1,0,0,0,0,0,0,0,0,1
145,43,100,8.15,19.47,38.53,1847.54,2,0,0,1,0,0,1,0,1,0,0,0,0,0,0,0,0,1
37,97,71,6.87,17.09,79.94,562.13,2,0,0,1,0,0,1,0,1,0,0,0,0,0,0,0,0,1
155,57,98,6.73,32.15,65.22,1417.98,2,0,0,1,0,0,1,0,1,0,0,0,0,0,0,0,0,1
147,48,104,5.11,21.73,79.16,2211.93,2,0,0,1,0,0,1,0,1,0,0,0,0,0,0,0,0,1
151,58,50,5.42,31.48,59.31,924.06,2,0,0,1,0,0,1,0,1,0,0,0,0,0,0,0,0,1
30,88,113,5.98,33.72,70.14,348.51,2,0,0,1,0,0,1,0,1,0,0,0,0,0,0,0,0,1
108,75,34,5.43,31.03,65.44,2112.23,2,0,0,1,0,0,1,0,1,0,0,0,0,0,0,0,0,1
78,96,134,6.57,23.23,86.12,1203.41,2,0,0,1,0,0,1,0,1,0,0,0,0,0,0,0,0,1
150,83,102,7.08,16.78,71.35,1108.98,2,0,0,1,0,0,1,0,1,0,0,0,0,0,0,0,0,1
154,15,46,6.79,15.57,75.66,509.36,2,0,0,1,0,0,1,0,1,0,0,0,0,0,0,0,0,1
76,68,61,6.83,18.34,52.75,2299.66,2,0,0,1,0,0,1,0,1,0,0,0,0,0,0,0,0,1
115,35,35,5.94,23.43,46.96,1480.38,2,0,0,1,0,0,1,0,1,0,0,0,0,0,0,0,0,1
130,85,49,5.15,12.94,45.28,1022.11,2,0,0,1,0,0,1,0,1,0,0,0,0,0,0,0,0,1
84,98,112,8.06,33.01,53.96,1734.4,2,0,0,1,0,0,1,0,1,0,0,0,0,0,0,0,0,1
162,80,148,7.46,37.34,56.4,1859.22,2,0,0,1,0,0,1,0,1,0,0,0,0,0,0,0,0,1
46,53,143,5.76,18.6,72.74,2722.01,2,0,0,1,0,0,1,0,1,0,0,0,0,0,0,0,0,1
75,22,110,7.0,25.23,44.83,755.08,2,0,0,1,0,0,1,0,1,0,0,0,0,0,0,0,0,1
158,83,24,5.25,14.91,82.14,2069.98,2,0,0,1,0,0,1,0,1,0,0,0,0,0,0,0,0,1
150,78,97,6.16,25.97,47.8,1627.34,2,0,0,1,0,0,1,0,1,0,0,0,0,0,0,0,0,1
173,72,77,6.08,11.02,57.48,2671.57,2,0,0,1,0,0,1,0,1,0,0,0,0,0,0,0,0,1
137,39,83,5.3,30.76,53.07,2351.09,2,0,0,1,0,0,0,1,1,0,0,0,0,1,0,0,0,0
74,23,127,7.4,18.57,48.14,2016.46,2,0,0,1,0,0,0,1,1,0,0,0,0,1,0,0,0,0
124,62,111,6.56,16.27,33.21,472.74,2,0,0,1,0,0,0,1,1,0,0,0,0,1,0,0,0,0
114,39,147,7.39,35.4,35.57,625.63,2,0,0,1,0,0,0,1,1,0,0,0,0,1,0,0,0,0
57,70,133,6.33,18.72,88.33,2795.39,2,0,0,1,0,0,0,1,1,0,0,0,0,1,0,0,0,0
118,33,100,6.68,36.37,81.5,1285.72,2,0,0,1,0,0,0,1,1,0,0,0,0,1,0,0,0,0
63,85,128,5.69,29.81,88.31,1311.12,2,0,0,1,0,0,0,1,1,0,0,0,0,1,0,0,0,0
112,92,34,4.96,19.86,49.81,846.99,2,0,0,1,0,0,0,1,1,0,0,0,0,1,0,0,0,0
173,64,149,5.42,39.37,89.79,1038.42,2,0,0,1,0,0,0,1,1,0,0,0,0,1,0,0,0,0
88,35,50,7.67,13.57,41.16,444.55,2,0,0,1,0,0,0,1,1,0,0,0,0,1,0,0,0,0
146,66,125,6.01,10.36,43.32,340.17,2,0,0,1,0,0,0,1,1,0,0,0,0,1,0,0,0,0
154,54,146,7.19,19.06,67.39,1419.24,2,0,0,1,0,0,0,1,1,0,0,0,0,1,0,0,0,0
167,29,96,7.66,24.64,70.31,1173.39,2,0,0,1,0,0,0,1,1,0,0,0,0,1,0,0,0,0
41,43,62,5.25,11.02,72.68,1858.31,2,0,0,1,0,0,0,1,1,0,0,0,0,1,0,0,0,0
166,60,97,5.93,36.86,37.03,754.16,2,0,0,1,0,0,0,1,1,0,0,0,0,1,0,0,0,0
157,41,28,6.12,29.36,51.59,1065.95,2,0,0,1,0,0,0,1,1,0,0,0,0,1,0,0,0,0
179,84,133,5.12,12.38,87.88,2527.71,2,0,0,1,0,0,0,1,1,0,0,0,0,1,0,0,0,0
72,46,109,5.24,34.8,69.52,1731.64,2,0,0,1,0,0,0,1,1,0,0,0,0,1,0,0,0,0
114,27,148,6.2,11.35,85.93,960.96,2,0,0,1,0,0,0,1,1,0,0,0,0,1,0,0,0,0
160,22,43,7.48,10.12,67.82,2539.99,2,0,0,1,0,0,0,1,1,0,0,0,0,1,0,0,0,0
58,56,148,6.15,27.6,42.51,480.04,2,0,0,1,0,0,0,1,1,0,0,0,0,1,0,0,0,0
171,20,72,6.6,14.17,33.27,424.14,2,0,0,1,0,0,0,1,1,0,0,0,0,1,0,0,0,0
107,29,132,4.9,13.81,87.75,2612.26,2,0,0,1,0,0,0,1,1,0,0,0,0,1,0,0,0,0
86,62,105,5.27,38.97,33.95,2582.88,2,0,0,1,0,0,0,1,1,0,0,0,0,1,0,0,0,0
128,77,40,6.93,19.0,84.49,1703.6,2,0,0,1,1,0,0,0,0,1,0,0,0,1,0,0,0,0
107,84,33,7.02,15.03,50.45,1698.92,2,0,0,1,1,0,0,0,0,1,0,0,0,1,0,0,0,0
82,37,106,6.48,10.98,64.23,909.84,2,0,0,1,1,0,0,0,0,1,0,0,0,1,0,0,0,0
97,46,132,6.44,13.86,71.89,1221.16,2,0,0,1,1,0,0,0,0,1,0,0,0,1,0,0,0,0
154,92,30,7.99,20.36,63.83,842.9,2,0,0,1,1,0,0,0,0,1,0,0,0,1,0,0,0,0
150,88,70,6.45,28.47,47.49,1116.35,2,0,0,1,1,0,0,0,0,1,0,0,0,1,0,0,0,0
142,33,118,8.18,15.48,37.21,1046.63,2,0,0,1,1,0,0,0,0,1,0,0,0,1,0,0,0,0
106,57,64,7.55,37.15,59.52,2034.65,2,0,0,1,1,0,0,0,0,1,0,0,0,1,0,0,0,0
38,47,116,5.18,36.64,41.67,1609.92,2,0,0,1,1,0,0,0,0,1,0,0,0,1,0,0,0,0
96,85,54,6.57,12.88,60.28,1395.15,2,0,0,1,1,0,0,0,0,1,0,0,0,1,0,0,0,0
84,92,121,5.92,25.26,37.88,2747.67,2,0,0,1,1,0,0,0,0,1,0,0,0,1,0,0,0,0
86,55,44,6.62,39.34,76.21,742.09,2,0,0,1,1,0,0,0,0,1,0,0,0,1,0,0,0,0
110,42,47,5.77,30.85,63.13,2392.72,2,0,0,1,1,0,0,0,0,1,0,0,0,1,0,0,0,0
145,90,143,7.45,24.48,32.29,2189.33,2,0,0,1,1,0,0,0,0,1,0,0,0,1,0,0,0,0
161,77,99,6.63,13.09,31.54,1280.79,2,0,0,1,1,0,0,0,0,1,0,0,0,1,0,0,0,0
51,83,24,5.99,16.69,81.49,638.16,2,0,0,1,1,0,0,0,0,1,0,0,0,1,0,0,0,0
59,55,141,6.98,31.7,32.07,2078.08,2,0,0,1,1,0,0,0,0,1,0,0,0,1,0,0,0,0
111,55,77,7.02,15.1,42.93,2268.14,2,0,0,1,1,0,0,0,0,1,0,0,0,1,0,0,0,0
101,86,124,6.78,21.24,87.34,890.7,2,0,0,1,1,0,0,0,0,1,0,0,0,1,0,0,0,0
167,91,128,7.72,17.33,68.98,2454.2,2,0,0,1,1,0,0,0,0,1,0,0,0,1,0,0,0,0
83,89,53,7.56,36.06,39.85,984.38,2,0,0,1,1,0,0,0,0,1,0,0,0,1,0,0,0,0
140,43,87,6.44,29.96,78.12,1591.37,2,0,0,1,1,0,0,0,0,1,0,0,0,1,0,0,0,0
59,21,96,4.93,28.83,68.29,826.72,2,0,0,1,1,0,0,0,0,1,0,0,0,1,0,0,0,0
77,77,124,6.7,35.39,58.45,1682.14,2,0,0,1,1,0,0,0,0,1,0,0,0,1,0,0,0,0
140,23,95,6.75,26.41,79.38,903.52,2,0,0,1,1,0,0,0,0,1,0,0,0,1,0,0,0,0
39,88,93,5.59,14.09,53.71,960.84,2,0,0,1,1,0,0,0,0,1,0,0,0,1,0,0,0,0
92,23,56,7.93,10.08,47.1,1253.34,2,0,0,1,1,0,0,0,0,1,0,0,0,1,0,0,0,0
157,33,33,8.03,32.46,89.52,2574.3,2,0,0,1,1,0,0,0,0,1,0,0,0,1,0,0,0,0
64,20,120,5.82,23.64,60.73,511.85,2,0,0,1,1,0,0,0,0,1,0,0,0,1,0,0,0,0
153,41,47,7.08,35.87,30.15,565.46,2,0,0,1,1,0,0,0,0,1,0,0,0,1,0,0,0,0
98,16,60,7.59,21.7,84.24,2461.15,2,0,0,1,1,0,0,0,0,1,0,0,0,1,0,0,0,0
124,41,102,6.91,21.74,41.56,305.94,2,0,0,1,0,1,0,0,0,1,0,0,0,1,0,0,0,0
53,38,141,6.52,15.29,59.4,2132.09,2,0,0,1,0,1,0,0,0,1,0,0,0,1,0,0,0,0
34,75,120,7.42,35.51,53.8,1878.68,2,0,0,1,0,1,0,0,0,1,0,0,0,1,0,0,0,0
128,94,88,6.67,19.32,31.29,2543.97,2,0,0,1,0,1,0,0,0,1,0,0,0,1,0,0,0,0
112,63,46,5.88,36.15,50.5,1197.22,2,0,0,1,0,1,0,0,0,1,0,0,0,1,0,0,0,0
87,30,28,5.65,22.81,82.06,616.5,2,0,0,1,0,1,0,0,0,1,0,0,0,1,0,0,0,0
115,83,36,6.74,21.82,53.11,2329.15,2,0,0,1,0,1,0,0,0,1,0,0,0,1,0,0,0,0
40,92,143,6.95,27.23,38.37,2455.97,2,0,0,1,0,1,0,0,0,1,0,0,0,1,0,0,0,0
134,68,67,5.6,31.55,68.09,2277.95,2,0,0,1,0,1,0,0,0,1,0,0,0,1,0,0,0,0
39,62,129,6.88,17.33,53.77,1562.41,2,0,0,1,0,1,0,0,0,1,0,0,0,1,0,0,0,0
67,66,110,6.81,14.33,68.47,2017.88,2,0,0,1,0,1,0,0,0,1,0,0,0,1,0,0,0,0
145,95,91,7.48,12.16,57.13,1512.89,2,0,0,1,0,1,0,0,0,1,0,0,0,1,0,0,0,0
61,54,79,5.05,38.89,79.28,2636.46,2,0,0,1,0,1,0,0,0,1,0,0,0,1,0,0,0,0
162,27,89,8.2,32.04,46.75,1722.85,2,0,0,1,0,1,0,0,0,1,0,0,0,1,0,0,0,0
105,56,78,6.31,13.1,31.54,2510.72,2,0,0,1,0,1,0,0,0,1,0,0,0,1,0,0,0,0
122,16,45,5.68,14.41,52.78,512.4,2,0,0,1,0,1,0,0,0,1,0,0,0,1,0,0,0,0
98,50,29,6.39,34.44,89.35,2209.42,2,0,0,1,0,1,0,0,0,1,0,0,0,1,0,0,0,0
40,19,36,6.04,31.16,57.19,2717.38,2,0,0,1,0,1,0,0,0,1,0,0,0,1,0,0,0,0
109,91,56,6.69,14.71,82.89,548.94,2,0,0,1,0,1,0,0,0,1,0,0,0,1,0,0,0,0
68,22,138,6.79,14.77,38.72,782.36,2,0,0,1,0,1,0,0,0,1,0,0,0,1,0,0,0,0
94,80,99,5.8,30.31,31.03,1650.18,2,0,0,1,0,1,0,0,0,1,0,0,0,1,0,0,0,0
97,50,138,7.56,12.43,55.19,2451.19,2,0,0,1,0,1,0,0,0,1,0,0,0,1,0,0,0,0
115,28,57,7.54,14.52,56.65,390.22,2,0,0,1,0,1,0,0,0,1,0,0,0,1,0,0,0,0
115,30,88,5.8,36.39,60.3,981.33,2,0,0,1,0,1,0,0,0,1,0,0,0,1,0,0,0,0
172,30,84,7.61,12.46,69.11,1768.35,2,0,0,1,0,1,0,0,0,1,0,0,0,1,0,0,0,0
66,17,142,6.98,36.05,62.67,944.01,2,0,0,1,0,1,0,0,0,1,0,0,0,1,0,0,0,0
142,62,109,6.54,23.04,35.96,2014.83,2,0,0,1,0,1,0,0,0,1,0,0,0,1,0,0,0,0
53,87,93,7.64,37.15,70.61,758.42,2,0,0,1,0,1,0,0,0,1,0,0,0,1,0,0,0,0
31,22,136,5.56,19.77,32.11,1378.81,2,0,0,1,0,0,1,0,0,1,0,0,0,0,0,0,0,1
32,92,132,7.59,36.39,86.47,955.86,2,0,0,1,0,0,1,0,0,1,0,0,0,0,0,0,0,1
160,74,83,7.57,39.51,36.13,1333.1,2,0,0,1,0,0,1,0,0,1,0,0,0,0,0,0,0,1
157,18,45,7.8,34.47,34.83,1974.9,2,0,0,1,0,0,1,0,0,1,0,0,0,0,0,0,0,1
131,44,125,6.06,33.31,54.38,1458.04,2,0,0,1,0,0,1,0,0,1,0,0,0,0,0,0,0,1
158,22,141,6.7,10.78,62.46,1432.61,2,0,0,1,0,0,1,0,0,1,0,0,0,0,0,0,0,1
105,51,61,8.14,14.66,38.02,1306.64,2,0,0,1,0,0,1,0,0,1,0,0,0,0,0,0,0,1
56,23,61,6.23,12.23,30.78,1642.83,2,0,0,1,0,0,1,0,0,1,0,0,0,0,0,0,0,1
173,67,90,7.34,34.45,41.48,1249.66,2,0,0,1,0,0,1,0,0,1,0,0,0,0,0,0,0,1
93,37,144,6.44,21.04,45.57,1011.34,2,0,0,1,0,0,1,0,0,1,0,0,0,0,0,0,0,1
107,64,50,6.0,22.3,64.06,1907.2,2,0,0,1,0,0,1,0,0,1,0,0,0,0,0,0,0,1
110,60,92,5.76,17.74,70.37,917.59,2,0,0,1,0,0,1,0,0,1,0,0,0,0,0,0,0,1
73,41,123,4.88,28.91,65.2,1663.22,2,0,0,1,0,0,1,0,0,1,0,0,0,0,0,0,0,1
92,34,83,7.82,19.52,53.25,539.88,2,0,0,1,0,0,1,0,0,1,0,0,0,0,0,0,0,1
74,35,33,5.68,15.1,32.92,2536.62,2,0,0,1,0,0,1,0,0,1,0,0,0,0,0,0,0,1
64,17,114,5.94,25.42,41.14,2183.36,2,0,0,1,0,0,1,0,0,1,0,0,0,0,0,0,0,1
85,36,58,5.89,22.33,35.8,1826.53,2,0,0,1,0,0,1,0,0,1,0,0,0,0,0,0,0,1
151,23,99,5.45,35.23,79.34,2252.6,2,0,0,1,0,0,1,0,0,1,0,0,0,0,0,0,0,1
123,59,132,5.53,31.04,40.43,2613.89,2,0,0,1,0,0,1,0,0,1,0,0,0,0,0,0,0,1
119,64,106,7.74,25.98,84.86,2543.19,2,0,0,1,0,0,1,0,0,1,0,0,0,0,0,0,0,1
96,53,24,6.18,31.64,58.7,910.63,2,0,0,1,0,0,1,0,0,1,0,0,0,0,0,0,0,1
52,56,138,6.61,11.78,35.16,1014.37,2,0,0,1,0,0,1,0,0,1,0,0,0,0,0,0,0,1
95,99,26,7.71,24.77,51.61,1952.15,2,0,0,1,0,0,1,0,0,1,0,0,0,0,0,0,0,1
112,65,60,5.81,14.24,89.46,2006.9,2,0,0,1,0,0,1,0,0,1,0,0,0,0,0,0,0,1
31,72,44,7.72,10.15,83.63,660.05,2,0,0,1,0,0,1,0,0,1,0,0,0,0,0,0,0,1
110,77,118,6.53,20.74,76.96,2053.58,2,0,0,1,0,0,1,0,0,1,0,0,0,0,0,0,0,1
33,85,140,5.28,26.67,37.36,1970.32,2,0,0,1,0,0,1,0,0,1,0,0,0,0,0,0,0,1
58,74,112,5.63,20.83,49.96,1105.49,2,0,0,1,0,0,1,0,0,1,0,0,0,0,0,0,0,1
99,38,130,7.54,33.25,46.42,1995.71,2,0,0,1,0,0,1,0,0,1,0,0,0,0,0,0,0,1
87,19,116,5.61,35.91,83.26,747.99,2,0,0,1,0,0,1,0,0,1,0,0,0,0,0,0,0,1
67,63,26,5.13,16.92,87.04,958.12,2,0,0,1,0,0,1,0,0,1,0,0,0,0,0,0,0,1
140,19,38,6.06,21.26,33.17,1424.9,2,0,0,1,0,0,0,1,0,1,0,0,0,1,0,0,0,0
155,62,76,7.28,34.19,49.13,1109.25,2,0,0,1,0,0,0,1,0,1,0,0,0,1,0,0,0,0
178,83,44,7.47,34.12,76.26,2351.13,2,0,0,1,0,0,0,1,0,1,0,0,0,1,0,0,0,0
168,26,94,5.35,19.85,88.05,1655.52,2,0,0,1,0,0,0,1,0,1,0,0,0,1,0,0,0,0
33,40,131,8.05,30.83,54.19,827.75,2,0,0,1,0,0,0,1,0,1,0,0,0,1,0,0,0,0
178,33,63,5.19,38.27,48.08,2116.17,2,0,0,1,0,0,0,1,0,1,0,0,0,1,0,0,0,0
84,82,125,6.93,24.72,54.96,1615.09,2,0,0,1,0,0,0,1,0,1,0,0,0,1,0,0,0,0
39,76,58,7.36,34.78,73.04,1049.57,2,0,0,1,0,0,0,1,0,1,0,0,0,1,0,0,0,0
71,21,56,5.77,39.72,89.63,2495.72,2,0,0,1,0,0,0,1,0,1,0,0,0,1,0,0,0,0
145,44,92,6.2,10.63,59.01,1646.69,2,0,0,1,0,0,0,1,0,1,0,0,0,1,0,0,0,0
124,55,73,7.97,23.23,64.48,1653.95,2,0,0,1,0,0,0,1,0,1,0,0,0,1,0,0,0,0
108,71,113,6.33,25.82,45.86,2247.96,2,0,0,1,0,0,0,1,0,1,0,0,0,1,0,0,0,0
150,44,85,4.9,12.02,51.47,1155.73,2,0,0,1,0,0,0,1,0,1,0,0,0,1,0,0,0,0
160,50,78,5.04,29.61,74.5,694.87,2,0,0,1,0,0,0,1,0,1,0,0,0,1,0,0,0,0
144,54,47,7.84,25.17,76.66,1057.14,2,0,0,1,0,0,0,1,0,1,0,0,0,1,0,0,0,0
176,22,83,4.96,27.76,77.23,1076.64,2,0,0,1,0,0,0,1,0,1,0,0,0,1,0,0,0,0
116,69,79,7.87,27.71,59.49,1465.56,2,0,0,1,0,0,0,1,0,1,0,0,0,1,0,0,0,0
34,71,67,8.08,34.26,87.85,1829.29,2,0,0,1,0,0,0,1,0,1,0,0,0,1,0,0,0,0
74,20,122,7.29,28.35,78.67,1092.52,2,0,0,1,0,0,0,1,0,1,0,0,0,1,0,0,0,0
148,42,74,6.49,23.84,61.01,1558.79,2,0,0,1,0,0,0,1,0,1,0,0,0,1,0,0,0,0
58,16,142,6.37,34.96,30.98,2695.8,2,0,0,1,0,0,0,1,0,1,0,0,0,1,0,0,0,0
30,86,62,6.96,11.27,87.32,1603.37,2,0,0,1,0,0,0,1,0,1,0,0,0,1,0,0,0,0
53,66,123,5.56,26.45,68.28,1419.78,2,0,0,1,1,0,0,0,0,0,1,0,0,1,0,0,0,0
73,73,60,4.89,32.71,38.45,726.92,2,0,0,1,1,0,0,0,0,0,1,0,0,1,0,0,0,0
46,34,90,5.59,32.36,89.6,558.65,2,0,0,1,1,0,0,0,0,0,1,0,0,1,0,0,0,0
137,19,116,6.32,20.04,83.69,322.43,2,0,0,1,1,0,0,0,0,0,1,0,0,1,0,0,0,0
163,82,121,7.1,17.64,47.16,2284.69,2,0,0,1,1,0,0,0,0,0,1,0,0,1,0,0,0,0
99,70,35,5.11,36.47,78.55,1702.09,2,0,0,1,1,0,0,0,0,0,1,0,0,1,0,0,0,0
170,68,129,4.82,22.07,44.99,2766.44,2,0,0,1,1,0,0,0,0,0,1,0,0,1,0,0,0,0
129,23,87,5.67,29.2,59.98,1171.76,2,0,0,1,1,0,0,0,0,0,1,0,0,1,0,0,0,0
60,77,45,7.15,25.24,53.37,673.88,2,0,0,1,1,0,0,0,0,0,1,0,0,1,0,0,0,0
98,60,80,7.79,19.49,81.6,623.18,2,0,0,1,1,0,0,0,0,0,1,0,0,1,0,0,0,0
131,18,134,7.95,34.65,34.52,2767.69,2,0,0,1,1,0,0,0,0,0,1,0,0,1,0,0,0,0
44,56,121,7.9,12.24,63.95,1341.88,2,0,0,1,1,0,0,0,0,0,1,0,0,1,0,0,0,0
127,97,21,8.17,10.9,77.58,1363.12,2,0,0,1,1,0,0,0,0,0,1,0,0,1,0,0,0,0
173,81,26,6.43,38.71,54.59,1109.94,2,0,0,1,1,0,0,0,0,0,1,0,0,1,0,0,0,0
94,40,98,7.93,37.42,49.82,1892.58,2,0,0,1,1,0,0,0,0,0,1,0,0,1,0,0,0,0
100,66,84,7.3,21.45,42.22,2734.56,2,0,0,1,1,0,0,0,0,0,1,0,0,1,0,0,0,0
147,45,67,7.64,29.53,60.99,763.0,2,0,0,1,1,0,0,0,0,0,1,0,0,1,0,0,0,0
145,43,132,7.21,33.31,43.72,394.68,2,0,0,1,1,0,0,0,0,0,1,0,0,1,0,0,0,0
33,16,25,7.81,26.33,84.36,2630.02,2,0,0,1,1,0,0,0,0,0,1,0,0,1,0,0,0,0
139,29,145,6.2,25.08,66.93,525.22,2,0,0,1,1,0,0,0,0,0,1,0,0,1,0,0,0,0
61,15,106,5.98,33.86,73.69,2430.32,2,0,0,1,1,0,0,0,0,0,1,0,0,1,0,0,0,0
75,81,107,5.18,10.47,54.55,859.77,2,0,0,1,1,0,0,0,0,0,1,0,0,1,0,0,0,0
52,55,107,6.13,25.8,40.95,959.36,2,0,0,1,1,0,0,0,0,0,1,0,0,1,0,0,0,0
64,93,75,7.1,29.27,63.44,869.52,2,0,0,1,1,0,0,0,0,0,1,0,0,1,0,0,0,0
44,91,77,7.3,21.9,72.44,1951.3,2,0,0,1,1,0,0,0,0,0,1,0,0,1,0,0,0,0
174,79,55,7.29,22.72,69.64,955.77,2,0,0,1,1,0,0,0,0,0,1,0,0,1,0,0,0,0
160,37,133,5.34,29.82,56.73,2569.9,2,0,0,1,1,0,0,0,0,0,1,0,0,1,0,0,0,0
101,22,41,8.15,12.53,76.03,1031.63,2,0,0,1,1,0,0,0,0,0,1,0,0,1,0,0,0,0
67,86,101,7.85,13.68,58.6,1691.73,2,0,0,1,1,0,0,0,0,0,1,0,0,1,0,0,0,0
129,32,109,5.68,36.41,67.41,589.38,2,0,0,1,1,0,0,0,0,0,1,0,0,1,0,0,0,0
129,85,63,6.83,33.2,79.92,2499.15,2,0,0,1,1,0,0,0,0,0,1,0,0,1,0,0,0,0
179,58,122,6.95,33.39,57.49,920.53,2,0,0,1,1,0,0,0,0,0,1,0,0,1,0,0,0,0
44,18,117,7.31,39.89,63.63,2692.06,2,0,0,1,1,0,0,0,0,0,1,0,0,1,0,0,0,0
168,20,135,6.95,15.48,88.32,500.88,2,0,0,1,1,0,0,0,0,0,1,0,0,1,0,0,0,0
116,16,84,6.43,13.34,51.56,2036.67,2,0,0,1,1,0,0,0,0,0,1,0,0,1,0,0,0,0
163,80,75,7.49,35.44,66.88,523.05,2,0,0,1,1,0,0,0,0,0,1,0,0,1,0,0,0,0
125,60,33,5.08,16.46,41.34,603.71,2,0,0,1,0,1,0,0,0,0,1,0,0,1,0,0,0,0
53,87,115,5.42,36.92,69.05,2150.8,2,0,0,1,0,1,0,0,0,0,1,0,0,1,0,0,0,0
157,42,76,7.08,35.71,45.27,354.53,2,0,0,1,0,1,0,0,0,0,1,0,0,1,0,0,0,0
144,53,21,4.95,13.91,40.99,1576.11,2,0,0,1,0,1,0,0,0,0,1,0,0,1,0,0,0,0
38,77,109,7.86,26.11,35.27,856.14,2,0,0,1,0,1,0,0,0,0,1,0,0,1,0,0,0,0
98,15,113,6.84,10.67,49.89,1002.52,2,0,0,1,0,1,0,0,0,0,1,0,0,1,0,0,0,0
78,47,115,6.24,22.4,69.92,913.77,2,0,0,1,0,1,0,0,0,0,1,0,0,1,0,0,0,0
79,94,21,5.2,24.29,60.25,1230.29,2,0,0,1,0,1,0,0,0,0,1,0,0,1,0,0,0,0
153,96,50,7.56,29.42,72.61,1141.88,2,0,0,1,0,1,0,0,0,0,1,0,0,1,0,0,0,0
67,94,119,7.82,14.11,79.12,1409.5,2,0,0,1,0,1,0,0,0,0,1,0,0,1,0,0,0,0
149,33,81,5.7,37.04,43.71,2146.02,2,0,0,1,0,1,0,0,0,0,1,0,0,1,0,0,0,0
177,52,140,4.93,33.19,76.39,1460.85,2,0,0,1,0,1,0,0,0,0,1,0,0,1,0,0,0,0
100,61,40,4.91,13.81,82.24,585.33,2,0,0,1,0,1,0,0,0,0,1,0,0,1,0,0,0,0
33,38,98,5.94,22.66,38.86,2470.26,2,0,0,1,0,1,0,0,0,0,1,0,0,1,0,0,0,0
35,64,135,6.2,39.93,47.57,2059.06,2,0,0,1,0,1,0,0,0,0,1,0,0,1,0,0,0,0
121,61,49,6.64,30.33,31.48,1347.62,2,0,0,1,0,1,0,0,0,0,1,0,0,1,0,0,0,0
93,74,76,6.58,29.74,45.77,878.46,2,0,0,1,0,1,0,0,0,0,1,0,0,1,0,0,0,0
77,45,101,7.83,10.48,75.27,1808.34,2,0,0,1,0,1,0,0,0,0,1,0,0,1,0,0,0,0
93,66,111,6.41,26.91,89.99,2263.05,2,0,0,1,0,1,0,0,0,0,1,0,0,1,0,0,0,0
118,92,76,7.49,20.15,73.21,1300.88,2,0,0,1,0,1,0,0,0,0,1,0,0,1,0,0,0,0
35,74,83,5.97,38.82,61.22,1130.81,2,0,0,1,0,1,0,0,0,0,1,0,0,1,0,0,0,0
162,50,65,5.81,33.6,48.43,1355.71,2,0,0,1,0,1,0,0,0,0,1,0,0,1,0,0,0,0
110,46,131,6.74,39.12,67.42,2365.37,2,0,0,1,0,1,0,0,0,0,1,0,0,1,0,0,0,0
160,20,120,7.35,20.94,83.69,1066.5,2,0,0,1,0,0,1,0,0,0,1,0,0,0,0,0,1,0
64,60,67,6.77,13.0,44.25,926.39,2,0,0,1,0,0,1,0,0,0,1,0,0,0,0,0,1,0
142,15,118,7.28,31.11,45.81,881.8,2,0,0,1,0,0,1,0,0,0,1,0,0,0,0,0,1,0
35,74,64,5.08,23.74,48.25,1027.45,2,0,0,1,0,0,1,0,0,0,1,0,0,0,0,0,1,0
48,92,122,6.09,25.58,55.32,509.84,2,0,0,1,0,0,1,0,0,0,1,0,0,0,0,0,1,0
85,64,48,6.08,31.33,30.44,2649.37,2,0,0,1,0,0,1,0,0,0,1,0,0,0,0,0,1,0
127,99,60,7.45,11.01,33.29,2284.8,2,0,0,1,0,0,1,0,0,0,1,0,0,0,0,0,1,0
137,71,70,7.12,28.54,62.76,2394.83,2,0,0,1,0,0,1,0,0,0,1,0,0,0,0,0,1,0
165,34,71,8.04,32.37,51.9,2538.46,2,0,0,1,0,0,1,0,0,0,1,0,0,0,0,0,1,0
117,51,50,7.59,22.49,62.26,346.82,2,0,0,1,0,0,1,0,0,0,1,0,0,0,0,0,1,0
176,42,107,7.99,38.34,39.01,1664.21,2,0,0,1,0,0,1,0,0,0,1,0,0,0,0,0,1,0
43,44,148,7.23,29.25,65.65,1137.61,2,0,0,1,0,0,1,0,0,0,1,0,0,0,0,0,1,0
113,87,147,7.48,37.62,39.65,2742.46,2,0,0,1,0,0,1,0,0,0,1,0,0,0,0,0,1,0
37,73,20,7.2,18.18,47.11,1672.65,2,0,0,1,0,0,1,0,0,0,1,0,0,0,0,0,1,0
149,59,144,7.1,21.68,48.59,343.08,2,0,0,1,0,0,1,0,0,0,1,0,0,0,0,0,1,0
118,80,124,6.71,38.73,50.48,2634.19,2,0,0,1,0,0,1,0,0,0,1,0,0,0,0,0,1,0
113,30,30,7.21,34.8,46.14,558.73,2,0,0,1,0,0,1,0,0,0,1,0,0,0,0,0,1,0
91,55,71,8.19,20.97,39.39,670.99,2,0,0,1,0,0,1,0,0,0,1,0,0,0,0,0,1,0
177,17,115,5.92,21.05,56.23,2161.26,2,0,0,1,0,0,1,0,0,0,1,0,0,0,0,0,1,0
162,35,50,5.08,25.53,79.34,2796.47,2,0,0,1,0,0,1,0,0,0,1,0,0,0,0,0,1,0
35,20,117,5.27,31.57,34.98,1533.95,2,0,0,1,0,0,1,0,0,0,1,0,0,0,0,0,1,0
79,66,94,8.02,10.7,30.2,1008.41,2,0,0,1,0,0,1,0,0,0,1,0,0,0,0,0,1,0
32,43,134,6.66,35.67,45.92,996.96,2,0,0,1,0,0,1,0,0,0,1,0,0,0,0,0,1,0
119,32,46,5.93,29.27,83.01,1127.87,2,0,0,1,0,0,1,0,0,0,1,0,0,0,0,0,1,0
62,15,73,6.83,13.54,58.4,1563.66,2,0,0,1,0,0,1,0,0,0,1,0,0,0,0,0,1,0
106,21,134,5.28,15.25,64.73,1233.93,2,0,0,1,0,0,1,0,0,0,1,0,0,0,0,0,1,0
121,72,120,6.89,13.78,62.07,935.47,2,0,0,1,0,0,1,0,0,0,1,0,0,0,0,0,1,0
102,76,45,5.78,34.2,72.91,2486.25,2,0,0,1,0,0,1,0,0,0,1,0,0,0,0,0,1,0
111,22,48,7.67,37.7,81.92,1251.47,2,0,0,1,0,0,1,0,0,0,1,0,0,0,0,0,1,0
54,41,147,6.2,35.0,76.01,885.42,2,0,0,1,0,0,1,0,0,0,1,0,0,0,0,0,1,0
88,63,65,7.79,31.89,84.97,515.52,2,0,0,1,0,0,0,1,0,0,1,0,0,1,0,0,0,0
121,22,90,4.8,31.06,32.93,2068.66,2,0,0,1,0,0,0,1,0,0,1,0,0,1,0,0,0,0
151,69,112,7.5,21.71,69.33,606.22,2,0,0,1,0,0,0,1,0,0,1,0,0,1,0,0,0,0
145,40,42,5.69,22.21,67.26,2223.62,2,0,0,1,0,0,0,1,0,0,1,0,0,1,0,0,0,0
141,43,137,7.62,11.86,87.49,2020.68,2,0,0,1,0,0,0,1,0,0,1,0,0,1,0,0,0,0
135,36,109,5.37,25.22,59.52,816.51,2,0,0,1,0,0,0,1,0,0,1,0,0,1,0,0,0,0
65,46,87,7.74,34.27,37.94,2517.01,2,0,0,1,0,0,0,1,0,0,1,0,0,1,0,0,0,0
101,49,124,6.08,23.91,68.97,781.32,2,0,0,1,0,0,0,1,0,0,1,0,0,1,0,0,0,0
97,77,33,5.28,12.31,73.42,717.35,2,0,0,1,0,0,0,1,0,0,1,0,0,1,0,0,0,0
47,73,55,7.07,17.0,60.91,707.0,2,0,0,1,0,0,0,1,0,0,1,0,0,1,0,0,0,0
108,34,32,8.07,35.87,45.78,2129.3,2,0,0,1,0,0,0,1,0,0,1,0,0,1,0,0,0,0
124,63,106,6.17,15.76,79.74,1312.18,2,0,0,1,0,0,0,1,0,0,1,0,0,1,0,0,0,0
44,16,102,7.26,38.47,71.88,1069.97,2,0,0,1,0,0,0,1,0,0,1,0,0,1,0,0,0,0
41,74,72,8.13,11.9,53.51,2620.34,2,0,0,1,0,0,0,1,0,0,1,0,0,1,0,0,0,0
139,73,75,7.96,27.36,53.79,864.06,2,0,0,1,0,0,0,1,0,0,1,0,0,1,0,0,0,0
155,21,126,6.54,38.4,32.95,974.87,2,0,0,1,0,0,0,1,0,0,1,0,0,1,0,0,0,0
140,88,120,8.04,12.2,46.16,2226.91,2,0,0,1,0,0,0,1,0,0,1,0,0,1,0,0,0,0
54,31,144,6.27,32.46,42.27,629.05,2,0,0,1,0,0,0,1,0,0,1,0,0,1,0,0,0,0
115,82,123,7.74,36.89,43.62,2674.0,2,0,0,1,0,0,0,1,0,0,1,0,0,1,0,0,0,0
86,56,108,5.05,26.03,35.75,2630.5,2,0,0,1,0,0,0,1,0,0,1,0,0,1,0,0,0,0
47,67,93,7.63,26.0,39.46,599.43,2,0,0,1,0,0,0,1,0,0,1,0,0,1,0,0,0,0
169,19,49,7.08,16.66,42.51,2261.22,2,0,0,1,0,0,0,1,0,0,1,0,0,1,0,0,0,0
56,49,59,7.35,17.03,40.84,2217.7,2,0,0,1,0,0,0,1,0,0,1,0,0,1,0,0,0,0
159,57,95,4.94,30.68,73.65,1941.11,2,0,0,1,1,0,0,0,0,0,0,1,0,0,1,0,0,0
86,79,113,5.73,10.42,55.85,750.23,2,0,0,1,1,0,0,0,0,0,0,1,0,0,1,0,0,0
150,85,63,7.3,12.74,30.28,2699.09,2,0,0,1,1,0,0,0,0,0,0,1,0,0,1,0,0,0
146,36,110,5.33,11.93,82.1,1864.73,2,0,0,1,1,0,0,0,0,0,0,1,0,0,1,0,0,0
57,58,86,7.28,24.76,74.2,1163.15,2,0,0,1,1,0,0,0,0,0,0,1,0,0,1,0,0,0
135,66,147,7.09,38.25,47.89,1519.28,2,0,0,1,1,0,0,0,0,0,0,1,0,0,1,0,0,0
92,71,105,7.33,39.77,43.9,2561.89,2,0,0,1,1,0,0,0,0,0,0,1,0,0,1,0,0,0
31,35,54,5.72,14.3,58.95,1051.33,2,0,0,1,1,0,0,0,0,0,0,1,0,0,1,0,0,0
57,44,78,5.56,14.14,39.74,707.87,2,0,0,1,1,0,0,0,0,0,0,1,0,0,1,0,0,0
47,29,82,4.88,28.82,36.71,1612.32,2,0,0,1,1,0,0,0,0,0,0,1,0,0,1,0,0,0
41,67,99,5.58,23.63,45.99,2339.09,2,0,0,1,1,0,0,0,0,0,0,1,0,0,1,0,0,0
138,24,92,7.65,34.32,56.74,1606.57,2,0,0,1,1,0,0,0,0,0,0,1,0,0,1,0,0,0
103,70,63,5.43,38.63,73.83,581.86,2,0,0,1,1,0,0,0,0,0,0,1,0,0,1,0,0,0
134,44,78,5.26,16.14,40.0,1496.17,2,0,0,1,1,0,0,0,0,0,0,1,0,0,1,0,0,0
82,37,93,6.94,17.23,53.53,1892.54,2,0,0,1,1,0,0,0,0,0,0,1,0,0,1,0,0,0
53,78,116,7.29,31.33,83.89,377.22,2,0,0,1,1,0,0,0,0,0,0,1,0,0,1,0,0,0
116,58,21,7.78,11.56,60.0,854.0,2,0,0,1,1,0,0,0,0,0,0,1,0,0,1,0,0,0
135,79,137,7.88,34.26,80.55,2505.03,2,0,0,1,1,0,0,0,0,0,0,1,0,0,1,0,0,0
170,69,56,5.78,18.71,77.46,344.17,2,0,0,1,1,0,0,0,0,0,0,1,0,0,1,0,0,0
30,34,117,7.48,17.87,33.2,1582.42,2,0,0,1,0,1,0,0,0,0,0,1,0,0,1,0,0,0
80,97,36,6.38,31.38,34.47,859.47,2,0,0,1,0,1,0,0,0,0,0,1,0,0,1,0,0,0
96,44,130,7.52,21.54,63.21,1076.29,2,0,0,1,0,1,0,0,0,0,0,1,0,0,1,0,0,0
111,64,74,6.89,11.02,62.34,1391.79,2,0,0,1,0,1,0,0,0,0,0,1,0,0,1,0,0,0
37,39,52,7.36,39.57,78.14,1168.06,2,0,0,1,0,1,0,0,0,0,0,1,0,0,1,0,0,0
119,44,30,7.25,22.6,71.66,1816.87,2,0,0,1,0,1,0,0,0,0,0,1,0,0,1,0,0,0
47,79,144,5.32,19.36,45.46,2320.84,2,0,0,1,0,1,0,0,0,0,0,1,0,0,1,0,0,0
52,95,113,5.91,23.03,72.19,806.65,2,0,0,1,0,1,0,0,0,0,0,1,0,0,1,0,0,0
97,18,120,5.03,38.5,55.96,1322.57,2,0,0,1,0,1,0,0,0,0,0,1,0,0,1,0,0,0
30,32,121,7.33,24.36,52.02,302.57,2,0,0,1,0,1,0,0,0,0,0,1,0,0,1,0,0,0
92,46,58,7.63,18.24,45.36,415.79,2,0,0,1,0,1,0,0,0,0,0,1,0,0,1,0,0,0
79,24,123,5.33,15.9,31.3,2089.56,2,0,0,1,0,1,0,0,0,0,0,1,0,0,1,0,0,0
94,32,51,7.93,14.16,70.93,622.97,2,0,0,1,0,1,0,0,0,0,0,1,0,0,1,0,0,0
39,16,33,4.86,10.18,77.35,1991.27,2,0,0,1,0,1,0,0,0,0,0,1,0,0,1,0,0,0
177,19,89,5.94,24.55,42.63,1587.94,2,0,0,1,0,1,0,0,0,0,0,1,0,0,1,0,0,0
70,80,136,7.71,23.41,48.74,2389.18,2,0,0,1,0,1,0,0,0,0,0,1,0,0,1,0,0,0
169,40,93,6.82,35.31,63.69,1261.53,2,0,0,1,0,1,0,0,0,0,0,1,0,0,1,0,0,0
176,61,47,7.66,22.42,76.41,2245.75,2,0,0,1,0,1,0,0,0,0,0,1,0,0,1,0,0,0
176,27,38,7.69,16.53,38.23,818.27,2,0,0,1,0,1,0,0,0,0,0,1,0,0,1,0,0,0
178,83,116,6.59,13.1,55.68,1782.66,2,0,0,1,0,1,0,0,0,0,0,1,0,0,1,0,0,0
79,86,106,8.15,26.69,83.97,1432.91,2,0,0,1,0,1,0,0,0,0,0,1,0,0,1,0,0,0
142,40,83,6.49,15.95,64.14,535.74,2,0,0,1,0,1,0,0,0,0,0,1,0,0,1,0,0,0
121,72,114,7.67,26.01,55.95,745.77,2,0,0,1,0,1,0,0,0,0,0,1,0,0,1,0,0,0
167,47,96,7.87,14.13,61.53,1010.1,2,0,0,1,0,1,0,0,0,0,0,1,0,0,1,0,0,0
87,74,101,6.17,15.04,54.64,351.14,2,0,0,1,0,1,0,0,0,0,0,1,0,0,1,0,0,0
148,48,111,5.62,34.37,85.76,2722.44,2,0,0,1,0,0,1,0,0,0,0,1,0,0,0,0,0,1
96,93,73,5.93,28.64,56.79,465.61,2,0,0,1,0,0,1,0,0,0,0,1,0,0,0,0,0,1
155,95,126,7.47,35.15,74.01,962.28,2,0,0,1,0,0,1,0,0,0,0,1,0,0,0,0,0,1
47,46,138,5.74,32.24,35.13,2119.25,2,0,0,1,0,0,1,0,0,0,0,1,0,0,0,0,0,1
48,62,119,5.85,30.13,65.07,2054.86,2,0,0,1,0,0,1,0,0,0,0,1,0,0,0,0,0,1
61,86,143,5.85,36.21,45.41,412.05,2,0,0,1,0,0,1,0,0,0,0,1,0,0,0,0,0,1
140,26,54,7.07,18.27,87.09,922.54,2,0,0,1,0,0,1,0,0,0,0,1,0,0,0,0,0,1
57,44,138,6.17,19.3,40.75,2333.13,2,0,0,1,0,0,1,0,0,0,0,1,0,0,0,0,0,1
84,46,108,7.39,20.19,56.52,2257.07,2,0,0,1,0,0,1,0,0,0,0,1,0,0,0,0,0,1
67,62,131,5.39,32.26,74.29,1551.38,2,0,0,1,0,0,1,0,0,0,0,1,0,0,0,0,0,1
138,47,20,7.96,18.54,61.5,443.62,2,0,0,1,0,0,1,0,0,0,0,1,0,0,0,0,0,1
176,62,139,5.02,17.4,85.17,653.89,2,0,0,1,0,0,1,0,0,0,0,1,0,0,0,0,0,1
47,73,133,5.43,30.65,40.71,2561.2,2,0,0,1,0,0,1,0,0,0,0,1,0,0,0,0,0,1
58,21,116,4.81,39.99,87.65,413.21,2,0,0,1,0,0,1,0,0,0,0,1,0,0,0,0,0,1
87,80,73,7.23,22.58,51.81,491.82,2,0,0,1,0,0,1,0,0,0,0,1,0,0,0,0,0,1
72,22,80,5.12,26.95,71.44,683.13,2,0,0,1,0,0,1,0,0,0,0,1,0,0,0,0,0,1
51,93,79,5.49,10.81,38.95,1163.15,2,0,0,1,0,0,1,0,0,0,0,1,0,0,0,0,0,1
137,40,135,5.41,25.26,75.8,911.88,2,0,0,1,0,0,1,0,0,0,0,1,0,0,0,0,0,1
82,65,97,6.12,39.88,49.89,1149.81,2,0,0,1,0,0,1,0,0,0,0,1,0,0,0,0,0,1
88,80,62,4.95,11.88,58.26,904.14,2,0,0,1,0,0,1,0,0,0,0,1,0,0,0,0,0,1
123,76,109,5.21,26.0,42.74,337.21,2,0,0,1,0,0,1,0,0,0,0,1,0,0,0,0,0,1
84,49,78,6.79,25.18,37.57,2141.68,2,0,0,1,0,0,1,0,0,0,0,1,0,0,0,0,0,1
62,50,35,5.53,31.17,65.46,990.26,2,0,0,1,0,0,1,0,0,0,0,1,0,0,0,0,0,1
156,62,78,6.03,35.64,43.32,2184.95,2,0,0,1,0,0,1,0,0,0,0,1,0,0,0,0,0,1
117,60,146,6.5,19.5,39.09,1795.15,2,0,0,1,0,0,1,0,0,0,0,1,0,0,0,0,0,1
134,55,32,8.06,19.95,49.09,1052.52,2,0,0,1,0,0,1,0,0,0,0,1,0,0,0,0,0,1
132,66,36,6.15,17.67,63.59,1459.96,2,0,0,1,0,0,0,1,0,0,0,1,0,1,0,0,0,0
163,22,103,7.83,36.68,43.27,1643.59,2,0,0,1,0,0,0,1,0,0,0,1,0,1,0,0,0,0
84,41,76,7.46,38.84,67.8,1593.95,2,0,0,1,0,0,0,1,0,0,0,1,0,1,0,0,0,0
32,58,86,8.09,25.06,58.27,2569.2,2,0,0,1,0,0,0,1,0,0,0,1,0,1,0,0,0,0
127,65,89,5.41,24.85,65.37,1947.95,2,0,0,1,0,0,0,1,0,0,0,1,0,1,0,0,0,0
72,27,25,7.8,35.21,33.68,393.52,2,0,0,1,0,0,0,1,0,0,0,1,0,1,0,0,0,0
107,93,44,7.09,15.12,65.67,1034.18,2,0,0,1,0,0,0,1,0,0,0,1,0,1,0,0,0,0
168,21,133,4.85,31.1,53.88,769.12,2,0,0,1,0,0,0,1,0,0,0,1,0,1,0,0,0,0
148,81,70,6.63,31.48,87.72,937.26,2,0,0,1,0,0,0,1,0,0,0,1,0,1,0,0,0,0
45,36,146,5.58,38.83,73.05,1860.54,2,0,0,1,0,0,0,1,0,0,0,1,0,1,0,0,0,0
71,45,43,7.39,26.29,38.62,2752.46,2,0,0,1,0,0,0,1,0,0,0,1,0,1,0,0,0,0
163,91,71,6.17,27.89,67.88,1169.14,2,0,0,1,0,0,0,1,0,0,0,1,0,1,0,0,0,0
59,35,83,5.5,30.79,30.13,2685.81,2,0,0,1,0,0,0,1,0,0,0,1,0,1,0,0,0,0
159,72,126,6.11,11.68,66.63,1296.93,2,0,0,1,0,0,0,1,0,0,0,1,0,1,0,0,0,0
131,28,59,7.23,39.51,41.86,641.83,2,0,0,1,0,0,0,1,0,0,0,1,0,1,0,0,0,0
73,55,110,6.24,32.91,83.56,2015.26,2,0,0,1,0,0,0,1,0,0,0,1,0,1,0,0,0,0
68,62,91,5.38,25.53,51.91,930.22,2,0,0,1,0,0,0,1,0,0,0,1,0,1,0,0,0,0
78,63,106,6.1,14.19,80.13,310.8,2,0,0,1,0,0,0,1,0,0,0,1,0,1,0,0,0,0
166,46,65,6.85,30.73,51.0,972.81,2,0,0,1,0,0,0,1,0,0,0,1,0,1,0,0,0,0
135,89,106,6.24,26.79,79.26,2719.12,2,0,0,1,0,0,0,1,0,0,0,1,0,1,0,0,0,0
124,88,123,8.05,21.06,89.09,2151.77,2,0,0,1,0,0,0,1,0,0,0,1,0,1,0,0,0,0
125,41,61,5.18,34.26,70.49,895.06,2,0,0,1,0,0,0,1,0,0,0,1,0,1,0,0,0,0
104,27,78,6.79,16.09,79.1,569.97,2,0,0,1,1,0,0,0,0,0,0,0,1,0,1,0,0,0
88,26,30,6.96,19.99,82.19,2635.57,2,0,0,1,1,0,0,0,0,0,0,0,1,0,1,0,0,0
159,37,76,6.06,30.7,34.0,1601.61,2,0,0,1,1,0,0,0,0,0,0,0,1,0,1,0,0,0
111,46,115,4.94,38.75,89.65,1054.22,2,0,0,1,1,0,0,0,0,0,0,0,1,0,1,0,0,0
179,91,112,7.91,12.78,71.99,2058.76,2,0,0,1,1,0,0,0,0,0,0,0,1,0,1,0,0,0
89,25,114,5.84,15.79,85.71,2691.21,2,0,0,1,1,0,0,0,0,0,0,0,1,0,1,0,0,0
89,73,63,5.75,34.39,45.71,2385.26,2,0,0,1,1,0,0,0,0,0,0,0,1,0,1,0,0,0
47,93,145,6.0,29.81,34.17,2276.74,2,0,0,1,1,0,0,0,0,0,0,0,1,0,1,0,0,0
38,20,43,5.33,26.23,32.13,2343.63,2,0,0,1,1,0,0,0,0,0,0,0,1,0,1,0,0,0
161,34,105,7.67,19.74,40.52,2713.06,2,0,0,1,1,0,0,0,0,0,0,0,1,0,1,0,0,0
63,15,28,5.07,10.89,50.69,2741.68,2,0,0,1,1,0,0,0,0,0,0,0,1,0,1,0,0,0
112,21,23,6.05,32.81,70.66,2782.7,2,0,0,1,1,0,0,0,0,0,0,0,1,0,1,0,0,0
120,78,45,7.68,13.59,57.44,2316.41,2,0,0,1,1,0,0,0,0,0,0,0,1,0,1,0,0,0
67,15,138,7.61,13.63,32.47,1082.44,2,0,0,1,1,0,0,0,0,0,0,0,1,0,1,0,0,0
124,66,42,6.56,21.4,82.06,1439.38,2,0,0,1,1,0,0,0,0,0,0,0,1,0,1,0,0,0
128,56,49,7.9,17.31,68.67,306.81,2,0,0,1,1,0,0,0,0,0,0,0,1,0,1,0,0,0
51,27,121,5.59,13.35,80.9,1845.05,2,0,0,1,1,0,0,0,0,0,0,0,1,0,1,0,0,0
73,89,27,4.86,27.92,76.09,1489.01,2,0,0,1,1,0,0,0,0,0,0,0,1,0,1,0,0,0
152,44,79,7.82,22.25,89.09,2087.64,2,0,0,1,1,0,0,0,0,0,0,0,1,0,1,0,0,0
49,81,143,5.59,17.37,46.36,414.52,2,0,0,1,1,0,0,0,0,0,0,0,1,0,1,0,0,0
117,75,71,7.26,25.85,39.8,1454.78,2,0,0,1,1,0,0,0,0,0,0,0,1,0,1,0,0,0
34,32,61,4.85,33.82,44.92,2502.16,2,0,0,1,1,0,0,0,0,0,0,0,1,0,1,0,0,0
83,77,141,7.26,15.03,75.33,2467.57,2,0,0,1,1,0,0,0,0,0,0,0,1,0,1,0,0,0
31,29,97,6.71,12.73,83.14,1494.41,2,0,0,1,1,0,0,0,0,0,0,0,1,0,1,0,0,0
124,43,112,7.63,36.29,34.73,769.14,2,0,0,1,1,0,0,0,0,0,0,0,1,0,1,0,0,0
161,23,112,7.74,12.8,73.78,1138.8,2,0,0,1,0,1,0,0,0,0,0,0,1,0,1,0,0,0
37,65,41,6.21,22.58,52.86,1201.47,2,0,0,1,0,1,0,0,0,0,0,0,1,0,1,0,0,0
99,36,46,6.47,10.36,46.69,1469.69,2,0,0,1,0,1,0,0,0,0,0,0,1,0,1,0,0,0
178,81,54,7.69,17.31,80.75,1543.81,2,0,0,1,0,1,0,0,0,0,0,0,1,0,1,0,0,0
78,95,127,8.0,13.16,77.71,2010.26,2,0,0,1,0,1,0,0,0,0,0,0,1,0,1,0,0,0
83,52,61,7.27,26.89,39.96,367.68,2,0,0,1,0,1,0,0,0,0,0,0,1,0,1,0,0,0
99,49,120,5.65,26.76,87.52,1282.52,2,0,0,1,0,1,0,0,0,0,0,0,1,0,1,0,0,0
78,66,37,5.1,14.17,89.58,830.76,2,0,0,1,0,1,0,0,0,0,0,0,1,0,1,0,0,0
70,83,89,6.83,35.82,53.46,1806.05,2,0,0,1,0,1,0,0,0,0,0,0,1,0,1,0,0,0
147,37,106,6.35,12.58,83.97,2602.98,2,0,0,1,0,1,0,0,0,0,0,0,1,0,1,0,0,0
162,39,80,5.79,34.35,86.73,1145.35,2,0,0,1,0,1,0,0,0,0,0,0,1,0,1,0,0,0
122,23,100,7.28,30.45,57.05,2072.25,2,0,0,1,0,1,0,0,0,0,0,0,1,0,1,0,0,0
72,24,79,4.91,21.44,89.67,1913.01,2,0,0,1,0,1,0,0,0,0,0,0,1,0,1,0,0,0
113,24,139,6.68,39.89,37.47,1569.23,2,0,0,1,0,1,0,0,0,0,0,0,1,0,1,0,0,0
71,88,91,6.5,12.32,79.87,1047.16,2,0,0,1,0,1,0,0,0,0,0,0,1,0,1,0,0,0
37,88,113,7.75,37.29,72.13,486.63,2,0,0,1,0,1,0,0,0,0,0,0,1,0,1,0,0,0
101,31,54,7.52,32.34,67.75,1048.39,2,0,0,1,0,1,0,0,0,0,0,0,1,0,1,0,0,0
105,68,51,5.76,23.2,71.09,1326.78,2,0,0,1,0,1,0,0,0,0,0,0,1,0,1,0,0,0
71,78,34,8.17,18.45,43.03,393.2,2,0,0,1,0,1,0,0,0,0,0,0,1,0,1,0,0,0
117,94,136,6.69,37.48,52.66,2734.97,2,0,0,1,0,1,0,0,0,0,0,0,1,0,1,0,0,0
73,64,27,5.28,26.7,31.92,1590.57,2,0,0,1,0,1,0,0,0,0,0,0,1,0,1,0,0,0
43,71,28,7.53,14.67,55.58,423.21,2,0,0,1,0,1,0,0,0,0,0,0,1,0,1,0,0,0
44,99,116,5.76,28.92,74.49,2344.66,2,0,0,1,0,1,0,0,0,0,0,0,1,0,1,0,0,0
73,50,69,5.57,33.01,45.37,2367.31,2,0,0,1,0,1,0,0,0,0,0,0,1,0,1,0,0,0
112,38,119,4.87,34.49,44.84,1659.29,2,0,0,1,0,1,0,0,0,0,0,0,1,0,1,0,0,0
37,29,107,7.09,23.46,42.02,1963.25,2,0,0,1,0,0,1,0,0,0,0,0,1,0,0,0,1,0
73,77,108,7.68,20.88,30.69,1193.15,2,0,0,1,0,0,1,0,0,0,0,0,1,0,0,0,1,0
72,65,85,6.63,27.66,84.55,1747.57,2,0,0,1,0,0,1,0,0,0,0,0,1,0,0,0,1,0
33,84,108,5.23,18.52,71.57,834.17,2,0,0,1,0,0,1,0,0,0,0,0,1,0,0,0,1,0
118,34,99,6.76,32.74,85.94,2139.41,2,0,0,1,0,0,1,0,0,0,0,0,1,0,0,0,1,0
45,58,24,7.64,27.02,35.63,2563.36,2,0,0,1,0,0,1,0,0,0,0,0,1,0,0,0,1,0
163,76,109,7.46,11.91,71.27,1921.15,2,0,0,1,0,0,1,0,0,0,0,0,1,0,0,0,1,0
86,26,97,6.31,30.3,75.98,1205.39,2,0,0,1,0,0,1,0,0,0,0,0,1,0,0,0,1,0
145,21,31,6.64,35.98,89.64,338.64,2,0,0,1,0,0,1,0,0,0,0,0,1,0,0,0,1,0
55,99,82,7.6,35.75,83.8,571.25,2,0,0,1,0,0,1,0,0,0,0,0,1,0,0,0,1,0
137,51,63,5.83,31.74,55.55,1333.79,2,0,0,1,0,0,1,0,0,0,0,0,1,0,0,0,1,0
171,21,94,7.11,34.56,61.5,2532.32,2,0,0,1,0,0,1,0,0,0,0,0,1,0,0,0,1,0
116,28,78,5.2,22.07,75.94,1155.03,2,0,0,1,0,0,1,0,0,0,0,0,1,0,0,0,1,0
137,60,149,8.1,19.25,53.67,1406.64,2,0,0,1,0,0,1,0,0,0,0,0,1,0,0,0,1,0
138,72,31,5.61,33.51,49.35,968.47,2,0,0,1,0,0,1,0,0,0,0,0,1,0,0,0,1,0
162,83,22,6.65,21.82,45.94,2441.93,2,0,0,1,0,0,1,0,0,0,0,0,1,0,0,0,1,0
40,73,149,5.35,11.59,73.51,2373.75,2,0,0,1,0,0,1,0,0,0,0,0,1,0,0,0,1,0
86,78,149,7.35,17.96,73.89,1092.12,2,0,0,1,0,0,1,0,0,0,0,0,1,0,0,0,1,0
147,87,127,5.22,36.58,49.83,747.92,2,0,0,1,0,0,1,0,0,0,0,0,1,0,0,0,1,0
170,98,97,5.51,18.65,46.7,532.86,2,0,0,1,0,0,1,0,0,0,0,0,1,0,0,0,1,0
119,86,91,6.95,38.72,41.36,929.83,2,0,0,1,0,0,1,0,0,0,0,0,1,0,0,0,1,0
85,48,147,5.16,33.28,80.14,1288.9,2,0,0,1,0,0,1,0,0,0,0,0,1,0,0,0,1,0
140,89,23,7.27,34.22,85.08,1402.03,2,0,0,1,0,0,1,0,0,0,0,0,1,0,0,0,1,0
154,88,109,5.5,17.28,65.17,1150.07,2,0,0,1,0,0,1,0,0,0,0,0,1,0,0,0,1,0
93,97,38,5.65,28.67,55.07,1401.03,2,0,0,1,0,0,1,0,0,0,0,0,1,0,0,0,1,0
99,65,63,7.0,21.43,54.71,2192.01,2,0,0,1,0,0,1,0,0,0,0,0,1,0,0,0,1,0
166,26,129,8.0,17.31,46.33,1425.46,2,0,0,1,0,0,0,1,0,0,0,0,1,1,0,0,0,0
50,23,95,6.73,24.82,74.44,1421.04,2,0,0,1,0,0,0,1,0,0,0,0,1,1,0,0,0,0
38,92,141,6.98,25.66,64.05,1057.51,2,0,0,1,0,0,0,1,0,0,0,0,1,1,0,0,0,0
50,33,147,8.02,23.73,55.56,2378.12,2,0,0,1,0,0,0,1,0,0,0,0,1,1,0,0,0,0
37,29,74,5.1,36.01,88.34,510.13,2,0,0,1,0,0,0,1,0,0,0,0,1,1,0,0,0,0
95,37,141,5.16,20.12,41.87,1912.35,2,0,0,1,0,0,0,1,0,0,0,0,1,1,0,0,0,0
143,92,133,7.79,13.49,80.13,1020.97,2,0,0,1,0,0,0,1,0,0,0,0,1,1,0,0,0,0
103,19,97,7.68,39.23,80.96,2178.91,2,0,0,1,0,0,0,1,0,0,0,0,1,1,0,0,0,0
179,23,68,6.33,25.01,47.2,2174.67,2,0,0,1,0,0,0,1,0,0,0,0,1,1,0,0,0,0
46,26,27,8.0,20.96,32.77,479.69,2,0,0,1,0,0,0,1,0,0,0,0,1,1,0,0,0,0
168,54,68,6.58,15.93,69.51,2244.2,2,0,0,1,0,0,0,1,0,0,0,0,1,1,0,0,0,0
82,98,39,7.58,37.77,64.45,428.66,2,0,0,1,0,0,0,1,0,0,0,0,1,1,0,0,0,0
134,32,89,6.76,23.71,86.37,1683.65,2,0,0,1,0,0,0,1,0,0,0,0,1,1,0,0,0,0
32,46,102,7.23,12.35,61.33,2143.28,2,0,0,1,0,0,0,1,0,0,0,0,1,1,0,0,0,0
172,28,131,6.35,35.24,40.22,740.21,2,0,0,1,0,0,0,1,0,0,0,0,1,1,0,0,0,0
111,32,142,7.75,19.22,63.74,469.24,2,0,0,1,0,0,0,1,0,0,0,0,1,1,0,0,0,0
31,79,129,7.8,25.27,81.31,1550.34,2,0,0,1,0,0,0,1,0,0,0,0,1,1,0,0,0,0
73,62,130,5.76,17.76,30.49,540.93,2,0,0,1,0,0,0,1,0,0,0,0,1,1,0,0,0,0
175,30,32,6.15,29.85,72.85,1736.64,2,0,0,1,0,0,0,1,0,0,0,0,1,1,0,0,0,0
114,54,97,7.93,29.22,37.6,2713.56,2,0,0,1,0,0,0,1,0,0,0,0,1,1,0,0,0,0
117,64,30,5.7,17.53,58.27,2107.49,2,0,0,1,0,0,0,1,0,0,0,0,1,1,0,0,0,0
141,91,23,8.2,34.25,60.81,1289.12,2,0,0,1,0,0,0,1,0,0,0,0,1,1,0,0,0,0
138,83,86,6.52,38.52,89.92,1607.61,2,0,0,1,0,0,0,1,0,0,0,0,1,1,0,0,0,0
179,94,137,5.45,25.58,69.97,1528.67,2,0,0,1,0,0,0,1,0,0,0,0,1,1,0,0,0,0
106,43,125,6.88,12.01,66.42,1196.98,2,0,0,1,0,0,0,1,0,0,0,0,1,1,0,0,0,0
102,61,125,6.62,27.16,30.63,906.46,2,0,0,1,0,0,0,1,0,0,0,0,1,1,0,0,0,0
153,34,34,7.27,34.96,42.31,1805.38,3,1,0,0,1,0,0,0,1,0,0,0,0,0,1,0,0,0
55,35,112,5.58,11.93,89.93,2191.59,3,1,0,0,1,0,0,0,1,0,0,0,0,0,1,0,0,0
48,53,38,7.71,14.07,84.19,2312.09,3,1,0,0,1,0,0,0,1,0,0,0,0,0,1,0,0,0
133,43,138,7.65,19.66,65.14,1353.61,3,1,0,0,1,0,0,0,1,0,0,0,0,0,1,0,0,0
137,65,108,7.03,31.47,69.27,521.49,3,1,0,0,1,0,0,0,1,0,0,0,0,0,1,0,0,0
65,40,94,6.32,13.89,87.93,2066.31,3,1,0,0,1,0,0,0,1,0,0,0,0,0,1,0,0,0
41,33,28,7.34,21.38,73.68,2662.53,3,1,0,0,1,0,0,0,1,0,0,0,0,0,1,0,0,0
148,80,70,7.02,35.46,40.32,2231.89,3,1,0,0,1,0,0,0,1,0,0,0,0,0,1,0,0,0
121,41,87,6.95,20.84,88.33,1056.17,3,1,0,0,1,0,0,0,1,0,0,0,0,0,1,0,0,0
163,58,133,6.83,36.91,32.31,660.52,3,1,0,0,1,0,0,0,1,0,0,0,0,0,1,0,0,0
108,87,52,7.95,19.56,75.38,2723.36,3,1,0,0,1,0,0,0,1,0,0,0,0,0,1,0,0,0
58,70,95,6.41,32.4,83.16,2495.92,3,1,0,0,1,0,0,0,1,0,0,0,0,0,1,0,0,0
88,80,71,4.85,32.58,88.4,2454.62,3,1,0,0,1,0,0,0,1,0,0,0,0,0,1,0,0,0
127,40,93,6.88,36.28,74.63,1763.73,3,1,0,0,1,0,0,0,1,0,0,0,0,0,1,0,0,0
140,61,126,7.04,27.75,32.8,1420.46,3,1,0,0,1,0,0,0,1,0,0,0,0,0,1,0,0,0
96,93,30,6.09,25.03,47.82,893.01,3,1,0,0,1,0,0,0,1,0,0,0,0,0,1,0,0,0
129,73,125,7.69,13.94,49.9,1862.76,3,1,0,0,1,0,0,0,1,0,0,0,0,0,1,0,0,0
77,44,20,4.93,37.16,54.15,1536.7,3,1,0,0,1,0,0,0,1,0,0,0,0,0,1,0,0,0
34,82,131,6.51,30.19,73.01,447.36,3,1,0,0,1,0,0,0,1,0,0,0,0,0,1,0,0,0
142,40,51,6.27,19.84,78.68,408.23,3,1,0,0,0,1,0,0,1,0,0,0,0,0,1,0,0,0
159,47,56,5.16,30.4,48.68,1845.52,3,1,0,0,0,1,0,0,1,0,0,0,0,0,1,0,0,0
160,26,114,6.13,36.27,73.37,1077.67,3,1,0,0,0,1,0,0,1,0,0,0,0,0,1,0,0,0
163,27,45,4.95,27.53,69.04,723.48,3,1,0,0,0,1,0,0,1,0,0,0,0,0,1,0,0,0
55,27,38,7.57,25.73,41.85,2162.58,3,1,0,0,0,1,0,0,1,0,0,0,0,0,1,0,0,0
52,23,95,6.7,23.01,49.22,2608.2,3,1,0,0,0,1,0,0,1,0,0,0,0,0,1,0,0,0
89,74,70,7.77,39.29,83.52,2127.05,3,1,0,0,0,1,0,0,1,0,0,0,0,0,1,0,0,0
101,63,132,4.87,39.29,83.42,2304.08,3,1,0,0,0,1,0,0,1,0,0,0,0,0,1,0,0,0
101,83,146,7.95,38.24,33.04,2024.13,3,1,0,0,0,1,0,0,1,0,0,0,0,0,1,0,0,0
59,68,57,6.19,21.43,38.63,568.16,3,1,0,0,0,1,0,0,1,0,0,0,0,0,1,0,0,0
140,28,110,7.42,35.05,76.65,1795.95,3,1,0,0,0,1,0,0,1,0,0,0,0,0,1,0,0,0
41,25,119,6.77,12.67,58.35,2692.23,3,1,0,0,0,1,0,0,1,0,0,0,0,0,1,0,0,0
56,50,105,5.51,26.09,74.33,1062.48,3,1,0,0,0,1,0,0,1,0,0,0,0,0,1,0,0,0
83,95,91,5.43,29.79,75.5,2152.82,3,1,0,0,0,1,0,0,1,0,0,0,0,0,1,0,0,0
122,58,48,7.7,34.67,42.42,417.62,3,1,0,0,0,1,0,0,1,0,0,0,0,0,1,0,0,0
40,90,121,7.8,15.37,51.99,2019.86,3,1,0,0,0,1,0,0,1,0,0,0,0,0,1,0,0,0
119,80,128,7.13,35.89,39.06,694.58,3,1,0,0,0,1,0,0,1,0,0,0,0,0,1,0,0,0
107,32,135,5.39,28.46,42.47,739.82,3,1,0,0,0,1,0,0,1,0,0,0,0,0,1,0,0,0
48,38,147,6.99,13.74,44.42,2053.82,3,1,0,0,0,1,0,0,1,0,0,0,0,0,1,0,0,0
109,56,100,5.99,16.6,64.79,2424.87,3,1,0,0,0,1,0,0,1,0,0,0,0,0,1,0,0,0
65,90,120,5.65,25.1,46.97,1262.85,3,1,0,0,0,1,0,0,1,0,0,0,0,0,1,0,0,0
73,56,73,5.79,24.55,30.17,359.12,3,1,0,0,0,1,0,0,1,0,0,0,0,0,1,0,0,0
145,40,128,6.09,22.67,53.06,1940.92,3,1,0,0,0,1,0,0,1,0,0,0,0,0,1,0,0,0
174,51,142,5.16,24.36,40.76,804.11,3,1,0,0,0,1,0,0,1,0,0,0,0,0,1,0,0,0
98,53,67,5.74,34.3,42.67,645.68,3,1,0,0,0,1,0,0,1,0,0,0,0,0,1,0,0,0
102,92,134,6.63,27.62,41.74,2777.63,3,1,0,0,0,1,0,0,1,0,0,0,0,0,1,0,0,0
143,96,24,8.17,38.44,48.97,905.51,3,1,0,0,0,1,0,0,1,0,0,0,0,0,1,0,0,0
85,62,54,6.29,26.69,68.24,2707.97,3,1,0,0,0,1,0,0,1,0,0,0,0,0,1,0,0,0
172,74,118,7.61,37.85,88.79,1759.56,3,1,0,0,0,1,0,0,1,0,0,0,0,0,1,0,0,0
32,58,91,6.39,29.93,44.38,962.14,3,1,0,0,0,0,1,0,1,0,0,0,0,0,0,0,0,1
120,61,33,7.79,11.16,72.39,1157.17,3,1,0,0,0,0,1,0,1,0,0,0,0,0,0,0,0,1
88,36,126,8.05,36.78,62.53,2269.17,3,1,0,0,0,0,1,0,1,0,0,0,0,0,0,0,0,1
145,20,147,5.33,39.57,86.26,934.83,3,1,0,0,0,0,1,0,1,0,0,0,0,0,0,0,0,1
76,95,82,8.0,16.4,43.72,2683.84,3,1,0,0,0,0,1,0,1,0,0,0,0,0,0,0,0,1
107,25,26,4.9,27.64,84.96,1499.96,3,1,0,0,0,0,1,0,1,0,0,0,0,0,0,0,0,1
161,50,54,7.83,33.75,54.38,496.4,3,1,0,0,0,0,1,0,1,0,0,0,0,0,0,0,0,1
78,17,27,5.96,20.66,30.52,2290.18,3,1,0,0,0,0,1,0,1,0,0,0,0,0,0,0,0,1
104,83,78,4.87,16.92,67.22,2171.89,3,1,0,0,0,0,1,0,1,0,0,0,0,0,0,0,0,1
151,62,114,7.76,13.54,78.81,999.6,3,1,0,0,0,0,1,0,1,0,0,0,0,0,0,0,0,1
127,91,38,7.53,39.36,33.44,663.22,3,1,0,0,0,0,1,0,1,0,0,0,0,0,0,0,0,1
133,52,147,6.48,31.12,78.79,662.66,3,1,0,0,0,0,1,0,1,0,0,0,0,0,0,0,0,1
49,50,56,5.76,19.33,31.95,989.26,3,1,0,0,0,0,1,0,1,0,0,0,0,0,0,0,0,1
102,70,103,6.51,34.6,85.49,2743.3,3,1,0,0,0,0,1,0,1,0,0,0,0,0,0,0,0,1
75,29,70,5.2,35.78,51.63,1876.22,3,1,0,0,0,0,1,0,1,0,0,0,0,0,0,0,0,1
41,76,25,5.89,27.48,83.69,2355.65,3,1,0,0,0,0,1,0,1,0,0,0,0,0,0,0,0,1
175,66,102,7.12,27.13,82.25,482.16,3,1,0,0,0,0,1,0,1,0,0,0,0,0,0,0,0,1
95,49,134,6.85,29.96,74.53,1339.19,3,1,0,0,0,0,1,0,1,0,0,0,0,0,0,0,0,1
128,87,51,8.06,33.19,65.68,2111.61,3,1,0,0,0,0,1,0,1,0,0,0,0,0,0,0,0,1
120,50,30,7.03,16.54,78.78,1319.52,3,1,0,0,0,0,1,0,1,0,0,0,0,0,0,0,0,1
162,78,71,5.86,38.73,49.18,2361.7,3,1,0,0,0,0,1,0,1,0,0,0,0,0,0,0,0,1
128,92,101,5.29,24.44,68.47,2520.16,3,1,0,0,0,0,1,0,1,0,0,0,0,0,0,0,0,1
131,50,32,6.96,14.56,31.21,1342.53,3,1,0,0,0,0,1,0,1,0,0,0,0,0,0,0,0,1
88,24,108,7.53,19.9,39.02,2609.23,3,1,0,0,0,0,1,0,1,0,0,0,0,0,0,0,0,1
138,72,46,7.91,31.18,47.92,2755.96,3,1,0,0,0,0,1,0,1,0,0,0,0,0,0,0,0,1
149,64,34,7.62,26.38,32.54,713.16,3,1,0,0,0,0,1,0,1,0,0,0,0,0,0,0,0,1
102,33,97,5.97,31.7,53.96,2230.98,3,1,0,0,0,0,1,0,1,0,0,0,0,0,0,0,0,1
71,33,71,8.09,24.22,65.04,769.19,3,1,0,0,0,0,0,1,1,0,0,0,0,1,0,0,0,0
38,97,134,7.96,28.51,85.36,1159.29,3,1,0,0,0,0,0,1,1,0,0,0,0,1,0,0,0,0
56,42,89,7.29,11.31,63.89,2421.14,3,1,0,0,0,0,0,1,1,0,0,0,0,1,0,0,0,0
89,76,106,6.27,29.97,83.73,1103.3,3,1,0,0,0,0,0,1,1,0,0,0,0,1,0,0,0,0
69,27,21,6.47,37.84,45.87,1807.51,3,1,0,0,0,0,0,1,1,0,0,0,0,1,0,0,0,0
47,90,46,6.94,36.27,69.18,2751.06,3,1,0,0,0,0,0,1,1,0,0,0,0,1,0,0,0,0
168,42,61,5.77,36.32,80.83,1266.91,3,1,0,0,0,0,0,1,1,0,0,0,0,1,0,0,0,0
116,99,112,8.04,16.81,56.08,703.13,3,1,0,0,0,0,0,1,1,0,0,0,0,1,0,0,0,0
91,81,116,4.99,11.7,53.53,2118.68,3,1,0,0,0,0,0,1,1,0,0,0,0,1,0,0,0,0
154,67,140,5.4,32.13,47.62,695.51,3,1,0,0,0,0,0,1,1,0,0,0,0,1,0,0,0,0
48,62,128,6.56,18.02,80.37,1584.43,3,1,0,0,0,0,0,1,1,0,0,0,0,1,0,0,0,0
82,50,105,5.27,20.26,83.9,893.6,3,1,0,0,0,0,0,1,1,0,0,0,0,1,0,0,0,0
172,35,33,6.65,16.84,50.01,1502.19,3,1,0,0,0,0,0,1,1,0,0,0,0,1,0,0,0,0
124,60,82,8.19,31.69,36.09,1070.79,3,1,0,0,0,0,0,1,1,0,0,0,0,1,0,0,0,0
119,31,69,4.84,32.14,74.96,2729.19,3,1,0,0,0,0,0,1,1,0,0,0,0,1,0,0,0,0
156,71,99,6.72,30.4,88.91,1497.0,3,1,0,0,0,0,0,1,1,0,0,0,0,1,0,0,0,0
50,56,118,5.37,30.33,52.04,1011.81,3,1,0,0,0,0,0,1,1,0,0,0,0,1,0,0,0,0
161,93,139,5.01,37.69,80.24,2642.29,3,1,0,0,0,0,0,1,1,0,0,0,0,1,0,0,0,0
147,66,119,7.26,14.54,79.39,2334.97,3,1,0,0,0,0,0,1,1,0,0,0,0,1,0,0,0,0
120,66,84,5.44,22.3,83.45,1347.08,3,1,0,0,0,0,0,1,1,0,0,0,0,1,0,0,0,0
43,44,23,7.74,24.93,41.66,2557.65,3,1,0,0,0,0,0,1,1,0,0,0,0,1,0,0,0,0
171,81,71,7.11,21.73,47.92,1408.57,3,1,0,0,0,0,0,1,1,0,0,0,0,1,0,0,0,0
33,82,35,6.01,26.63,84.26,2702.68,3,1,0,0,0,0,0,1,1,0,0,0,0,1,0,0,0,0
46,83,41,6.87,38.98,84.79,1954.59,3,1,0,0,0,0,0,1,1,0,0,0,0,1,0,0,0,0
134,31,110,7.87,28.67,68.4,334.12,3,1,0,0,0,0,0,1,1,0,0,0,0,1,0,0,0,0
44,91,142,6.25,29.67,51.55,575.48,3,1,0,0,0,0,0,1,1,0,0,0,0,1,0,0,0,0
80,26,57,7.93,29.93,89.51,1747.58,3,1,0,0,1,0,0,0,0,1,0,0,0,1,0,0,0,0
175,73,123,7.42,20.48,55.5,613.86,3,1,0,0,1,0,0,0,0,1,0,0,0,1,0,0,0,0
94,54,20,7.6,28.13,62.64,1005.77,3,1,0,0,1,0,0,0,0,1,0,0,0,1,0,0,0,0
168,64,46,6.34,13.01,47.36,1409.84,3,1,0,0,1,0,0,0,0,1,0,0,0,1,0,0,0,0
117,53,111,5.4,36.22,68.02,2252.55,3,1,0,0,1,0,0,0,0,1,0,0,0,1,0,0,0,0
162,79,123,6.59,32.65,69.1,2079.92,3,1,0,0,1,0,0,0,0,1,0,0,0,1,0,0,0,0
164,72,30,6.6,36.82,48.37,1703.21,3,1,0,0,1,0,0,0,0,1,0,0,0,1,0,0,0,0
49,94,63,8.16,29.88,42.55,1609.36,3,1,0,0,1,0,0,0,0,1,0,0,0,1,0,0,0,0
92,68,68,7.55,31.62,47.98,1187.09,3,1,0,0,1,0,0,0,0,1,0,0,0,1,0,0,0,0
128,53,44,8.01,37.62,60.42,1548.5,3,1,0,0,1,0,0,0,0,1,0,0,0,1,0,0,0,0
37,89,51,6.98,35.01,65.58,2059.15,3,1,0,0,1,0,0,0,0,1,0,0,0,1,0,0,0,0
101,86,34,7.3,21.5,73.45,1118.48,3,1,0,0,1,0,0,0,0,1,0,0,0,1,0,0,0,0
151,44,24,5.87,25.06,55.04,532.16,3,1,0,0,1,0,0,0,0,1,0,0,0,1,0,0,0,0
109,93,106,7.52,28.73,35.37,2299.53,3,1,0,0,1,0,0,0,0,1,0,0,0,1,0,0,0,0
65,47,36,7.19,11.72,64.88,2183.18,3,1,0,0,1,0,0,0,0,1,0,0,0,1,0,0,0,0
86,99,146,7.04,38.96,56.48,581.87,3,1,0,0,1,0,0,0,0,1,0,0,0,1,0,0,0,0
149,76,121,5.95,29.64,32.84,2506.42,3,1,0,0,1,0,0,0,0,1,0,0,0,1,0,0,0,0
73,21,36,6.36,24.97,33.36,2542.81,3,1,0,0,1,0,0,0,0,1,0,0,0,1,0,0,0,0
96,30,72,7.22,22.81,49.7,1437.82,3,1,0,0,1,0,0,0,0,1,0,0,0,1,0,0,0,0
112,92,55,5.25,39.8,82.32,2136.18,3,1,0,0,1,0,0,0,0,1,0,0,0,1,0,0,0,0
159,20,55,7.88,11.27,37.88,2317.93,3,1,0,0,1,0,0,0,0,1,0,0,0,1,0,0,0,0
75,18,145,5.52,27.96,56.55,576.06,3,1,0,0,1,0,0,0,0,1,0,0,0,1,0,0,0,0
61,56,142,5.86,23.27,46.52,1986.66,3,1,0,0,1,0,0,0,0,1,0,0,0,1,0,0,0,0
77,20,41,6.32,37.03,83.01,1930.24,3,1,0,0,1,0,0,0,0,1,0,0,0,1,0,0,0,0
125,45,39,7.65,19.81,73.48,2079.48,3,1,0,0,1,0,0,0,0,1,0,0,0,1,0,0,0,0
116,30,66,7.07,27.11,70.98,1107.55,3,1,0,0,1,0,0,0,0,1,0,0,0,1,0,0,0,0
99,43,139,6.02,26.39,72.92,1463.17,3,1,0,0,1,0,0,0,0,1,0,0,0,1,0,0,0,0
39,39,32,7.65,17.93,78.49,1406.99,3,1,0,0,1,0,0,0,0,1,0,0,0,1,0,0,0,0
53,60,68,4.84,36.53,67.78,1176.33,3,1,0,0,1,0,0,0,0,1,0,0,0,1,0,0,0,0
45,15,107,6.96,39.64,76.2,1579.24,3,1,0,0,1,0,0,0,0,1,0,0,0,1,0,0,0,0
109,61,90,7.33,26.02,46.78,768.6,3,1,0,0,1,0,0,0,0,1,0,0,0,1,0,0,0,0
157,39,53,5.35,22.95,79.11,2073.1,3,1,0,0,1,0,0,0,0,1,0,0,0,1,0,0,0,0
31,63,89,8.06,15.09,76.14,2745.54,3,1,0,0,0,1,0,0,0,1,0,0,0,1,0,0,0,0
145,51,109,6.08,18.58,89.69,430.46,3,1,0,0,0,1,0,0,0,1,0,0,0,1,0,0,0,0
99,92,112,6.48,24.04,58.88,326.78,3,1,0,0,0,1,0,0,0,1,0,0,0,1,0,0,0,0
174,97,86,5.59,32.63,86.17,1336.55,3,1,0,0,0,1,0,0,0,1,0,0,0,1,0,0,0,0
57,26,76,6.02,18.56,31.36,1660.98,3,1,0,0,0,1,0,0,0,1,0,0,0,1,0,0,0,0
170,51,122,7.46,35.56,48.46,958.18,3,1,0,0,0,1,0,0,0,1,0,0,0,1,0,0,0,0
177,37,76,6.47,11.75,76.48,2041.25,3,1,0,0,0,1,0,0,0,1,0,0,0,1,0,0,0,0
56,60,135,5.87,24.97,89.79,1070.7,3,1,0,0,0,1,0,0,0,1,0,0,0,1,0,0,0,0
88,60,63,6.95,33.37,85.92,397.63,3,1,0,0,0,1,0,0,0,1,0,0,0,1,0,0,0,0
76,97,136,6.01,23.11,79.04,1083.98,3,1,0,0,0,1,0,0,0,1,0,0,0,1,0,0,0,0
133,81,32,7.97,14.75,74.11,2187.26,3,1,0,0,0,1,0,0,0,1,0,0,0,1,0,0,0,0
39,48,81,5.7,28.07,41.43,1711.11,3,1,0,0,0,1,0,0,0,1,0,0,0,1,0,0,0,0
98,66,57,5.0,10.93,83.53,948.7,3,1,0,0,0,1,0,0,0,1,0,0,0,1,0,0,0,0
100,34,86,4.87,18.75,82.55,554.88,3,1,0,0,0,1,0,0,0,1,0,0,0,1,0,0,0,0
39,48,90,7.51,24.84,75.98,2142.21,3,1,0,0,0,1,0,0,0,1,0,0,0,1,0,0,0,0
37,27,93,7.31,33.64,59.8,1289.34,3,1,0,0,0,1,0,0,0,1,0,0,0,1,0,0,0,0
159,87,72,7.6,19.66,31.24,2443.31,3,1,0,0,0,1,0,0,0,1,0,0,0,1,0,0,0,0
84,63,145,4.84,14.78,57.25,2764.05,3,1,0,0,0,1,0,0,0,1,0,0,0,1,0,0,0,0
139,15,124,5.23,13.68,47.87,2246.96,3,1,0,0,0,1,0,0,0,1,0,0,0,1,0,0,0,0
156,25,123,5.37,21.02,80.9,1577.47,3,1,0,0,0,1,0,0,0,1,0,0,0,1,0,0,0,0
72,76,77,6.56,33.23,33.49,1176.66,3,1,0,0,0,1,0,0,0,1,0,0,0,1,0,0,0,0
104,74,55,5.3,15.47,49.06,1461.46,3,1,0,0,0,1,0,0,0,1,0,0,0,1,0,0,0,0
42,21,39,6.51,38.27,74.02,1135.16,3,1,0,0,0,1,0,0,0,1,0,0,0,1,0,0,0,0
123,73,56,7.12,35.52,77.49,1684.75,3,1,0,0,0,1,0,0,0,1,0,0,0,1,0,0,0,0
79,54,141,7.96,16.28,85.41,1001.4,3,1,0,0,0,1,0,0,0,1,0,0,0,1,0,0,0,0
60,79,106,5.44,14.61,61.05,1536.41,3,1,0,0,0,1,0,0,0,1,0,0,0,1,0,0,0,0
93,33,80,4.81,18.84,85.24,2284.14,3,1,0,0,0,1,0,0,0,1,0,0,0,1,0,0,0,0
124,26,122,6.0,18.85,45.06,2104.69,3,1,0,0,0,1,0,0,0,1,0,0,0,1,0,0,0,0
103,71,28,8.06,37.51,61.06,1239.38,3,1,0,0,0,1,0,0,0,1,0,0,0,1,0,0,0,0
113,88,128,5.69,31.87,72.85,1703.38,3,1,0,0,0,0,1,0,0,1,0,0,0,0,0,0,0,1
98,19,91,7.93,34.96,38.18,2642.67,3,1,0,0,0,0,1,0,0,1,0,0,0,0,0,0,0,1
142,45,60,6.51,17.97,52.95,938.63,3,1,0,0,0,0,1,0,0,1,0,0,0,0,0,0,0,1
128,92,42,6.93,17.69,50.14,950.0,3,1,0,0,0,0,1,0,0,1,0,0,0,0,0,0,0,1
110,90,79,5.38,17.83,69.9,1877.62,3,1,0,0,0,0,1,0,0,1,0,0,0,0,0,0,0,1
84,20,134,7.4,13.61,33.69,404.47,3,1,0,0,0,0,1,0,0,1,0,0,0,0,0,0,0,1
81,37,115,6.92,19.73,47.22,521.86,3,1,0,0,0,0,1,0,0,1,0,0,0,0,0,0,0,1
38,52,149,7.51,15.47,65.97,1748.19,3,1,0,0,0,0,1,0,0,1,0,0,0,0,0,0,0,1
129,64,76,8.04,27.61,70.83,2082.77,3,1,0,0,0,0,1,0,0,1,0,0,0,0,0,0,0,1
93,68,131,7.35,36.32,45.91,1679.69,3,1,0,0,0,0,1,0,0,1,0,0,0,0,0,0,0,1
58,67,76,5.77,20.18,84.35,2317.4,3,1,0,0,0,0,1,0,0,1,0,0,0,0,0,0,0,1
56,47,100,5.79,27.27,36.59,1477.33,3,1,0,0,0,0,1,0,0,1,0,0,0,0,0,0,0,1
113,44,56,6.64,30.95,43.03,2601.59,3,1,0,0,0,0,1,0,0,1,0,0,0,0,0,0,0,1
130,86,28,7.36,38.65,84.42,2511.69,3,1,0,0,0,0,1,0,0,1,0,0,0,0,0,0,0,1
69,69,70,5.37,33.76,43.94,1500.9,3,1,0,0,0,0,1,0,0,1,0,0,0,0,0,0,0,1
118,76,30,7.6,21.72,70.53,2282.08,3,1,0,0,0,0,1,0,0,1,0,0,0,0,0,0,0,1
66,27,113,7.08,22.01,56.68,409.59,3,1,0,0,0,0,1,0,0,1,0,0,0,0,0,0,0,1
96,81,86,7.02,31.26,60.96,631.77,3,1,0,0,0,0,1,0,0,1,0,0,0,0,0,0,0,1
147,87,45,6.8,28.49,53.16,2274.33,3,1,0,0,0,0,1,0,0,1,0,0,0,0,0,0,0,1
102,86,59,7.34,21.9,69.55,2649.38,3,1,0,0,0,0,1,0,0,1,0,0,0,0,0,0,0,1
111,20,80,6.12,19.16,70.37,1646.85,3,1,0,0,0,0,1,0,0,1,0,0,0,0,0,0,0,1
70,99,111,7.18,27.5,39.73,1183.0,3,1,0,0,0,0,1,0,0,1,0,0,0,0,0,0,0,1
40,62,129,4.91,10.96,47.89,1905.21,3,1,0,0,0,0,1,0,0,1,0,0,0,0,0,0,0,1
135,86,81,6.59,20.72,87.87,2142.87,3,1,0,0,0,0,1,0,0,1,0,0,0,0,0,0,0,1
50,29,22,6.87,13.88,68.91,1993.65,3,1,0,0,0,0,0,1,0,1,0,0,0,1,0,0,0,0
77,95,116,8.06,36.46,31.4,2257.88,3,1,0,0,0,0,0,1,0,1,0,0,0,1,0,0,0,0
64,51,123,6.62,35.45,82.65,2405.86,3,1,0,0,0,0,0,1,0,1,0,0,0,1,0,0,0,0
90,20,33,7.19,13.35,69.89,1686.56,3,1,0,0,0,0,0,1,0,1,0,0,0,1,0,0,0,0
67,76,122,6.87,17.99,81.17,801.29,3,1,0,0,0,0,0,1,0,1,0,0,0,1,0,0,0,0
75,37,147,6.01,27.22,68.62,1429.33,3,1,0,0,0,0,0,1,0,1,0,0,0,1,0,0,0,0
50,32,100,5.19,37.85,79.6,2648.37,3,1,0,0,0,0,0,1,0,1,0,0,0,1,0,0,0,0
148,39,41,4.95,38.08,59.22,1119.87,3,1,0,0,0,0,0,1,0,1,0,0,0,1,0,0,0,0
128,58,135,7.57,31.61,32.6,610.71,3,1,0,0,0,0,0,1,0,1,0,0,0,1,0,0,0,0
46,57,44,5.98,19.14,80.59,2262.15,3,1,0,0,0,0,0,1,0,1,0,0,0,1,0,0,0,0
45,16,52,5.99,13.19,36.79,646.33,3,1,0,0,0,0,0,1,0,1,0,0,0,1,0,0,0,0
128,97,74,7.6,29.38,37.8,2463.3,3,1,0,0,0,0,0,1,0,1,0,0,0,1,0,0,0,0
120,93,126,6.15,19.3,45.1,1841.3,3,1,0,0,0,0,0,1,0,1,0,0,0,1,0,0,0,0
136,47,88,6.16,38.91,41.77,1643.98,3,1,0,0,0,0,0,1,0,1,0,0,0,1,0,0,0,0
101,67,100,7.52,19.09,34.48,1856.8,3,1,0,0,0,0,0,1,0,1,0,0,0,1,0,0,0,0
48,79,42,6.02,38.57,51.61,2490.36,3,1,0,0,0,0,0,1,0,1,0,0,0,1,0,0,0,0
93,38,98,6.07,39.21,38.67,2781.45,3,1,0,0,0,0,0,1,0,1,0,0,0,1,0,0,0,0
57,97,64,5.48,15.91,48.12,493.15,3,1,0,0,0,0,0,1,0,1,0,0,0,1,0,0,0,0
65,55,146,6.74,38.0,89.3,1256.78,3,1,0,0,0,0,0,1,0,1,0,0,0,1,0,0,0,0
166,26,142,7.7,24.0,43.73,2232.33,3,1,0,0,0,0,0,1,0,1,0,0,0,1,0,0,0,0
96,92,78,5.38,37.49,45.81,2059.07,3,1,0,0,0,0,0,1,0,1,0,0,0,1,0,0,0,0
60,52,42,7.22,10.15,89.71,405.55,3,1,0,0,0,0,0,1,0,1,0,0,0,1,0,0,0,0
104,58,60,6.6,16.55,58.4,2715.1,3,1,0,0,0,0,0,1,0,1,0,0,0,1,0,0,0,0
82,24,117,5.54,34.1,68.74,821.13,3,1,0,0,0,0,0,1,0,1,0,0,0,1,0,0,0,0
123,19,106,5.97,15.04,70.41,508.3,3,1,0,0,0,0,0,1,0,1,0,0,0,1,0,0,0,0
50,99,115,4.82,36.92,51.86,1373.54,3,1,0,0,0,0,0,1,0,1,0,0,0,1,0,0,0,0
52,22,82,8.14,12.66,38.53,323.63,3,1,0,0,0,0,0,1,0,1,0,0,0,1,0,0,0,0
49,28,33,5.64,39.18,86.72,1789.86,3,1,0,0,0,0,0,1,0,1,0,0,0,1,0,0,0,0
67,82,89,7.32,18.05,53.97,2498.99,3,1,0,0,0,0,0,1,0,1,0,0,0,1,0,0,0,0
86,23,30,7.77,20.67,86.1,1603.79,3,1,0,0,0,0,0,1,0,1,0,0,0,1,0,0,0,0
144,32,120,7.18,37.67,43.54,1539.98,3,1,0,0,0,0,0,1,0,1,0,0,0,1,0,0,0,0
57,54,63,6.6,17.87,62.63,1528.49,3,1,0,0,0,0,0,1,0,1,0,0,0,1,0,0,0,0
87,16,144,7.2,38.22,51.27,653.18,3,1,0,0,1,0,0,0,0,0,1,0,0,1,0,0,0,0
161,76,110,5.3,14.59,48.17,1712.53,3,1,0,0,1,0,0,0,0,0,1,0,0,1,0,0,0,0
123,88,47,7.74,14.72,42.1,1820.52,3,1,0,0,1,0,0,0,0,0,1,0,0,1,0,0,0,0
177,42,123,6.67,29.83,83.99,731.81,3,1,0,0,1,0,0,0,0,0,1,0,0,1,0,0,0,0
105,88,117,7.24,19.31,69.77,1939.61,3,1,0,0,1,0,0,0,0,0,1,0,0,1,0,0,0,0
91,53,94,5.22,20.83,78.34,1552.67,3,1,0,0,1,0,0,0,0,0,1,0,0,1,0,0,0,0
76,52,128,6.05,20.61,75.93,864.69,3,1,0,0,1,0,0,0,0,0,1,0,0,1,0,0,0,0
172,39,80,6.6,19.96,52.32,2791.26,3,1,0,0,1,0,0,0,0,0,1,0,0,1,0,0,0,0
155,31,126,6.51,10.97,81.02,407.86,3,1,0,0,1,0,0,0,0,0,1,0,0,1,0,0,0,0
51,29,59,7.08,39.57,87.16,921.88,3,1,0,0,1,0,0,0,0,0,1,0,0,1,0,0,0,0
103,91,144,7.07,16.03,84.99,2323.2,3,1,0,0,1,0,0,0,0,0,1,0,0,1,0,0,0,0
156,86,60,7.59,34.64,44.47,728.61,3,1,0,0,1,0,0,0,0,0,1,0,0,1,0,0,0,0
96,29,141,6.42,11.32,80.03,608.57,3,1,0,0,1,0,0,0,0,0,1,0,0,1,0,0,0,0
135,41,133,6.01,24.49,46.21,920.55,3,1,0,0,1,0,0,0,0,0,1,0,0,1,0,0,0,0
121,89,78,6.82,14.78,34.76,2042.33,3,1,0,0,1,0,0,0,0,0,1,0,0,1,0,0,0,0
55,34,106,7.74,36.05,76.11,2549.47,3,1,0,0,1,0,0,0,0,0,1,0,0,1,0,0,0,0
71,36,137,7.66,12.0,68.71,1318.44,3,1,0,0,1,0,0,0,0,0,1,0,0,1,0,0,0,0
176,83,24,6.08,22.94,36.58,927.0,3,1,0,0,1,0,0,0,0,0,1,0,0,1,0,0,0,0
69,98,59,5.6,35.85,66.0,388.52,3,1,0,0,1,0,0,0,0,0,1,0,0,1,0,0,0,0
143,62,132,5.56,18.03,51.91,1378.29,3,1,0,0,1,0,0,0,0,0,1,0,0,1,0,0,0,0
157,79,143,7.62,26.83,86.24,1947.09,3,1,0,0,1,0,0,0,0,0,1,0,0,1,0,0,0,0
144,43,125,5.11,11.68,71.91,2302.93,3,1,0,0,1,0,0,0,0,0,1,0,0,1,0,0,0,0
165,42,122,5.8,25.16,64.9,2396.63,3,1,0,0,1,0,0,0,0,0,1,0,0,1,0,0,0,0
126,69,78,5.69,19.91,58.43,1566.37,3,1,0,0,1,0,0,0,0,0,1,0,0,1,0,0,0,0
85,85,101,6.77,30.19,33.52,1892.4,3,1,0,0,1,0,0,0,0,0,1,0,0,1,0,0,0,0
61,55,134,4.94,29.73,80.38,2762.11,3,1,0,0,1,0,0,0,0,0,1,0,0,1,0,0,0,0
108,52,46,8.16,17.18,56.26,1014.13,3,1,0,0,1,0,0,0,0,0,1,0,0,1,0,0,0,0
113,52,53,6.75,14.11,68.97,2373.72,3,1,0,0,0,1,0,0,0,0,1,0,0,1,0,0,0,0
42,48,124,6.01,26.54,52.22,2110.76,3,1,0,0,0,1,0,0,0,0,1,0,0,1,0,0,0,0
135,80,80,5.24,22.71,52.64,1043.7,3,1,0,0,0,1,0,0,0,0,1,0,0,1,0,0,0,0
66,40,24,6.21,38.6,42.46,1910.34,3,1,0,0,0,1,0,0,0,0,1,0,0,1,0,0,0,0
116,93,135,6.1,15.21,67.58,1549.62,3,1,0,0,0,1,0,0,0,0,1,0,0,1,0,0,0,0
159,38,105,6.78,36.47,41.14,1652.22,3,1,0,0,0,1,0,0,0,0,1,0,0,1,0,0,0,0
71,44,147,6.69,17.96,87.91,620.85,3,1,0,0,0,1,0,0,0,0,1,0,0,1,0,0,0,0
130,42,76,5.59,22.13,43.13,2535.88,3,1,0,0,0,1,0,0,0,0,1,0,0,1,0,0,0,0
43,17,144,7.23,15.37,35.84,1703.56,3,1,0,0,0,1,0,0,0,0,1,0,0,1,0,0,0,0
62,18,136,6.61,31.05,64.29,2174.16,3,1,0,0,0,1,0,0,0,0,1,0,0,1,0,0,0,0
31,36,74,6.29,33.73,34.85,1299.59,3,1,0,0,0,1,0,0,0,0,1,0,0,1,0,0,0,0
81,32,21,6.85,18.95,58.82,1298.75,3,1,0,0,0,1,0,0,0,0,1,0,0,1,0,0,0,0
154,26,114,5.65,32.8,78.32,1766.79,3,1,0,0,0,1,0,0,0,0,1,0,0,1,0,0,0,0
47,64,124,6.31,14.79,30.11,1850.6,3,1,0,0,0,1,0,0,0,0,1,0,0,1,0,0,0,0
175,28,108,5.84,37.82,83.41,2433.32,3,1,0,0,0,1,0,0,0,0,1,0,0,1,0,0,0,0
142,47,28,4.97,29.73,38.84,2125.5,3,1,0,0,0,1,0,0,0,0,1,0,0,1,0,0,0,0
46,27,117,5.03,26.37,48.7,979.18,3,1,0,0,0,1,0,0,0,0,1,0,0,1,0,0,0,0
100,23,73,7.45,27.32,76.67,585.49,3,1,0,0,0,1,0,0,0,0,1,0,0,1,0,0,0,0
148,71,36,7.68,24.14,37.87,1012.25,3,1,0,0,0,1,0,0,0,0,1,0,0,1,0,0,0,0
135,77,95,6.27,10.47,78.62,2025.19,3,1,0,0,0,1,0,0,0,0,1,0,0,1,0,0,0,0
144,19,132,5.98,14.73,41.98,2035.28,3,1,0,0,0,1,0,0,0,0,1,0,0,1,0,0,0,0
116,44,140,8.11,13.53,89.15,1270.04,3,1,0,0,0,1,0,0,0,0,1,0,0,1,0,0,0,0
170,26,133,6.36,33.18,55.84,1475.2,3,1,0,0,0,1,0,0,0,0,1,0,0,1,0,0,0,0
42,33,119,7.27,26.2,58.84,690.7,3,1,0,0,0,1,0,0,0,0,1,0,0,1,0,0,0,0
85,44,77,5.3,19.68,55.57,1796.19,3,1,0,0,0,1,0,0,0,0,1,0,0,1,0,0,0,0
101,55,28,5.58,23.06,83.99,609.22,3,1,0,0,0,1,0,0,0,0,1,0,0,1,0,0,0,0
106,55,67,6.2,31.33,43.26,360.06,3,1,0,0,0,1,0,0,0,0,1,0,0,1,0,0,0,0
100,17,42,5.5,34.43,77.47,2564.69,3,1,0,0,0,1,0,0,0,0,1,0,0,1,0,0,0,0
109,42,141,6.6,17.38,48.33,1330.73,3,1,0,0,0,1,0,0,0,0,1,0,0,1,0,0,0,0
53,98,46,5.99,10.97,71.98,1833.64,3,1,0,0,0,1,0,0,0,0,1,0,0,1,0,0,0,0
151,91,86,7.58,28.42,53.74,1499.4,3,1,0,0,0,0,1,0,0,0,1,0,0,0,0,0,1,0
44,18,66,8.09,17.75,50.45,2774.6,3,1,0,0,0,0,1,0,0,0,1,0,0,0,0,0,1,0
59,81,55,6.36,18.42,83.89,825.49,3,1,0,0,0,0,1,0,0,0,1,0,0,0,0,0,1,0
91,30,87,5.37,39.67,30.13,2045.46,3,1,0,0,0,0,1,0,0,0,1,0,0,0,0,0,1,0
169,58,25,7.29,32.0,54.7,1321.42,3,1,0,0,0,0,1,0,0,0,1,0,0,0,0,0,1,0
62,52,143,7.94,29.34,42.7,1759.82,3,1,0,0,0,0,1,0,0,0,1,0,0,0,0,0,1,0
127,79,117,8.14,19.0,56.29,1222.51,3,1,0,0,0,0,1,0,0,0,1,0,0,0,0,0,1,0
160,87,88,6.8,16.12,59.89,1417.68,3,1,0,0,0,0,1,0,0,0,1,0,0,0,0,0,1,0
56,42,132,6.99,12.77,39.95,1208.2,3,1,0,0,0,0,1,0,0,0,1,0,0,0,0,0,1,0
171,89,95,6.58,33.84,53.52,1127.87,3,1,0,0,0,0,1,0,0,0,1,0,0,0,0,0,1,0
48,27,89,7.49,32.87,88.85,744.74,3,1,0,0,0,0,1,0,0,0,1,0,0,0,0,0,1,0
66,72,111,5.17,39.56,30.61,2173.43,3,1,0,0,0,0,1,0,0,0,1,0,0,0,0,0,1,0
124,29,119,6.3,34.36,79.2,2088.8,3,1,0,0,0,0,1,0,0,0,1,0,0,0,0,0,1,0
128,75,139,6.48,32.68,73.02,2525.11,3,1,0,0,0,0,1,0,0,0,1,0,0,0,0,0,1,0
133,40,36,5.41,23.7,46.26,2781.31,3,1,0,0,0,0,1,0,0,0,1,0,0,0,0,0,1,0
127,56,91,8.03,10.68,58.47,487.83,3,1,0,0,0,0,1,0,0,0,1,0,0,0,0,0,1,0
64,33,48,8.04,31.09,36.16,355.19,3,1,0,0,0,0,1,0,0,0,1,0,0,0,0,0,1,0
169,30,28,5.73,22.12,42.72,1456.14,3,1,0,0,0,0,1,0,0,0,1,0,0,0,0,0,1,0
143,80,82,7.68,27.48,45.7,2760.15,3,1,0,0,0,0,1,0,0,0,1,0,0,0,0,0,1,0
146,35,22,6.56,18.43,79.1,2439.57,3,1,0,0,0,0,1,0,0,0,1,0,0,0,0,0,1,0
45,97,28,6.13,34.6,79.35,1662.89,3,1,0,0,0,0,1,0,0,0,1,0,0,0,0,0,1,0
49,30,138,6.29,10.81,52.75,2718.1,3,1,0,0,0,0,1,0,0,0,1,0,0,0,0,0,1,0
99,35,25,5.33,13.75,34.56,1742.87,3,1,0,0,0,0,1,0,0,0,1,0,0,0,0,0,1,0
150,59,75,7.4,15.2,45.95,554.16,3,1,0,0,0,0,1,0,0,0,1,0,0,0,0,0,1,0
76,54,98,8.12,21.69,72.56,686.82,3,1,0,0,0,0,1,0,0,0,1,0,0,0,0,0,1,0
41,82,57,6.41,33.1,84.9,2547.95,3,1,0,0,0,0,1,0,0,0,1,0,0,0,0,0,1,0
48,68,83,8.07,23.8,48.12,1850.01,3,1,0,0,0,0,1,0,0,0,1,0,0,0,0,0,1,0
39,18,74,7.0,35.27,84.95,1133.65,3,1,0,0,0,0,1,0,0,0,1,0,0,0,0,0,1,0
95,63,119,7.41,35.49,34.22,746.58,3,1,0,0,0,0,1,0,0,0,1,0,0,0,0,0,1,0
167,62,146,5.76,18.45,76.93,1975.02,3,1,0,0,0,0,1,0,0,0,1,0,0,0,0,0,1,0
46,38,62,5.96,39.31,48.52,1151.03,3,1,0,0,0,0,1,0,0,0,1,0,0,0,0,0,1,0
46,27,28,7.02,28.31,67.55,609.78,3,1,0,0,0,0,1,0,0,0,1,0,0,0,0,0,1,0
121,59,105,7.38,10.21,44.6,517.12,3,1,0,0,0,0,1,0,0,0,1,0,0,0,0,0,1,0
119,92,32,5.22,13.38,88.38,1925.85,3,1,0,0,0,0,0,1,0,0,1,0,0,1,0,0,0,0
145,44,81,6.17,30.23,33.68,694.17,3,1,0,0,0,0,0,1,0,0,1,0,0,1,0,0,0,0
87,32,32,6.78,33.59,66.86,1440.19,3,1,0,0,0,0,0,1,0,0,1,0,0,1,0,0,0,0
40,68,79,8.03,28.85,62.09,2469.61,3,1,0,0,0,0,0,1,0,0,1,0,0,1,0,0,0,0
137,21,136,5.86,29.95,48.65,2134.85,3,1,0,0,0,0,0,1,0,0,1,0,0,1,0,0,0,0
42,34,111,6.19,27.97,50.88,2257.22,3,1,0,0,0,0,0,1,0,0,1,0,0,1,0,0,0,0
140,79,63,6.51,23.63,37.86,1651.93,3,1,0,0,0,0,0,1,0,0,1,0,0,1,0,0,0,0
42,47,45,5.85,16.86,75.17,837.13,3,1,0,0,0,0,0,1,0,0,1,0,0,1,0,0,0,0
157,60,136,5.76,32.04,60.29,425.94,3,1,0,0,0,0,0,1,0,0,1,0,0,1,0,0,0,0
137,89,26,7.86,21.93,50.29,1877.86,3,1,0,0,0,0,0,1,0,0,1,0,0,1,0,0,0,0
102,23,96,7.73,25.27,50.12,1415.5,3,1,0,0,0,0,0,1,0,0,1,0,0,1,0,0,0,0
169,26,43,5.06,11.2,35.35,1389.96,3,1,0,0,0,0,0,1,0,0,1,0,0,1,0,0,0,0
152,90,120,7.46,17.0,75.86,2761.52,3,1,0,0,0,0,0,1,0,0,1,0,0,1,0,0,0,0
76,84,63,5.59,20.08,39.29,1929.68,3,1,0,0,0,0,0,1,0,0,1,0,0,1,0,0,0,0
71,81,35,7.18,23.31,79.66,1790.8,3,1,0,0,0,0,0,1,0,0,1,0,0,1,0,0,0,0
158,49,39,7.05,34.21,81.66,1871.18,3,1,0,0,0,0,0,1,0,0,1,0,0,1,0,0,0,0
178,84,120,4.98,33.05,69.21,1147.5,3,1,0,0,0,0,0,1,0,0,1,0,0,1,0,0,0,0
81,70,71,7.12,13.36,61.36,790.37,3,1,0,0,0,0,0,1,0,0,1,0,0,1,0,0,0,0
132,61,35,7.66,36.64,41.05,1422.09,3,1,0,0,0,0,0,1,0,0,1,0,0,1,0,0,0,0
134,42,141,5.87,39.52,85.51,2040.25,3,1,0,0,0,0,0,1,0,0,1,0,0,1,0,0,0,0
64,79,67,5.62,34.91,42.34,857.19,3,1,0,0,0,0,0,1,0,0,1,0,0,1,0,0,0,0
168,91,131,4.89,11.09,70.76,2548.72,3,1,0,0,0,0,0,1,0,0,1,0,0,1,0,0,0,0
139,85,115,8.18,26.15,78.72,1337.58,3,1,0,0,0,0,0,1,0,0,1,0,0,1,0,0,0,0
118,43,31,8.04,20.48,73.59,1909.83,3,1,0,0,0,0,0,1,0,0,1,0,0,1,0,0,0,0
90,42,139,6.52,10.95,69.66,2072.79,3,1,0,0,0,0,0,1,0,0,1,0,0,1,0,0,0,0
50,28,47,5.93,21.64,76.84,352.26,3,1,0,0,0,0,0,1,0,0,1,0,0,1,0,0,0,0
167,93,105,6.1,25.56,63.2,2711.65,3,1,0,0,0,0,0,1,0,0,1,0,0,1,0,0,0,0
130,69,23,7.28,18.69,89.12,2429.79,3,1,0,0,0,0,0,1,0,0,1,0,0,1,0,0,0,0
80,44,37,6.88,13.79,52.72,2548.89,3,1,0,0,0,0,0,1,0,0,1,0,0,1,0,0,0,0
34,30,122,5.03,12.61,40.03,860.48,3,1,0,0,0,0,0,1,0,0,1,0,0,1,0,0,0,0
144,61,59,5.26,31.92,87.99,490.97,3,1,0,0,0,0,0,1,0,0,1,0,0,1,0,0,0,0
133,17,65,5.06,35.9,73.5,1525.85,3,1,0,0,1,0,0,0,0,0,0,1,0,0,1,0,0,0
62,83,142,7.53,13.41,62.3,810.24,3,1,0,0,1,0,0,0,0,0,0,1,0,0,1,0,0,0
52,65,90,7.32,35.48,88.64,1021.67,3,1,0,0,1,0,0,0,0,0,0,1,0,0,1,0,0,0
69,17,115,6.23,26.69,63.3,718.29,3,1,0,0,1,0,0,0,0,0,0,1,0,0,1,0,0,0
178,49,78,5.09,16.91,71.84,2486.09,3,1,0,0,1,0,0,0,0,0,0,1,0,0,1,0,0,0
99,72,55,5.92,11.37,58.24,795.63,3,1,0,0,1,0,0,0,0,0,0,1,0,0,1,0,0,0
111,37,67,7.98,22.51,35.84,2571.12,3,1,0,0,1,0,0,0,0,0,0,1,0,0,1,0,0,0
145,52,44,8.06,29.37,30.95,1864.69,3,1,0,0,1,0,0,0,0,0,0,1,0,0,1,0,0,0
99,15,115,6.06,34.12,48.6,1781.45,3,1,0,0,1,0,0,0,0,0,0,1,0,0,1,0,0,0
176,76,59,5.2,24.27,82.75,1910.89,3,1,0,0,1,0,0,0,0,0,0,1,0,0,1,0,0,0
63,99,51,7.13,30.76,39.38,806.45,3,1,0,0,1,0,0,0,0,0,0,1,0,0,1,0,0,0
85,82,114,7.04,23.83,47.63,2391.17,3,1,0,0,1,0,0,0,0,0,0,1,0,0,1,0,0,0
88,62,31,5.08,11.59,39.12,1045.0,3,1,0,0,1,0,0,0,0,0,0,1,0,0,1,0,0,0
39,17,130,6.5,29.62,71.74,462.2,3,1,0,0,1,0,0,0,0,0,0,1,0,0,1,0,0,0
156,52,34,6.75,37.42,80.67,1575.89,3,1,0,0,1,0,0,0,0,0,0,1,0,0,1,0,0,0
150,85,106,4.98,24.55,64.46,2035.79,3,1,0,0,1,0,0,0,0,0,0,1,0,0,1,0,0,0
79,38,45,6.36,13.05,32.08,508.04,3,1,0,0,1,0,0,0,0,0,0,1,0,0,1,0,0,0
119,57,108,7.62,21.68,41.62,755.51,3,1,0,0,1,0,0,0,0,0,0,1,0,0,1,0,0,0
174,48,147,7.23,12.71,77.98,1492.33,3,1,0,0,1,0,0,0,0,0,0,1,0,0,1,0,0,0
169,98,92,7.03,14.72,38.38,1256.95,3,1,0,0,1,0,0,0,0,0,0,1,0,0,1,0,0,0
133,60,106,6.76,11.38,52.05,2724.51,3,1,0,0,1,0,0,0,0,0,0,1,0,0,1,0,0,0
110,98,62,5.99,35.26,48.84,1625.21,3,1,0,0,1,0,0,0,0,0,0,1,0,0,1,0,0,0
47,71,127,5.36,14.64,70.31,2306.61,3,1,0,0,1,0,0,0,0,0,0,1,0,0,1,0,0,0
46,59,37,5.44,10.33,38.58,1109.99,3,1,0,0,1,0,0,0,0,0,0,1,0,0,1,0,0,0
44,64,136,4.84,24.59,78.96,1394.16,3,1,0,0,1,0,0,0,0,0,0,1,0,0,1,0,0,0
58,27,130,4.86,18.43,59.23,2339.21,3,1,0,0,1,0,0,0,0,0,0,1,0,0,1,0,0,0
145,56,145,7.29,12.94,70.34,2714.53,3,1,0,0,1,0,0,0,0,0,0,1,0,0,1,0,0,0
132,29,69,7.67,37.31,33.2,549.45,3,1,0,0,1,0,0,0,0,0,0,1,0,0,1,0,0,0
66,16,40,6.07,36.72,85.64,1802.19,3,1,0,0,1,0,0,0,0,0,0,1,0,0,1,0,0,0
106,74,125,7.41,34.66,81.51,1759.92,3,1,0,0,1,0,0,0,0,0,0,1,0,0,1,0,0,0
52,70,78,5.11,24.6,84.39,1053.64,3,1,0,0,1,0,0,0,0,0,0,1,0,0,1,0,0,0
70,86,29,7.28,11.37,83.51,491.37,3,1,0,0,1,0,0,0,0,0,0,1,0,0,1,0,0,0
174,92,51,6.33,17.69,57.03,770.58,3,1,0,0,1,0,0,0,0,0,0,1,0,0,1,0,0,0
63,33,106,5.69,15.14,66.66,577.49,3,1,0,0,1,0,0,0,0,0,0,1,0,0,1,0,0,0
76,61,50,7.21,19.46,81.0,935.77,3,1,0,0,1,0,0,0,0,0,0,1,0,0,1,0,0,0
133,58,119,5.82,32.03,61.72,1798.85,3,1,0,0,0,1,0,0,0,0,0,1,0,0,1,0,0,0
174,22,22,5.34,36.0,68.16,509.81,3,1,0,0,0,1,0,0,0,0,0,1,0,0,1,0,0,0
124,58,82,6.93,38.45,85.12,923.52,3,1,0,0,0,1,0,0,0,0,0,1,0,0,1,0,0,0
45,40,133,6.77,19.23,34.75,1671.3,3,1,0,0,0,1,0,0,0,0,0,1,0,0,1,0,0,0
101,79,29,5.8,24.37,77.0,1060.27,3,1,0,0,0,1,0,0,0,0,0,1,0,0,1,0,0,0
177,50,61,6.97,21.29,56.64,721.51,3,1,0,0,0,1,0,0,0,0,0,1,0,0,1,0,0,0
129,65,61,7.88,20.88,85.4,1411.27,3,1,0,0,0,1,0,0,0,0,0,1,0,0,1,0,0,0
42,28,74,5.27,29.64,71.97,964.57,3,1,0,0,0,1,0,0,0,0,0,1,0,0,1,0,0,0
148,96,67,5.43,23.52,79.14,2498.17,3,1,0,0,0,1,0,0,0,0,0,1,0,0,1,0,0,0
121,89,51,5.96,34.73,76.78,2496.29,3,1,0,0,0,1,0,0,0,0,0,1,0,0,1,0,0,0
77,67,73,5.59,13.11,58.31,2030.31,3,1,0,0,0,1,0,0,0,0,0,1,0,0,1,0,0,0
36,80,143,6.57,35.05,71.94,1195.42,3,1,0,0,0,1,0,0,0,0,0,1,0,0,1,0,0,0
93,44,112,7.58,25.17,49.21,978.0,3,1,0,0,0,1,0,0,0,0,0,1,0,0,1,0,0,0
95,87,80,7.55,19.01,59.84,2316.49,3,1,0,0,0,1,0,0,0,0,0,1,0,0,1,0,0,0
126,88,117,5.63,35.28,88.93,2791.17,3,1,0,0,0,1,0,0,0,0,0,1,0,0,1,0,0,0
41,79,107,5.11,19.71,41.2,1169.31,3,1,0,0,0,1,0,0,0,0,0,1,0,0,1,0,0,0
170,15,136,7.78,23.99,32.19,2750.0,3,1,0,0,0,1,0,0,0,0,0,1,0,0,1,0,0,0
57,34,129,7.9,39.12,86.08,1470.3,3,1,0,0,0,1,0,0,0,0,0,1,0,0,1,0,0,0
91,68,92,8.01,22.66,71.95,1190.93,3,1,0,0,0,1,0,0,0,0,0,1,0,0,1,0,0,0
91,65,56,7.97,15.78,62.73,1335.11,3,1,0,0,0,1,0,0,0,0,0,1,0,0,1,0,0,0
64,71,89,7.8,37.9,52.05,1622.9,3,1,0,0,0,1,0,0,0,0,0,1,0,0,1,0,0,0
141,62,21,4.97,29.12,71.66,406.82,3,1,0,0,0,1,0,0,0,0,0,1,0,0,1,0,0,0
84,39,47,6.23,36.01,66.64,2070.81,3,1,0,0,0,1,0,0,0,0,0,1,0,0,1,0,0,0
167,70,148,7.26,15.58,88.97,1923.83,3,1,0,0,0,1,0,0,0,0,0,1,0,0,1,0,0,0
43,52,64,5.04,19.97,89.57,2623.45,3,1,0,0,0,1,0,0,0,0,0,1,0,0,1,0,0,0
115,59,77,7.84,17.5,87.18,515.29,3,1,0,0,0,1,0,0,0,0,0,1,0,0,1,0,0,0
134,29,98,5.9,37.45,49.06,1142.25,3,1,0,0,0,1,0,0,0,0,0,1,0,0,1,0,0,0
80,41,147,7.3,12.0,36.84,1445.71,3,1,0,0,0,1,0,0,0,0,0,1,0,0,1,0,0,0
128,73,56,5.67,15.2,68.01,1737.22,3,1,0,0,0,0,1,0,0,0,0,1,0,0,0,0,0,1
34,19,46,7.67,11.45,70.97,1523.19,3,1,0,0,0,0,1,0,0,0,0,1,0,0,0,0,0,1
132,72,90,6.8,26.83,88.81,1949.19,3,1,0,0,0,0,1,0,0,0,0,1,0,0,0,0,0,1
107,76,80,4.89,10.7,40.41,486.55,3,1,0,0,0,0,1,0,0,0,0,1,0,0,0,0,0,1
43,19,60,7.12,35.25,45.17,2115.45,3,1,0,0,0,0,1,0,0,0,0,1,0,0,0,0,0,1
68,89,49,6.56,29.44,75.72,895.85,3,1,0,0,0,0,1,0,0,0,0,1,0,0,0,0,0,1
146,81,64,5.79,28.88,82.21,915.94,3,1,0,0,0,0,1,0,0,0,0,1,0,0,0,0,0,1
86,96,125,5.69,13.43,49.03,1519.44,3,1,0,0,0,0,1,0,0,0,0,1,0,0,0,0,0,1
100,44,76,7.72,30.97,38.75,1674.29,3,1,0,0,0,0,1,0,0,0,0,1,0,0,0,0,0,1
59,53,51,6.48,15.82,70.35,2084.37,3,1,0,0,0,0,1,0,0,0,0,1,0,0,0,0,0,1
87,76,108,7.32,38.41,76.82,1255.35,3,1,0,0,0,0,1,0,0,0,0,1,0,0,0,0,0,1
50,76,22,7.14,35.23,65.14,982.78,3,1,0,0,0,0,1,0,0,0,0,1,0,0,0,0,0,1
55,34,43,5.73,37.31,81.49,527.83,3,1,0,0,0,0,1,0,0,0,0,1,0,0,0,0,0,1
90,96,145,6.37,29.96,50.98,2043.59,3,1,0,0,0,0,1,0,0,0,0,1,0,0,0,0,0,1
125,43,82,5.74,16.79,48.55,1519.51,3,1,0,0,0,0,1,0,0,0,0,1,0,0,0,0,0,1
76,86,59,6.88,31.78,37.31,2044.32,3,1,0,0,0,0,1,0,0,0,0,1,0,0,0,0,0,1
127,66,102,7.43,34.46,30.3,1380.82,3,1,0,0,0,0,1,0,0,0,0,1,0,0,0,0,0,1
151,60,57,8.05,14.65,49.01,573.06,3,1,0,0,0,0,1,0,0,0,0,1,0,0,0,0,0,1
150,70,58,6.3,33.9,30.05,325.65,3,1,0,0,0,0,1,0,0,0,0,1,0,0,0,0,0,1
152,29,68,6.52,38.1,81.25,2214.83,3,1,0,0,0,0,1,0,0,0,0,1,0,0,0,0,0,1
175,29,71,5.54,34.15,40.73,1927.93,3,1,0,0,0,0,1,0,0,0,0,1,0,0,0,0,0,1
110,68,49,5.87,36.02,38.97,561.63,3,1,0,0,0,0,1,0,0,0,0,1,0,0,0,0,0,1
65,23,36,5.0,22.28,78.77,2698.13,3,1,0,0,0,0,1,0,0,0,0,1,0,0,0,0,0,1
49,36,127,6.82,12.61,80.19,1770.08,3,1,0,0,0,0,1,0,0,0,0,1,0,0,0,0,0,1
101,81,86,6.36,31.08,44.57,726.23,3,1,0,0,0,0,1,0,0,0,0,1,0,0,0,0,0,1
111,90,40,6.87,15.09,34.28,602.6,3,1,0,0,0,0,1,0,0,0,0,1,0,0,0,0,0,1
66,76,137,6.36,17.06,44.42,2039.68,3,1,0,0,0,0,1,0,0,0,0,1,0,0,0,0,0,1
84,82,30,6.63,35.14,89.01,1595.21,3,1,0,0,0,0,0,1,0,0,0,1,0,1,0,0,0,0
30,94,65,7.53,14.98,55.47,474.9,3,1,0,0,0,0,0,1,0,0,0,1,0,1,0,0,0,0
134,61,97,6.38,18.34,79.86,1724.87,3,1,0,0,0,0,0,1,0,0,0,1,0,1,0,0,0,0
114,93,78,5.79,39.4,46.0,1290.55,3,1,0,0,0,0,0,1,0,0,0,1,0,1,0,0,0,0
44,94,108,7.0,38.04,55.96,852.69,3,1,0,0,0,0,0,1,0,0,0,1,0,1,0,0,0,0
97,56,32,5.36,28.44,30.85,360.53,3,1,0,0,0,0,0,1,0,0,0,1,0,1,0,0,0,0
66,55,86,8.04,28.55,53.88,2566.36,3,1,0,0,0,0,0,1,0,0,0,1,0,1,0,0,0,0
121,96,53,5.08,20.04,57.2,896.43,3,1,0,0,0,0,0,1,0,0,0,1,0,1,0,0,0,0
56,67,72,8.0,34.96,53.99,1612.2,3,1,0,0,0,0,0,1,0,0,0,1,0,1,0,0,0,0
61,77,33,8.11,19.72,36.52,1844.78,3,1,0,0,0,0,0,1,0,0,0,1,0,1,0,0,0,0
45,95,97,5.91,36.99,38.3,2162.46,3,1,0,0,0,0,0,1,0,0,0,1,0,1,0,0,0,0
175,79,135,6.25,18.83,63.97,2121.02,3,1,0,0,0,0,0,1,0,0,0,1,0,1,0,0,0,0
132,90,24,6.28,20.37,51.02,2739.36,3,1,0,0,0,0,0,1,0,0,0,1,0,1,0,0,0,0
38,76,114,4.88,23.36,59.04,351.93,3,1,0,0,0,0,0,1,0,0,0,1,0,1,0,0,0,0
97,18,70,7.59,19.7,36.26,1703.94,3,1,0,0,0,0,0,1,0,0,0,1,0,1,0,0,0,0
36,46,132,5.92,36.95,60.39,1011.51,3,1,0,0,0,0,0,1,0,0,0,1,0,1,0,0,0,0
76,73,104,7.89,13.11,41.28,711.2,3,1,0,0,0,0,0,1,0,0,0,1,0,1,0,0,0,0
123,64,112,5.28,24.26,47.43,2360.52,3,1,0,0,0,0,0,1,0,0,0,1,0,1,0,0,0,0
133,97,136,4.92,10.31,78.49,1622.99,3,1,0,0,0,0,0,1,0,0,0,1,0,1,0,0,0,0
44,15,28,5.39,11.89,42.22,2486.31,3,1,0,0,0,0,0,1,0,0,0,1,0,1,0,0,0,0
44,37,48,7.36,13.34,32.01,2733.69,3,1,0,0,0,0,0,1,0,0,0,1,0,1,0,0,0,0
120,26,48,6.4,23.18,69.21,1670.11,3,1,0,0,0,0,0,1,0,0,0,1,0,1,0,0,0,0
103,35,142,6.83,30.53,58.81,2533.42,3,1,0,0,0,0,0,1,0,0,0,1,0,1,0,0,0,0
32,62,122,7.05,19.96,54.68,632.14,3,1,0,0,0,0,0,1,0,0,0,1,0,1,0,0,0,0
147,23,44,7.72,17.82,60.43,2328.45,3,1,0,0,0,0,0,1,0,0,0,1,0,1,0,0,0,0
150,45,88,6.04,31.41,40.12,2286.64,3,1,0,0,0,0,0,1,0,0,0,1,0,1,0,0,0,0
137,34,134,6.66,23.42,56.13,1083.11,3,1,0,0,0,0,0,1,0,0,0,1,0,1,0,0,0,0
47,44,122,8.13,32.68,48.15,2122.39,3,1,0,0,1,0,0,0,0,0,0,0,1,0,1,0,0,0
72,84,113,6.49,21.47,67.29,2337.3,3,1,0,0,1,0,0,0,0,0,0,0,1,0,1,0,0,0
61,80,22,7.64,38.14,32.1,435.38,3,1,0,0,1,0,0,0,0,0,0,0,1,0,1,0,0,0
136,74,79,6.28,17.89,62.34,2643.94,3,1,0,0,1,0,0,0,0,0,0,0,1,0,1,0,0,0
52,63,139,8.16,23.76,69.18,1032.92,3,1,0,0,1,0,0,0,0,0,0,0,1,0,1,0,0,0
163,61,107,5.6,25.94,48.59,317.67,3,1,0,0,1,0,0,0,0,0,0,0,1,0,1,0,0,0
134,21,143,6.62,18.88,86.96,1502.89,3,1,0,0,1,0,0,0,0,0,0,0,1,0,1,0,0,0
152,50,126,6.21,28.33,75.33,1260.91,3,1,0,0,1,0,0,0,0,0,0,0,1,0,1,0,0,0
105,93,111,7.51,14.6,78.3,1286.28,3,1,0,0,1,0,0,0,0,0,0,0,1,0,1,0,0,0
76,43,114,7.48,36.62,68.94,2552.9,3,1,0,0,1,0,0,0,0,0,0,0,1,0,1,0,0,0
33,90,55,5.88,15.62,48.74,2791.32,3,1,0,0,1,0,0,0,0,0,0,0,1,0,1,0,0,0
154,45,35,6.23,20.94,69.03,2174.21,3,1,0,0,1,0,0,0,0,0,0,0,1,0,1,0,0,0
147,40,116,7.58,31.7,57.27,2101.11,3,1,0,0,1,0,0,0,0,0,0,0,1,0,1,0,0,0
30,18,74,5.35,22.94,31.36,2579.99,3,1,0,0,1,0,0,0,0,0,0,0,1,0,1,0,0,0
159,63,58,7.38,28.72,58.68,430.88,3,1,0,0,1,0,0,0,0,0,0,0,1,0,1,0,0,0
104,85,38,6.6,37.29,56.22,2780.16,3,1,0,0,1,0,0,0,0,0,0,0,1,0,1,0,0,0
74,83,86,5.54,25.91,71.29,935.69,3,1,0,0,1,0,0,0,0,0,0,0,1,0,1,0,0,0
84,62,122,7.83,36.83,89.99,2576.94,3,1,0,0,1,0,0,0,0,0,0,0,1,0,1,0,0,0
135,49,136,5.3,19.49,77.42,1255.01,3,1,0,0,1,0,0,0,0,0,0,0,1,0,1,0,0,0
133,90,21,7.58,37.28,41.92,442.58,3,1,0,0,1,0,0,0,0,0,0,0,1,0,1,0,0,0
75,23,115,5.07,29.06,62.9,953.38,3,1,0,0,1,0,0,0,0,0,0,0,1,0,1,0,0,0
168,76,90,5.97,28.93,66.29,697.2,3,1,0,0,1,0,0,0,0,0,0,0,1,0,1,0,0,0
104,21,114,5.68,28.43,88.41,1664.11,3,1,0,0,1,0,0,0,0,0,0,0,1,0,1,0,0,0
59,24,110,6.62,12.08,70.8,627.64,3,1,0,0,1,0,0,0,0,0,0,0,1,0,1,0,0,0
52,47,103,5.75,39.37,82.52,2784.46,3,1,0,0,1,0,0,0,0,0,0,0,1,0,1,0,0,0
52,62,87,5.95,35.97,72.1,1801.96,3,1,0,0,1,0,0,0,0,0,0,0,1,0,1,0,0,0
115,21,130,8.04,36.12,47.19,981.77,3,1,0,0,1,0,0,0,0,0,0,0,1,0,1,0,0,0
101,48,75,5.96,21.56,53.11,2592.2,3,1,0,0,1,0,0,0,0,0,0,0,1,0,1,0,0,0
106,90,64,6.22,22.86,83.24,1996.51,3,1,0,0,1,0,0,0,0,0,0,0,1,0,1,0,0,0
177,26,78,5.84,17.86,50.9,1140.82,3,1,0,0,1,0,0,0,0,0,0,0,1,0,1,0,0,0
70,92,26,6.26,13.49,69.45,1512.86,3,1,0,0,1,0,0,0,0,0,0,0,1,0,1,0,0,0
32,46,29,5.94,26.05,36.61,2377.55,3,1,0,0,1,0,0,0,0,0,0,0,1,0,1,0,0,0
86,22,56,5.67,15.68,37.67,707.38,3,1,0,0,0,1,0,0,0,0,0,0,1,0,1,0,0,0
165,70,113,7.79,26.7,37.63,2309.45,3,1,0,0,0,1,0,0,0,0,0,0,1,0,1,0,0,0
73,28,91,7.62,39.33,62.0,2540.56,3,1,0,0,0,1,0,0,0,0,0,0,1,0,1,0,0,0
123,84,32,6.59,25.42,78.98,1421.85,3,1,0,0,0,1,0,0,0,0,0,0,1,0,1,0,0,0
160,58,72,5.35,29.67,59.07,2120.45,3,1,0,0,0,1,0,0,0,0,0,0,1,0,1,0,0,0
92,80,123,6.5,22.11,62.73,2155.38,3,1,0,0,0,1,0,0,0,0,0,0,1,0,1,0,0,0
37,38,140,7.44,38.66,70.1,1710.44,3,1,0,0,0,1,0,0,0,0,0,0,1,0,1,0,0,0
91,50,94,5.43,14.13,85.48,1984.63,3,1,0,0,0,1,0,0,0,0,0,0,1,0,1,0,0,0
168,86,38,6.79,15.16,59.98,1040.9,3,1,0,0,0,1,0,0,0,0,0,0,1,0,1,0,0,0
150,47,128,6.07,35.28,58.77,1183.0,3,1,0,0,0,1,0,0,0,0,0,0,1,0,1,0,0,0
42,41,97,5.4,15.27,32.86,1350.62,3,1,0,0,0,1,0,0,0,0,0,0,1,0,1,0,0,0
104,53,54,8.02,37.9,86.59,667.99,3,1,0,0,0,1,0,0,0,0,0,0,1,0,1,0,0,0
39,20,130,5.81,29.15,42.82,1824.53,3,1,0,0,0,1,0,0,0,0,0,0,1,0,1,0,0,0
48,47,138,5.71,20.61,51.01,2727.24,3,1,0,0,0,1,0,0,0,0,0,0,1,0,1,0,0,0
166,67,41,5.5,13.37,39.11,930.19,3,1,0,0,0,1,0,0,0,0,0,0,1,0,1,0,0,0
150,95,79,5.38,15.47,79.01,1899.24,3,1,0,0,0,1,0,0,0,0,0,0,1,0,1,0,0,0
174,75,91,5.76,38.52,61.81,1742.76,3,1,0,0,0,1,0,0,0,0,0,0,1,0,1,0,0,0
111,89,28,5.98,31.64,62.39,466.9,3,1,0,0,0,1,0,0,0,0,0,0,1,0,1,0,0,0
74,34,121,5.42,27.39,68.74,2379.92,3,1,0,0,0,1,0,0,0,0,0,0,1,0,1,0,0,0
64,83,93,7.42,22.16,60.78,2436.58,3,1,0,0,0,1,0,0,0,0,0,0,1,0,1,0,0,0
57,35,87,7.43,29.38,48.76,524.72,3,1,0,0,0,1,0,0,0,0,0,0,1,0,1,0,0,0
42,40,92,6.96,33.23,67.97,773.08,3,1,0,0,0,1,0,0,0,0,0,0,1,0,1,0,0,0
32,82,38,7.41,18.19,31.11,2190.11,3,1,0,0,0,1,0,0,0,0,0,0,1,0,1,0,0,0
131,66,86,7.4,37.27,81.23,1400.51,3,1,0,0,0,1,0,0,0,0,0,0,1,0,1,0,0,0
80,99,89,7.26,16.06,76.18,1285.72,3,1,0,0,0,1,0,0,0,0,0,0,1,0,1,0,0,0
141,64,29,5.22,34.94,50.02,1798.89,3,1,0,0,0,1,0,0,0,0,0,0,1,0,1,0,0,0
103,38,23,6.51,39.61,82.32,1545.62,3,1,0,0,0,1,0,0,0,0,0,0,1,0,1,0,0,0
48,21,73,7.39,14.52,36.55,2715.79,3,1,0,0,0,1,0,0,0,0,0,0,1,0,1,0,0,0
97,90,62,7.2,17.47,49.22,743.06,3,1,0,0,0,1,0,0,0,0,0,0,1,0,1,0,0,0
72,95,70,5.04,24.1,85.75,1474.73,3,1,0,0,0,1,0,0,0,0,0,0,1,0,1,0,0,0
142,57,45,6.08,14.28,75.66,1798.33,3,1,0,0,0,1,0,0,0,0,0,0,1,0,1,0,0,0
150,88,93,5.43,26.84,46.7,1292.62,3,1,0,0,0,1,0,0,0,0,0,0,1,0,1,0,0,0
98,42,96,6.93,26.18,34.54,1851.36,3,1,0,0,0,1,0,0,0,0,0,0,1,0,1,0,0,0
30,95,120,6.74,33.83,68.33,2127.64,3,1,0,0,0,1,0,0,0,0,0,0,1,0,1,0,0,0
137,35,29,7.96,19.94,57.86,827.6,3,1,0,0,0,0,1,0,0,0,0,0,1,0,0,0,1,0
76,67,138,7.6,35.01,59.56,1096.23,3,1,0,0,0,0,1,0,0,0,0,0,1,0,0,0,1,0
92,73,80,6.86,11.41,66.87,1426.12,3,1,0,0,0,0,1,0,0,0,0,0,1,0,0,0,1,0
37,71,99,8.1,32.94,69.07,1636.44,3,1,0,0,0,0,1,0,0,0,0,0,1,0,0,0,1,0
66,50,49,7.5,39.54,51.77,1164.53,3,1,0,0,0,0,1,0,0,0,0,0,1,0,0,0,1,0
85,76,91,5.27,12.12,77.52,1949.2,3,1,0,0,0,0,1,0,0,0,0,0,1,0,0,0,1,0
164,81,65,8.16,18.1,38.49,674.63,3,1,0,0,0,0,1,0,0,0,0,0,1,0,0,0,1,0
101,94,66,8.03,19.05,44.57,1151.25,3,1,0,0,0,0,1,0,0,0,0,0,1,0,0,0,1,0
165,44,93,5.04,29.83,35.57,2488.98,3,1,0,0,0,0,1,0,0,0,0,0,1,0,0,0,1,0
35,45,87,4.82,21.36,42.79,1430.4,3,1,0,0,0,0,1,0,0,0,0,0,1,0,0,0,1,0
165,55,53,5.9,26.1,82.51,2664.97,3,1,0,0,0,0,1,0,0,0,0,0,1,0,0,0,1,0
118,38,68,5.68,38.65,37.24,2211.94,3,1,0,0,0,0,1,0,0,0,0,0,1,0,0,0,1,0
81,70,26,5.66,27.79,42.31,1149.8,3,1,0,0,0,0,1,0,0,0,0,0,1,0,0,0,1,0
124,47,81,8.18,11.29,52.31,2515.9,3,1,0,0,0,0,1,0,0,0,0,0,1,0,0,0,1,0
141,26,145,5.46,16.67,40.34,451.76,3,1,0,0,0,0,1,0,0,0,0,0,1,0,0,0,1,0
48,50,149,7.37,23.89,82.9,581.92,3,1,0,0,0,0,1,0,0,0,0,0,1,0,0,0,1,0
78,57,78,5.36,27.33,43.12,892.81,3,1,0,0,0,0,1,0,0,0,0,0,1,0,0,0,1,0
173,87,109,5.55,28.59,87.31,2769.35,3,1,0,0,0,0,1,0,0,0,0,0,1,0,0,0,1,0
49,58,135,5.33,23.83,76.7,2716.32,3,1,0,0,0,0,1,0,0,0,0,0,1,0,0,0,1,0
161,59,24,6.01,22.87,32.29,2210.09,3,1,0,0,0,0,1,0,0,0,0,0,1,0,0,0,1,0
45,93,55,8.14,20.14,45.05,1068.38,3,1,0,0,0,0,1,0,0,0,0,0,1,0,0,0,1,0
73,35,47,7.71,30.47,65.1,1879.47,3,1,0,0,0,0,1,0,0,0,0,0,1,0,0,0,1,0
58,81,134,8.17,39.66,78.84,714.48,3,1,0,0,0,0,1,0,0,0,0,0,1,0,0,0,1,0
110,46,50,5.71,24.0,35.45,1051.29,3,1,0,0,0,0,1,0,0,0,0,0,1,0,0,0,1,0
64,75,79,6.8,22.62,79.74,1791.04,3,1,0,0,0,0,1,0,0,0,0,0,1,0,0,0,1,0
54,90,77,5.53,17.89,45.83,518.64,3,1,0,0,0,0,0,1,0,0,0,0,1,1,0,0,0,0
151,89,70,7.54,28.92,46.22,2496.97,3,1,0,0,0,0,0,1,0,0,0,0,1,1,0,0,0,0
163,69,54,7.21,34.56,80.33,1473.84,3,1,0,0,0,0,0,1,0,0,0,0,1,1,0,0,0,0
78,28,74,5.43,20.25,47.21,686.21,3,1,0,0,0,0,0,1,0,0,0,0,1,1,0,0,0,0
88,93,20,6.22,34.48,56.71,1760.28,3,1,0,0,0,0,0,1,0,0,0,0,1,1,0,0,0,0
75,90,86,7.7,35.3,80.58,2259.24,3,1,0,0,0,0,0,1,0,0,0,0,1,1,0,0,0,0
44,72,118,6.47,18.5,31.41,491.54,3,1,0,0,0,0,0,1,0,0,0,0,1,1,0,0,0,0
92,50,131,5.36,27.75,86.8,346.54,3,1,0,0,0,0,0,1,0,0,0,0,1,1,0,0,0,0
64,65,130,4.91,37.48,84.92,453.75,3,1,0,0,0,0,0,1,0,0,0,0,1,1,0,0,0,0
39,30,122,7.26,31.58,64.58,1642.7,3,1,0,0,0,0,0,1,0,0,0,0,1,1,0,0,0,0
116,19,56,6.11,18.39,66.3,932.44,3,1,0,0,0,0,0,1,0,0,0,0,1,1,0,0,0,0
150,86,142,5.07,16.4,84.85,1446.18,3,1,0,0,0,0,0,1,0,0,0,0,1,1,0,0,0,0
161,76,91,8.2,16.09,48.1,2282.2,3,1,0,0,0,0,0,1,0,0,0,0,1,1,0,0,0,0
31,80,31,6.52,32.44,79.24,1756.86,3,1,0,0,0,0,0,1,0,0,0,0,1,1,0,0,0,0
119,86,129,6.59,13.01,73.33,1567.97,3,1,0,0,0,0,0,1,0,0,0,0,1,1,0,0,0,0
179,22,129,7.72,25.89,35.59,701.7,3,1,0,0,0,0,0,1,0,0,0,0,1,1,0,0,0,0
75,23,83,5.19,37.27,45.08,2165.31,3,1,0,0,0,0,0,1,0,0,0,0,1,1,0,0,0,0
58,45,33,7.84,36.53,60.56,1606.8,3,1,0,0,0,0,0,1,0,0,0,0,1,1,0,0,0,0
46,45,33,6.1,27.35,60.59,2623.21,3,1,0,0,0,0,0,1,0,0,0,0,1,1,0,0,0,0
73,75,128,5.73,38.67,40.13,2228.16,3,1,0,0,0,0,0,1,0,0,0,0,1,1,0,0,0,0
105,87,66,6.81,17.27,79.61,2343.76,3,1,0,0,0,0,0,1,0,0,0,0,1,1,0,0,0,0
97,17,80,6.99,18.48,67.36,485.67,3,1,0,0,0,0,0,1,0,0,0,0,1,1,0,0,0,0
90,46,76,5.62,17.57,44.06,1139.32,3,1,0,0,0,0,0,1,0,0,0,0,1,1,0,0,0,0
57,38,70,6.65,29.07,68.35,658.23,3,1,0,0,0,0,0,1,0,0,0,0,1,1,0,0,0,0
42,81,79,6.46,16.99,61.71,897.56,3,1,0,0,0,0,0,1,0,0,0,0,1,1,0,0,0,0
86,44,101,6.74,12.13,43.85,902.87,3,1,0,0,0,0,0,1,0,0,0,0,1,1,0,0,0,0
31,75,147,5.46,20.18,50.42,2712.99,3,1,0,0,0,0,0,1,0,0,0,0,1,1,0,0,0,0
109,20,22,5.73,29.1,85.7,783.98,3,1,0,0,0,0,0,1,0,0,0,0,1,1,0,0,0,0
144,94,49,7.27,23.49,56.71,440.11,3,1,0,0,0,0,0,1,0,0,0,0,1,1,0,0,0,0
112,21,41,5.36,30.84,82.66,625.5,3,0,1,0,1,0,0,0,1,0,0,0,0,0,1,0,0,0
69,59,133,7.85,34.52,30.16,896.48,3,0,1,0,1,0,0,0,1,0,0,0,0,0,1,0,0,0
139,54,106,8.18,35.51,37.68,1249.05,3,0,1,0,1,0,0,0,1,0,0,0,0,0,1,0,0,0
84,41,101,6.27,39.77,58.04,1793.86,3,0,1,0,1,0,0,0,1,0,0,0,0,0,1,0,0,0
99,64,148,5.59,17.37,40.94,1370.25,3,0,1,0,1,0,0,0,1,0,0,0,0,0,1,0,0,0
102,98,51,5.06,26.56,66.59,2647.66,3,0,1,0,1,0,0,0,1,0,0,0,0,0,1,0,0,0
87,66,59,5.83,37.9,71.48,2665.69,3,0,1,0,1,0,0,0,1,0,0,0,0,0,1,0,0,0
131,40,39,6.7,20.59,70.84,2744.89,3,0,1,0,1,0,0,0,1,0,0,0,0,0,1,0,0,0
88,65,101,5.1,36.37,77.79,1754.94,3,0,1,0,1,0,0,0,1,0,0,0,0,0,1,0,0,0
141,26,62,5.85,20.74,89.4,1775.88,3,0,1,0,1,0,0,0,1,0,0,0,0,0,1,0,0,0
87,26,44,6.31,32.3,80.12,2362.81,3,0,1,0,1,0,0,0,1,0,0,0,0,0,1,0,0,0
158,81,30,6.34,11.57,30.97,1905.32,3,0,1,0,1,0,0,0,1,0,0,0,0,0,1,0,0,0
49,58,102,5.43,39.92,80.47,418.67,3,0,1,0,1,0,0,0,1,0,0,0,0,0,1,0,0,0
157,49,102,8.04,34.55,54.27,1490.32,3,0,1,0,1,0,0,0,1,0,0,0,0,0,1,0,0,0
159,46,23,5.11,17.77,75.35,1889.19,3,0,1,0,1,0,0,0,1,0,0,0,0,0,1,0,0,0
33,24,115,7.17,30.39,34.24,751.07,3,0,1,0,1,0,0,0,1,0,0,0,0,0,1,0,0,0
149,90,114,7.48,29.52,31.57,418.38,3,0,1,0,1,0,0,0,1,0,0,0,0,0,1,0,0,0
111,50,56,7.52,23.17,74.75,1281.67,3,0,1,0,1,0,0,0,1,0,0,0,0,0,1,0,0,0
100,89,80,5.03,11.79,34.03,1764.24,3,0,1,0,1,0,0,0,1,0,0,0,0,0,1,0,0,0
87,96,67,6.48,10.71,55.35,2113.03,3,0,1,0,1,0,0,0,1,0,0,0,0,0,1,0,0,0
145,73,91,8.11,39.75,56.26,1732.65,3,0,1,0,1,0,0,0,1,0,0,0,0,0,1,0,0,0
71,25,69,5.7,22.95,72.34,2163.79,3,0,1,0,1,0,0,0,1,0,0,0,0,0,1,0,0,0
68,47,121,5.49,19.48,61.83,2725.85,3,0,1,0,1,0,0,0,1,0,0,0,0,0,1,0,0,0
174,62,39,6.81,29.37,53.88,1166.7,3,0,1,0,1,0,0,0,1,0,0,0,0,0,1,0,0,0
147,66,90,7.43,22.63,56.91,1344.36,3,0,1,0,1,0,0,0,1,0,0,0,0,0,1,0,0,0
30,64,128,7.83,24.86,53.04,2089.65,3,0,1,0,1,0,0,0,1,0,0,0,0,0,1,0,0,0
87,35,102,7.93,26.77,40.72,1463.51,3,0,1,0,0,1,0,0,1,0,0,0,0,0,1,0,0,0
110,84,60,6.53,33.16,64.27,589.52,3,0,1,0,0,1,0,0,1,0,0,0,0,0,1,0,0,0
83,69,91,6.75,10.06,86.69,1759.44,3,0,1,0,0,1,0,0,1,0,0,0,0,0,1,0,0,0
100,64,79,6.4,13.63,66.19,824.75,3,0,1,0,0,1,0,0,1,0,0,0,0,0,1,0,0,0
115,19,128,5.51,24.77,49.56,383.88,3,0,1,0,0,1,0,0,1,0,0,0,0,0,1,0,0,0
176,23,102,5.18,24.3,30.26,1645.67,3,0,1,0,0,1,0,0,1,0,0,0,0,0,1,0,0,0
37,34,104,6.94,39.8,89.81,2114.53,3,0,1,0,0,1,0,0,1,0,0,0,0,0,1,0,0,0
88,79,130,7.38,37.59,37.02,602.39,3,0,1,0,0,1,0,0,1,0,0,0,0,0,1,0,0,0
87,37,138,5.09,37.96,77.44,2201.63,3,0,1,0,0,1,0,0,1,0,0,0,0,0,1,0,0,0
114,91,130,6.67,27.31,89.54,706.08,3,0,1,0,0,1,0,0,1,0,0,0,0,0,1,0,0,0
113,29,126,5.73,35.45,74.93,1796.89,3,0,1,0,0,1,0,0,1,0,0,0,0,0,1,0,0,0
50,64,64,8.03,12.84,58.41,907.06,3,0,1,0,0,1,0,0,1,0,0,0,0,0,1,0,0,0
140,85,82,7.97,39.08,58.74,2765.09,3,0,1,0,0,1,0,0,1,0,0,0,0,0,1,0,0,0
51,44,99,7.75,31.7,60.71,505.1,3,0,1,0,0,1,0,0,1,0,0,0,0,0,1,0,0,0
177,82,143,7.45,34.58,58.77,1122.33,3,0,1,0,0,1,0,0,1,0,0,0,0,0,1,0,0,0
92,53,79,5.15,37.57,42.41,1817.64,3,0,1,0,0,1,0,0,1,0,0,0,0,0,1,0,0,0
91,29,42,7.34,25.07,51.54,1168.23,3,0,1,0,0,1,0,0,1,0,0,0,0,0,1,0,0,0
77,35,127,4.92,33.16,61.75,1470.01,3,0,1,0,0,1,0,0,1,0,0,0,0,0,1,0,0,0
135,33,21,7.11,12.17,50.28,1780.08,3,0,1,0,0,1,0,0,1,0,0,0,0,0,1,0,0,0
64,28,103,5.21,21.86,63.22,1311.34,3,0,1,0,0,1,0,0,1,0,0,0,0,0,1,0,0,0
62,57,36,7.47,10.48,78.09,1164.31,3,0,1,0,0,1,0,0,1,0,0,0,0,0,1,0,0,0
122,92,87,8.19,18.21,47.39,2216.39,3,0,1,0,0,1,0,0,1,0,0,0,0,0,1,0,0,0
162,63,146,5.68,26.61,71.9,503.99,3,0,1,0,0,1,0,0,1,0,0,0,0,0,1,0,0,0
40,75,101,5.92,20.02,86.26,1890.54,3,0,1,0,0,1,0,0,1,0,0,0,0,0,1,0,0,0
165,36,85,8.17,39.49,39.53,1260.77,3,0,1,0,0,1,0,0,1,0,0,0,0,0,1,0,0,0
142,44,77,5.6,13.02,77.63,1397.0,3,0,1,0,0,1,0,0,1,0,0,0,0,0,1,0,0,0
90,93,61,7.45,19.54,69.5,2299.6,3,0,1,0,0,1,0,0,1,0,0,0,0,0,1,0,0,0
111,57,65,6.47,20.35,82.11,395.42,3,0,1,0,0,1,0,0,1,0,0,0,0,0,1,0,0,0
113,21,36,6.91,22.79,57.67,1644.82,3,0,1,0,0,1,0,0,1,0,0,0,0,0,1,0,0,0
134,32,137,5.66,11.45,32.18,1077.78,3,0,1,0,0,1,0,0,1,0,0,0,0,0,1,0,0,0
55,52,35,5.9,21.42,43.6,1728.05,3,0,1,0,0,1,0,0,1,0,0,0,0,0,1,0,0,0
64,69,78,4.94,24.34,62.97,2018.04,3,0,1,0,0,1,0,0,1,0,0,0,0,0,1,0,0,0
126,74,77,5.09,30.25,56.34,355.56,3,0,1,0,0,0,1,0,1,0,0,0,0,0,0,0,0,1
172,75,115,5.83,22.71,40.8,2529.74,3,0,1,0,0,0,1,0,1,0,0,0,0,0,0,0,0,1
165,22,78,6.2,32.62,56.61,1580.19,3,0,1,0,0,0,1,0,1,0,0,0,0,0,0,0,0,1
143,76,99,6.3,23.45,76.86,895.89,3,0,1,0,0,0,1,0,1,0,0,0,0,0,0,0,0,1
43,65,79,8.19,17.43,56.15,2351.89,3,0,1,0,0,0,1,0,1,0,0,0,0,0,0,0,0,1
165,62,21,6.81,31.27,68.06,1935.43,3,0,1,0,0,0,1,0,1,0,0,0,0,0,0,0,0,1
39,87,20,6.46,15.01,82.12,1002.36,3,0,1,0,0,0,1,0,1,0,0,0,0,0,0,0,0,1
160,30,63,5.03,12.53,67.26,643.14,3,0,1,0,0,0,1,0,1,0,0,0,0,0,0,0,0,1
124,48,106,6.38,30.5,63.54,1681.76,3,0,1,0,0,0,1,0,1,0,0,0,0,0,0,0,0,1
94,52,106,5.16,19.6,63.5,2261.82,3,0,1,0,0,0,1,0,1,0,0,0,0,0,0,0,0,1
52,85,66,6.84,34.84,54.98,2054.89,3,0,1,0,0,0,1,0,1,0,0,0,0,0,0,0,0,1
123,28,131,6.21,12.14,31.56,867.32,3,0,1,0,0,0,1,0,1,0,0,0,0,0,0,0,0,1
99,69,134,5.89,30.41,83.34,1782.61,3,0,1,0,0,0,1,0,1,0,0,0,0,0,0,0,0,1
137,88,23,6.54,30.37,41.97,302.15,3,0,1,0,0,0,1,0,1,0,0,0,0,0,0,0,0,1
172,23,50,4.99,30.09,53.37,650.43,3,0,1,0,0,0,1,0,1,0,0,0,0,0,0,0,0,1
135,40,58,6.21,16.8,50.26,1088.59,3,0,1,0,0,0,1,0,1,0,0,0,0,0,0,0,0,1
150,72,68,5.92,11.76,65.95,2394.84,3,0,1,0,0,0,1,0,1,0,0,0,0,0,0,0,0,1
86,58,103,6.24,38.16,39.45,1052.44,3,0,1,0,0,0,1,0,1,0,0,0,0,0,0,0,0,1
47,98,147,7.68,22.99,73.99,1720.67,3,0,1,0,0,0,1,0,1,0,0,0,0,0,0,0,0,1
145,84,81,8.13,38.72,67.78,2041.32,3,0,1,0,0,0,1,0,1,0,0,0,0,0,0,0,0,1
30,44,108,5.08,32.86,59.47,2027.67,3,0,1,0,0,0,1,0,1,0,0,0,0,0,0,0,0,1
142,37,88,5.3,12.57,37.07,424.86,3,0,1,0,0,0,1,0,1,0,0,0,0,0,0,0,0,1
144,16,69,6.18,23.34,79.87,1957.34,3,0,1,0,0,0,1,0,1,0,0,0,0,0,0,0,0,1
39,20,98,6.92,33.0,57.62,1471.38,3,0,1,0,0,0,1,0,1,0,0,0,0,0,0,0,0,1
80,86,136,4.95,18.99,44.0,2377.01,3,0,1,0,0,0,1,0,1,0,0,0,0,0,0,0,0,1
62,48,51,5.43,38.77,38.5,2199.59,3,0,1,0,0,0,1,0,1,0,0,0,0,0,0,0,0,1
126,87,46,7.21,28.95,37.11,2093.38,3,0,1,0,0,0,1,0,1,0,0,0,0,0,0,0,0,1
157,64,147,6.17,17.93,41.31,1190.85,3,0,1,0,0,0,1,0,1,0,0,0,0,0,0,0,0,1
152,65,77,5.53,27.03,43.7,929.88,3,0,1,0,0,0,1,0,1,0,0,0,0,0,0,0,0,1
50,45,113,5.72,28.14,48.53,2559.99,3,0,1,0,0,0,0,1,1,0,0,0,0,1,0,0,0,0
93,73,125,5.79,29.46,83.73,940.2,3,0,1,0,0,0,0,1,1,0,0,0,0,1,0,0,0,0
50,62,142,7.43,24.89,87.15,1720.39,3,0,1,0,0,0,0,1,1,0,0,0,0,1,0,0,0,0
173,82,47,7.26,29.02,60.74,425.08,3,0,1,0,0,0,0,1,1,0,0,0,0,1,0,0,0,0
156,44,127,6.42,19.47,73.8,1555.13,3,0,1,0,0,0,0,1,1,0,0,0,0,1,0,0,0,0
137,64,149,7.14,30.97,36.17,1765.9,3,0,1,0,0,0,0,1,1,0,0,0,0,1,0,0,0,0
76,17,27,5.78,18.82,41.57,2009.2,3,0,1,0,0,0,0,1,1,0,0,0,0,1,0,0,0,0
80,71,76,7.62,18.36,44.9,940.67,3,0,1,0,0,0,0,1,1,0,0,0,0,1,0,0,0,0
81,27,78,6.23,22.68,47.0,1400.1,3,0,1,0,0,0,0,1,1,0,0,0,0,1,0,0,0,0
99,41,121,5.48,38.48,35.02,758.17,3,0,1,0,0,0,0,1,1,0,0,0,0,1,0,0,0,0
92,78,148,5.64,15.13,42.68,1532.89,3,0,1,0,0,0,0,1,1,0,0,0,0,1,0,0,0,0
161,69,90,4.94,25.11,55.06,1099.19,3,0,1,0,0,0,0,1,1,0,0,0,0,1,0,0,0,0
162,60,134,5.43,29.66,34.6,426.95,3,0,1,0,0,0,0,1,1,0,0,0,0,1,0,0,0,0
136,95,113,6.57,36.45,70.05,1995.68,3,0,1,0,0,0,0,1,1,0,0,0,0,1,0,0,0,0
39,47,60,6.33,11.84,35.98,2158.89,3,0,1,0,0,0,0,1,1,0,0,0,0,1,0,0,0,0
124,68,77,7.72,32.47,38.28,641.67,3,0,1,0,0,0,0,1,1,0,0,0,0,1,0,0,0,0
123,63,146,6.99,25.33,40.39,2403.95,3,0,1,0,0,0,0,1,1,0,0,0,0,1,0,0,0,0
78,80,41,5.91,28.44,89.74,1544.54,3,0,1,0,0,0,0,1,1,0,0,0,0,1,0,0,0,0
138,99,24,6.67,11.72,37.19,2467.38,3,0,1,0,0,0,0,1,1,0,0,0,0,1,0,0,0,0
97,89,106,7.18,16.95,34.18,724.36,3,0,1,0,0,0,0,1,1,0,0,0,0,1,0,0,0,0
38,43,143,5.37,19.02,82.66,1253.69,3,0,1,0,0,0,0,1,1,0,0,0,0,1,0,0,0,0
62,79,47,6.43,24.14,50.0,489.85,3,0,1,0,0,0,0,1,1,0,0,0,0,1,0,0,0,0
173,93,38,8.09,39.53,72.77,1157.43,3,0,1,0,0,0,0,1,1,0,0,0,0,1,0,0,0,0
160,71,142,7.18,26.76,50.88,1301.11,3,0,1,0,0,0,0,1,1,0,0,0,0,1,0,0,0,0
141,97,111,7.75,15.24,83.21,2675.27,3,0,1,0,0,0,0,1,1,0,0,0,0,1,0,0,0,0
90,87,120,5.27,13.66,65.6,1144.98,3,0,1,0,0,0,0,1,1,0,0,0,0,1,0,0,0,0
70,36,26,6.53,14.95,85.61,1031.86,3,0,1,0,0,0,0,1,1,0,0,0,0,1,0,0,0,0
32,36,77,8.13,16.03,39.37,1812.18,3,0,1,0,1,0,0,0,0,1,0,0,0,1,0,0,0,0
104,94,120,7.07,34.86,38.09,1253.04,3,0,1,0,1,0,0,0,0,1,0,0,0,1,0,0,0,0
123,52,29,7.59,36.5,89.55,779.8,3,0,1,0,1,0,0,0,0,1,0,0,0,1,0,0,0,0
59,67,108,5.74,36.49,46.81,1257.34,3,0,1,0,1,0,0,0,0,1,0,0,0,1,0,0,0,0
133,21,73,8.08,20.81,61.08,739.4,3,0,1,0,1,0,0,0,0,1,0,0,0,1,0,0,0,0
46,30,50,5.59,22.49,33.03,1981.15,3,0,1,0,1,0,0,0,0,1,0,0,0,1,0,0,0,0
49,92,46,6.09,24.8,69.51,2307.05,3,0,1,0,1,0,0,0,0,1,0,0,0,1,0,0,0,0
169,46,96,7.56,10.8,32.66,2453.6,3,0,1,0,1,0,0,0,0,1,0,0,0,1,0,0,0,0
87,54,55,6.31,13.05,51.7,522.79,3,0,1,0,1,0,0,0,0,1,0,0,0,1,0,0,0,0
163,34,141,7.85,13.16,49.67,2103.72,3,0,1,0,1,0,0,0,0,1,0,0,0,1,0,0,0,0
126,20,50,5.82,17.05,85.41,1111.09,3,0,1,0,1,0,0,0,0,1,0,0,0,1,0,0,0,0
95,24,70,6.9,26.79,58.44,1553.76,3,0,1,0,1,0,0,0,0,1,0,0,0,1,0,0,0,0
178,97,123,6.3,24.69,87.42,2216.79,3,0,1,0,1,0,0,0,0,1,0,0,0,1,0,0,0,0
161,85,43,6.56,28.41,59.62,416.28,3,0,1,0,1,0,0,0,0,1,0,0,0,1,0,0,0,0
119,48,94,6.11,36.35,81.33,557.34,3,0,1,0,1,0,0,0,0,1,0,0,0,1,0,0,0,0
131,47,49,7.82,10.88,31.93,2092.99,3,0,1,0,1,0,0,0,0,1,0,0,0,1,0,0,0,0
164,58,21,5.05,32.75,69.2,1865.95,3,0,1,0,1,0,0,0,0,1,0,0,0,1,0,0,0,0
124,79,118,6.03,16.92,82.39,1477.92,3,0,1,0,0,1,0,0,0,1,0,0,0,1,0,0,0,0
42,42,79,5.63,30.52,67.56,1291.39,3,0,1,0,0,1,0,0,0,1,0,0,0,1,0,0,0,0
89,61,89,6.67,12.52,88.05,383.9,3,0,1,0,0,1,0,0,0,1,0,0,0,1,0,0,0,0
133,54,36,6.77,27.81,71.27,1083.24,3,0,1,0,0,1,0,0,0,1,0,0,0,1,0,0,0,0
158,50,143,6.72,32.13,34.9,2163.32,3,0,1,0,0,1,0,0,0,1,0,0,0,1,0,0,0,0
121,56,126,7.7,10.4,53.77,2205.24,3,0,1,0,0,1,0,0,0,1,0,0,0,1,0,0,0,0
73,16,87,5.1,23.01,37.1,424.23,3,0,1,0,0,1,0,0,0,1,0,0,0,1,0,0,0,0
170,71,123,5.52,36.28,50.45,494.85,3,0,1,0,0,1,0,0,0,1,0,0,0,1,0,0,0,0
135,65,107,8.06,38.64,63.96,1318.56,3,0,1,0,0,1,0,0,0,1,0,0,0,1,0,0,0,0
132,57,134,5.85,12.9,62.54,1417.9,3,0,1,0,0,1,0,0,0,1,0,0,0,1,0,0,0,0
160,43,95,6.63,28.26,76.03,1919.08,3,0,1,0,0,1,0,0,0,1,0,0,0,1,0,0,0,0
74,34,43,7.72,11.61,59.23,1025.17,3,0,1,0,0,1,0,0,0,1,0,0,0,1,0,0,0,0
112,34,47,7.32,17.7,46.33,1079.85,3,0,1,0,0,1,0,0,0,1,0,0,0,1,0,0,0,0
98,22,55,7.88,36.95,43.72,536.7,3,0,1,0,0,1,0,0,0,1,0,0,0,1,0,0,0,0
118,22,76,4.84,24.28,53.13,2237.15,3,0,1,0,0,1,0,0,0,1,0,0,0,1,0,0,0,0
128,80,142,7.2,34.46,54.34,1316.53,3,0,1,0,0,1,0,0,0,1,0,0,0,1,0,0,0,0
55,89,114,6.2,25.12,32.72,2781.56,3,0,1,0,0,1,0,0,0,1,0,0,0,1,0,0,0,0
175,71,146,5.07,12.13,86.76,1028.84,3,0,1,0,0,1,0,0,0,1,0,0,0,1,0,0,0,0
129,88,27,6.48,10.07,34.03,1766.84,3,0,1,0,0,1,0,0,0,1,0,0,0,1,0,0,0,0
120,56,27,6.68,38.09,51.36,1674.68,3,0,1,0,0,1,0,0,0,1,0,0,0,1,0,0,0,0
154,89,113,5.7,10.32,46.27,695.57,3,0,1,0,0,1,0,0,0,1,0,0,0,1,0,0,0,0
130,68,68,5.02,38.4,86.72,2128.31,3,0,1,0,0,1,0,0,0,1,0,0,0,1,0,0,0,0
165,70,126,8.05,16.46,65.04,1718.79,3,0,1,0,0,1,0,0,0,1,0,0,0,1,0,0,0,0
127,19,95,7.67,11.69,75.71,1434.42,3,0,1,0,0,1,0,0,0,1,0,0,0,1,0,0,0,0
96,19,25,4.83,28.41,77.1,2387.76,3,0,1,0,0,1,0,0,0,1,0,0,0,1,0,0,0,0
110,36,104,6.66,21.38,78.56,944.88,3,0,1,0,0,1,0,0,0,1,0,0,0,1,0,0,0,0
142,73,38,8.04,31.13,53.09,2748.52,3,0,1,0,0,1,0,0,0,1,0,0,0,1,0,0,0,0
108,85,39,8.09,28.77,45.76,1095.49,3,0,1,0,0,1,0,0,0,1,0,0,0,1,0,0,0,0
164,92,33,5.93,21.28,37.38,2078.37,3,0,1,0,0,1,0,0,0,1,0,0,0,1,0,0,0,0
179,98,58,4.99,30.71,57.26,2342.12,3,0,1,0,0,1,0,0,0,1,0,0,0,1,0,0,0,0
143,85,113,8.14,18.52,40.15,2772.27,3,0,1,0,0,1,0,0,0,1,0,0,0,1,0,0,0,0
41,55,48,5.87,34.15,50.69,1086.72,3,0,1,0,0,1,0,0,0,1,0,0,0,1,0,0,0,0
121,94,58,6.07,28.51,43.69,525.2,3,0,1,0,0,0,1,0,0,1,0,0,0,0,0,0,0,1
38,94,111,7.34,12.26,85.44,2652.35,3,0,1,0,0,0,1,0,0,1,0,0,0,0,0,0,0,1
32,54,87,7.5,19.19,65.12,1489.49,3,0,1,0,0,0,1,0,0,1,0,0,0,0,0,0,0,1
154,96,123,5.32,12.02,48.12,1410.76,3,0,1,0,0,0,1,0,0,1,0,0,0,0,0,0,0,1
33,65,127,7.3,28.25,44.23,2798.33,3,0,1,0,0,0,1,0,0,1,0,0,0,0,0,0,0,1
98,87,111,4.84,27.38,30.71,2516.95,3,0,1,0,0,0,1,0,0,1,0,0,0,0,0,0,0,1
172,79,107,6.37,34.75,32.15,2774.65,3,0,1,0,0,0,1,0,0,1,0,0,0,0,0,0,0,1
69,58,110,4.97,25.2,61.17,1860.61,3,0,1,0,0,0,1,0,0,1,0,0,0,0,0,0,0,1
164,68,97,7.19,38.53,87.37,1012.6,3,0,1,0,0,0,1,0,0,1,0,0,0,0,0,0,0,1
160,95,139,5.29,34.05,79.07,2229.9,3,0,1,0,0,0,1,0,0,1,0,0,0,0,0,0,0,1
110,45,51,5.09,11.76,79.5,2718.37,3,0,1,0,0,0,1,0,0,1,0,0,0,0,0,0,0,1
133,50,62,6.26,35.03,46.24,1375.93,3,0,1,0,0,0,1,0,0,1,0,0,0,0,0,0,0,1
106,61,43,7.85,17.07,75.93,723.21,3,0,1,0,0,0,1,0,0,1,0,0,0,0,0,0,0,1
65,38,90,7.16,35.88,81.29,2498.41,3,0,1,0,0,0,1,0,0,1,0,0,0,0,0,0,0,1
92,95,129,6.63,26.25,69.66,1344.97,3,0,1,0,0,0,1,0,0,1,0,0,0,0,0,0,0,1
132,57,96,6.79,30.65,45.01,1829.23,3,0,1,0,0,0,1,0,0,1,0,0,0,0,0,0,0,1
154,48,109,5.98,12.08,55.92,385.66,3,0,1,0,0,0,1,0,0,1,0,0,0,0,0,0,0,1
94,82,130,5.59,34.7,66.83,1176.89,3,0,1,0,0,0,1,0,0,1,0,0,0,0,0,0,0,1
129,53,132,5.98,27.84,41.66,986.39,3,0,1,0,0,0,1,0,0,1,0,0,0,0,0,0,0,1
150,78,72,8.12,21.63,47.02,684.78,3,0,1,0,0,0,1,0,0,1,0,0,0,0,0,0,0,1
54,17,63,6.23,28.86,51.9,753.9,3,0,1,0,0,0,1,0,0,1,0,0,0,0,0,0,0,1
173,95,52,6.17,18.52,66.08,2603.02,3,0,1,0,0,0,1,0,0,1,0,0,0,0,0,0,0,1
99,59,127,7.54,21.03,75.12,2141.94,3,0,1,0,0,0,1,0,0,1,0,0,0,0,0,0,0,1
170,75,38,6.51,23.64,48.13,1588.56,3,0,1,0,0,0,1,0,0,1,0,0,0,0,0,0,0,1
135,24,46,4.85,39.32,38.24,642.39,3,0,1,0,0,0,1,0,0,1,0,0,0,0,0,0,0,1
171,22,54,7.81,13.74,72.58,2493.86,3,0,1,0,0,0,1,0,0,1,0,0,0,0,0,0,0,1
167,55,58,6.77,27.86,75.01,2139.05,3,0,1,0,0,0,0,1,0,1,0,0,0,1,0,0,0,0
68,91,93,6.11,29.14,37.52,1893.99,3,0,1,0,0,0,0,1,0,1,0,0,0,1,0,0,0,0
178,60,122,6.76,32.81,41.82,1072.34,3,0,1,0,0,0,0,1,0,1,0,0,0,1,0,0,0,0
138,38,21,7.47,13.78,40.08,617.06,3,0,1,0,0,0,0,1,0,1,0,0,0,1,0,0,0,0
76,54,53,6.81,25.9,41.44,1101.2,3,0,1,0,0,0,0,1,0,1,0,0,0,1,0,0,0,0
160,34,146,5.88,18.63,74.45,1852.03,3,0,1,0,0,0,0,1,0,1,0,0,0,1,0,0,0,0
77,37,88,7.99,39.92,73.08,2533.48,3,0,1,0,0,0,0,1,0,1,0,0,0,1,0,0,0,0
139,24,103,6.85,14.96,69.34,2329.36,3,0,1,0,0,0,0,1,0,1,0,0,0,1,0,0,0,0
111,94,107,6.19,38.33,71.55,774.66,3,0,1,0,0,0,0,1,0,1,0,0,0,1,0,0,0,0
50,68,74,5.35,21.6,40.51,1492.96,3,0,1,0,0,0,0,1,0,1,0,0,0,1,0,0,0,0
150,63,145,4.84,34.23,60.06,906.22,3,0,1,0,0,0,0,1,0,1,0,0,0,1,0,0,0,0
70,54,90,5.31,19.89,73.51,1238.62,3,0,1,0,0,0,0,1,0,1,0,0,0,1,0,0,0,0
37,57,53,7.37,19.56,54.45,649.02,3,0,1,0,0,0,0,1,0,1,0,0,0,1,0,0,0,0
133,65,43,6.68,31.44,57.64,1645.93,3,0,1,0,0,0,0,1,0,1,0,0,0,1,0,0,0,0
115,15,118,5.12,17.81,60.12,440.03,3,0,1,0,0,0,0,1,0,1,0,0,0,1,0,0,0,0
65,97,49,6.14,34.62,40.93,2128.79,3,0,1,0,0,0,0,1,0,1,0,0,0,1,0,0,0,0
49,85,149,7.48,24.44,44.48,1783.83,3,0,1,0,0,0,0,1,0,1,0,0,0,1,0,0,0,0
167,27,74,7.99,34.56,57.54,1464.01,3,0,1,0,0,0,0,1,0,1,0,0,0,1,0,0,0,0
123,45,147,7.38,28.62,55.66,665.76,3,0,1,0,0,0,0,1,0,1,0,0,0,1,0,0,0,0
62,67,77,6.87,22.96,79.25,2068.22,3,0,1,0,0,0,0,1,0,1,0,0,0,1,0,0,0,0
79,98,140,6.32,29.57,45.09,1884.01,3,0,1,0,0,0,0,1,0,1,0,0,0,1,0,0,0,0
72,31,146,6.76,31.67,57.98,1225.85,3,0,1,0,0,0,0,1,0,1,0,0,0,1,0,0,0,0
115,17,70,6.17,25.56,44.46,978.22,3,0,1,0,0,0,0,1,0,1,0,0,0,1,0,0,0,0
77,99,147,5.57,17.34,74.08,1097.74,3,0,1,0,1,0,0,0,0,0,1,0,0,1,0,0,0,0
118,67,109,6.28,10.0,38.11,2621.54,3,0,1,0,1,0,0,0,0,0,1,0,0,1,0,0,0,0
175,62,30,4.91,19.94,34.0,2548.48,3,0,1,0,1,0,0,0,0,0,1,0,0,1,0,0,0,0
118,20,80,7.08,30.9,70.06,354.31,3,0,1,0,1,0,0,0,0,0,1,0,0,1,0,0,0,0
40,72,71,5.79,29.8,76.43,1356.4,3,0,1,0,1,0,0,0,0,0,1,0,0,1,0,0,0,0
148,60,37,6.08,22.12,54.01,478.94,3,0,1,0,1,0,0,0,0,0,1,0,0,1,0,0,0,0
87,98,69,5.26,22.38,61.61,2069.41,3,0,1,0,1,0,0,0,0,0,1,0,0,1,0,0,0,0
48,93,62,6.89,36.27,45.98,2641.95,3,0,1,0,1,0,0,0,0,0,1,0,0,1,0,0,0,0
92,22,87,6.26,32.13,31.38,965.48,3,0,1,0,1,0,0,0,0,0,1,0,0,1,0,0,0,0
141,86,76,7.02,20.32,87.46,1212.15,3,0,1,0,1,0,0,0,0,0,1,0,0,1,0,0,0,0
58,70,84,5.92,21.5,35.02,2679.67,3,0,1,0,1,0,0,0,0,0,1,0,0,1,0,0,0,0
48,84,20,6.34,27.29,74.66,1699.68,3,0,1,0,1,0,0,0,0,0,1,0,0,1,0,0,0,0
132,48,34,5.03,10.94,55.27,1397.58,3,0,1,0,1,0,0,0,0,0,1,0,0,1,0,0,0,0
159,64,99,5.61,24.27,75.57,990.36,3,0,1,0,1,0,0,0,0,0,1,0,0,1,0,0,0,0
57,78,80,6.28,34.15,45.95,1652.46,3,0,1,0,1,0,0,0,0,0,1,0,0,1,0,0,0,0
133,86,30,7.02,36.33,48.61,2218.75,3,0,1,0,1,0,0,0,0,0,1,0,0,1,0,0,0,0
179,63,42,6.2,15.67,42.31,341.02,3,0,1,0,1,0,0,0,0,0,1,0,0,1,0,0,0,0
44,48,102,7.81,12.7,62.34,796.57,3,0,1,0,1,0,0,0,0,0,1,0,0,1,0,0,0,0
174,54,135,7.24,13.57,59.45,979.74,3,0,1,0,1,0,0,0,0,0,1,0,0,1,0,0,0,0
128,17,144,6.62,25.88,68.78,719.14,3,0,1,0,1,0,0,0,0,0,1,0,0,1,0,0,0,0
57,16,143,5.3,12.47,62.28,2786.29,3,0,1,0,1,0,0,0,0,0,1,0,0,1,0,0,0,0
87,37,133,6.64,19.06,72.08,1616.31,3,0,1,0,1,0,0,0,0,0,1,0,0,1,0,0,0,0
39,71,36,6.52,22.8,37.76,1548.1,3,0,1,0,1,0,0,0,0,0,1,0,0,1,0,0,0,0
98,35,24,4.93,19.17,63.63,641.97,3,0,1,0,1,0,0,0,0,0,1,0,0,1,0,0,0,0
114,15,101,7.28,15.54,89.15,1161.69,3,0,1,0,1,0,0,0,0,0,1,0,0,1,0,0,0,0
78,27,57,4.81,15.09,73.62,2431.07,3,0,1,0,1,0,0,0,0,0,1,0,0,1,0,0,0,0
178,65,93,7.15,35.74,68.58,2301.14,3,0,1,0,1,0,0,0,0,0,1,0,0,1,0,0,0,0
125,31,74,6.59,33.21,63.21,1223.19,3,0,1,0,1,0,0,0,0,0,1,0,0,1,0,0,0,0
177,20,56,7.92,15.39,37.17,838.55,3,0,1,0,1,0,0,0,0,0,1,0,0,1,0,0,0,0
158,87,68,4.98,32.21,38.85,908.91,3,0,1,0,1,0,0,0,0,0,1,0,0,1,0,0,0,0
111,80,43,5.29,16.84,81.34,1432.26,3,0,1,0,1,0,0,0,0,0,1,0,0,1,0,0,0,0
93,98,135,7.96,17.47,36.52,1175.1,3,0,1,0,1,0,0,0,0,0,1,0,0,1,0,0,0,0
83,50,65,6.86,30.88,72.07,1000.81,3,0,1,0,1,0,0,0,0,0,1,0,0,1,0,0,0,0
70,98,134,4.81,10.43,50.64,2772.95,3,0,1,0,0,1,0,0,0,0,1,0,0,1,0,0,0,0
91,24,74,7.02,25.75,57.68,423.08,3,0,1,0,0,1,0,0,0,0,1,0,0,1,0,0,0,0
40,20,127,4.97,14.24,39.16,1195.58,3,0,1,0,0,1,0,0,0,0,1,0,0,1,0,0,0,0
128,85,123,7.37,20.76,56.78,1959.97,3,0,1,0,0,1,0,0,0,0,1,0,0,1,0,0,0,0
42,42,88,7.6,27.11,48.16,975.7,3,0,1,0,0,1,0,0,0,0,1,0,0,1,0,0,0,0
94,49,94,6.53,19.69,62.84,769.79,3,0,1,0,0,1,0,0,0,0,1,0,0,1,0,0,0,0
137,52,134,6.64,26.99,74.16,713.57,3,0,1,0,0,1,0,0,0,0,1,0,0,1,0,0,0,0
114,15,36,6.83,15.57,46.55,1397.37,3,0,1,0,0,1,0,0,0,0,1,0,0,1,0,0,0,0
98,57,113,7.34,39.5,35.79,1602.24,3,0,1,0,0,1,0,0,0,0,1,0,0,1,0,0,0,0
153,79,34,5.91,37.6,45.62,502.92,3,0,1,0,0,1,0,0,0,0,1,0,0,1,0,0,0,0
106,76,35,5.23,32.57,78.92,1591.36,3,0,1,0,0,1,0,0,0,0,1,0,0,1,0,0,0,0
42,41,20,8.09,34.09,52.15,1000.21,3,0,1,0,0,1,0,0,0,0,1,0,0,1,0,0,0,0
86,34,29,7.79,13.74,82.46,1838.24,3,0,1,0,0,1,0,0,0,0,1,0,0,1,0,0,0,0
57,55,89,5.62,37.03,88.97,2775.65,3,0,1,0,0,1,0,0,0,0,1,0,0,1,0,0,0,0
170,88,69,5.07,10.92,77.66,717.8,3,0,1,0,0,1,0,0,0,0,1,0,0,1,0,0,0,0
143,83,26,7.26,35.83,38.84,1965.04,3,0,1,0,0,1,0,0,0,0,1,0,0,1,0,0,0,0
55,21,100,5.69,23.79,33.96,2293.44,3,0,1,0,0,1,0,0,0,0,1,0,0,1,0,0,0,0
67,44,148,5.37,38.74,66.18,2423.04,3,0,1,0,0,1,0,0,0,0,1,0,0,1,0,0,0,0
107,66,106,5.97,16.16,87.12,1233.38,3,0,1,0,0,1,0,0,0,0,1,0,0,1,0,0,0,0
104,92,94,7.82,23.66,66.91,551.14,3,0,1,0,0,1,0,0,0,0,1,0,0,1,0,0,0,0
85,35,130,5.19,37.95,70.88,794.93,3,0,1,0,0,1,0,0,0,0,1,0,0,1,0,0,0,0
145,53,149,7.06,25.1,48.63,605.5,3,0,1,0,0,1,0,0,0,0,1,0,0,1,0,0,0,0
136,24,72,7.78,39.06,59.79,1570.21,3,0,1,0,0,1,0,0,0,0,1,0,0,1,0,0,0,0
131,62,47,7.96,24.14,44.15,1425.92,3,0,1,0,0,1,0,0,0,0,1,0,0,1,0,0,0,0
121,63,44,5.59,28.79,74.24,752.57,3,0,1,0,0,1,0,0,0,0,1,0,0,1,0,0,0,0
160,55,49,4.96,27.21,66.64,648.15,3,0,1,0,0,1,0,0,0,0,1,0,0,1,0,0,0,0
109,52,117,6.83,11.9,76.17,1753.74,3,0,1,0,0,1,0,0,0,0,1,0,0,1,0,0,0,0
32,18,136,5.96,22.03,53.67,1484.2,3,0,1,0,0,1,0,0,0,0,1,0,0,1,0,0,0,0
164,31,112,7.41,38.33,45.94,1238.63,3,0,1,0,0,1,0,0,0,0,1,0,0,1,0,0,0,0
101,34,119,6.67,20.34,67.1,2552.71,3,0,1,0,0,1,0,0,0,0,1,0,0,1,0,0,0,0
74,56,86,5.85,17.85,78.8,802.06,3,0,1,0,0,1,0,0,0,0,1,0,0,1,0,0,0,0
44,35,104,8.07,25.52,44.78,2216.2,3,0,1,0,0,0,1,0,0,0,1,0,0,0,0,0,1,0
34,61,120,5.49,22.18,67.62,1544.25,3,0,1,0,0,0,1,0,0,0,1,0,0,0,0,0,1,0
81,84,118,7.19,24.27,50.68,1630.33,3,0,1,0,0,0,1,0,0,0,1,0,0,0,0,0,1,0
54,38,44,5.72,20.72,54.97,1481.93,3,0,1,0,0,0,1,0,0,0,1,0,0,0,0,0,1,0
50,74,29,5.72,24.53,50.81,1471.14,3,0,1,0,0,0,1,0,0,0,1,0,0,0,0,0,1,0
66,62,119,8.04,15.79,68.51,1145.74,3,0,1,0,0,0,1,0,0,0,1,0,0,0,0,0,1,0
127,23,82,7.85,25.19,63.26,611.38,3,0,1,0,0,0,1,0,0,0,1,0,0,0,0,0,1,0
153,29,148,6.21,10.31,42.2,1945.22,3,0,1,0,0,0,1,0,0,0,1,0,0,0,0,0,1,0
143,16,105,6.9,12.92,68.08,1006.84,3,0,1,0,0,0,1,0,0,0,1,0,0,0,0,0,1,0
90,79,54,5.59,18.51,85.47,2634.06,3,0,1,0,0,0,1,0,0,0,1,0,0,0,0,0,1,0
142,64,97,6.22,13.05,74.46,1477.08,3,0,1,0,0,0,1,0,0,0,1,0,0,0,0,0,1,0
62,52,105,7.46,39.29,52.92,2684.6,3,0,1,0,0,0,1,0,0,0,1,0,0,0,0,0,1,0
85,76,113,6.45,15.36,36.79,1456.85,3,0,1,0,0,0,1,0,0,0,1,0,0,0,0,0,1,0
108,42,61,7.77,26.39,57.45,1502.8,3,0,1,0,0,0,1,0,0,0,1,0,0,0,0,0,1,0
116,87,42,7.41,25.24,37.28,1633.09,3,0,1,0,0,0,1,0,0,0,1,0,0,0,0,0,1,0
121,24,113,5.77,22.28,55.71,1858.94,3,0,1,0,0,0,1,0,0,0,1,0,0,0,0,0,1,0
40,28,60,6.14,11.85,49.68,2680.01,3,0,1,0,0,0,1,0,0,0,1,0,0,0,0,0,1,0
178,53,106,5.01,14.99,59.49,1072.85,3,0,1,0,0,0,1,0,0,0,1,0,0,0,0,0,1,0
67,37,87,8.1,14.83,70.67,2443.6,3,0,1,0,0,0,1,0,0,0,1,0,0,0,0,0,1,0
174,60,148,5.3,23.48,42.01,2080.08,3,0,1,0,0,0,1,0,0,0,1,0,0,0,0,0,1,0
170,71,97,6.91,24.15,38.97,2582.32,3,0,1,0,0,0,1,0,0,0,1,0,0,0,0,0,1,0
109,32,54,6.47,24.73,61.67,2691.62,3,0,1,0,0,0,1,0,0,0,1,0,0,0,0,0,1,0
177,50,92,5.92,22.32,70.75,1139.5,3,0,1,0,0,0,1,0,0,0,1,0,0,0,0,0,1,0
144,23,144,6.68,38.41,58.49,2526.47,3,0,1,0,0,0,1,0,0,0,1,0,0,0,0,0,1,0
157,76,73,5.51,18.21,85.28,1071.09,3,0,1,0,0,0,1,0,0,0,1,0,0,0,0,0,1,0
105,54,120,5.47,11.54,31.24,1846.35,3,0,1,0,0,0,1,0,0,0,1,0,0,0,0,0,1,0
91,36,89,5.6,33.85,34.18,2258.05,3,0,1,0,0,0,1,0,0,0,1,0,0,0,0,0,1,0
111,99,125,4.82,35.71,84.08,1708.91,3,0,1,0,0,0,1,0,0,0,1,0,0,0,0,0,1,0
45,91,28,5.29,13.16,77.29,2295.01,3,0,1,0,0,0,1,0,0,0,1,0,0,0,0,0,1,0
38,45,85,7.37,29.74,56.78,2056.79,3,0,1,0,0,0,1,0,0,0,1,0,0,0,0,0,1,0
138,48,112,6.96,12.77,33.37,1687.06,3,0,1,0,0,0,1,0,0,0,1,0,0,0,0,0,1,0
44,25,128,7.91,26.36,35.84,2625.01,3,0,1,0,0,0,1,0,0,0,1,0,0,0,0,0,1,0
154,42,133,6.36,12.92,54.99,1396.54,3,0,1,0,0,0,1,0,0,0,1,0,0,0,0,0,1,0
140,66,131,7.23,11.63,83.93,1382.97,3,0,1,0,0,0,0,1,0,0,1,0,0,1,0,0,0,0
126,16,143,5.73,24.17,84.25,1389.91,3,0,1,0,0,0,0,1,0,0,1,0,0,1,0,0,0,0
174,38,39,6.84,31.02,56.99,910.91,3,0,1,0,0,0,0,1,0,0,1,0,0,1,0,0,0,0
58,69,86,7.0,39.97,54.72,2295.45,3,0,1,0,0,0,0,1,0,0,1,0,0,1,0,0,0,0
142,17,78,5.29,32.4,77.39,869.18,3,0,1,0,0,0,0,1,0,0,1,0,0,1,0,0,0,0
64,51,20,5.07,10.06,88.16,2644.75,3,0,1,0,0,0,0,1,0,0,1,0,0,1,0,0,0,0
86,25,138,8.02,34.47,80.83,655.24,3,0,1,0,0,0,0,1,0,0,1,0,0,1,0,0,0,0
68,17,112,6.77,10.9,80.08,2425.67,3,0,1,0,0,0,0,1,0,0,1,0,0,1,0,0,0,0
170,94,87,5.97,22.81,81.49,1053.2,3,0,1,0,0,0,0,1,0,0,1,0,0,1,0,0,0,0
110,99,55,5.54,30.91,34.9,1848.28,3,0,1,0,0,0,0,1,0,0,1,0,0,1,0,0,0,0
73,41,42,4.94,27.62,30.43,1115.09,3,0,1,0,0,0,0,1,0,0,1,0,0,1,0,0,0,0
164,95,94,6.55,36.42,89.53,809.07,3,0,1,0,0,0,0,1,0,0,1,0,0,1,0,0,0,0
117,79,91,6.95,17.99,48.9,1306.48,3,0,1,0,0,0,0,1,0,0,1,0,0,1,0,0,0,0
59,46,131,6.39,19.43,44.59,1477.43,3,0,1,0,0,0,0,1,0,0,1,0,0,1,0,0,0,0
97,45,30,6.47,36.8,73.95,445.18,3,0,1,0,0,0,0,1,0,0,1,0,0,1,0,0,0,0
97,26,131,7.23,19.54,85.82,1887.12,3,0,1,0,0,0,0,1,0,0,1,0,0,1,0,0,0,0
62,39,90,5.69,19.53,65.61,1548.5,3,0,1,0,0,0,0,1,0,0,1,0,0,1,0,0,0,0
30,68,40,6.85,15.76,49.41,1724.47,3,0,1,0,0,0,0,1,0,0,1,0,0,1,0,0,0,0
161,56,121,5.18,38.79,63.82,1280.79,3,0,1,0,0,0,0,1,0,0,1,0,0,1,0,0,0,0
102,95,112,5.77,28.55,63.32,941.3,3,0,1,0,0,0,0,1,0,0,1,0,0,1,0,0,0,0
147,59,136,7.85,32.84,30.23,2218.41,3,0,1,0,0,0,0,1,0,0,1,0,0,1,0,0,0,0
168,89,89,6.12,14.21,88.31,1433.74,3,0,1,0,0,0,0,1,0,0,1,0,0,1,0,0,0,0
159,15,148,7.33,27.41,34.67,2181.94,3,0,1,0,0,0,0,1,0,0,1,0,0,1,0,0,0,0
127,22,56,7.01,10.17,32.05,953.08,3,0,1,0,0,0,0,1,0,0,1,0,0,1,0,0,0,0
108,56,37,8.19,19.26,32.35,1172.23,3,0,1,0,0,0,0,1,0,0,1,0,0,1,0,0,0,0
85,77,102,6.14,21.69,72.85,1448.55,3,0,1,0,0,0,0,1,0,0,1,0,0,1,0,0,0,0
122,66,63,8.03,13.51,48.36,523.44,3,0,1,0,0,0,0,1,0,0,1,0,0,1,0,0,0,0
60,29,111,4.91,10.54,69.87,868.39,3,0,1,0,0,0,0,1,0,0,1,0,0,1,0,0,0,0
118,52,86,5.11,28.36,65.93,1053.89,3,0,1,0,0,0,0,1,0,0,1,0,0,1,0,0,0,0
85,67,31,5.61,15.83,34.77,1931.74,3,0,1,0,0,0,0,1,0,0,1,0,0,1,0,0,0,0
155,25,137,8.02,20.57,67.88,970.74,3,0,1,0,0,0,0,1,0,0,1,0,0,1,0,0,0,0
161,95,99,6.32,39.37,39.4,2481.88,3,0,1,0,1,0,0,0,0,0,0,1,0,0,1,0,0,0
144,94,70,8.1,21.32,74.35,505.5,3,0,1,0,1,0,0,0,0,0,0,1,0,0,1,0,0,0
63,65,81,7.42,12.41,84.33,628.09,3,0,1,0,1,0,0,0,0,0,0,1,0,0,1,0,0,0
167,62,26,7.42,26.84,37.37,1689.66,3,0,1,0,1,0,0,0,0,0,0,1,0,0,1,0,0,0
125,96,77,5.3,29.02,55.99,737.8,3,0,1,0,1,0,0,0,0,0,0,1,0,0,1,0,0,0
137,90,149,5.09,11.33,34.4,721.98,3,0,1,0,1,0,0,0,0,0,0,1,0,0,1,0,0,0
142,76,70,7.14,13.24,73.18,1007.64,3,0,1,0,1,0,0,0,0,0,0,1,0,0,1,0,0,0
50,31,68,7.82,21.57,49.52,372.12,3,0,1,0,1,0,0,0,0,0,0,1,0,0,1,0,0,0
120,29,121,4.91,28.07,80.67,1749.71,3,0,1,0,1,0,0,0,0,0,0,1,0,0,1,0,0,0
100,45,38,6.4,22.28,69.57,1126.85,3,0,1,0,1,0,0,0,0,0,0,1,0,0,1,0,0,0
83,67,65,7.71,24.05,72.91,1079.94,3,0,1,0,1,0,0,0,0,0,0,1,0,0,1,0,0,0
143,23,107,7.84,31.98,41.72,757.05,3,0,1,0,1,0,0,0,0,0,0,1,0,0,1,0,0,0
151,89,35,5.71,19.47,81.22,748.34,3,0,1,0,1,0,0,0,0,0,0,1,0,0,1,0,0,0
130,74,20,7.2,38.09,56.8,2160.21,3,0,1,0,1,0,0,0,0,0,0,1,0,0,1,0,0,0
133,66,87,6.8,30.48,37.7,2612.48,3,0,1,0,1,0,0,0,0,0,0,1,0,0,1,0,0,0
51,57,130,8.2,21.65,58.15,699.2,3,0,1,0,1,0,0,0,0,0,0,1,0,0,1,0,0,0
135,66,24,5.48,35.75,73.81,2286.84,3,0,1,0,1,0,0,0,0,0,0,1,0,0,1,0,0,0
168,46,83,7.08,31.73,49.29,1306.61,3,0,1,0,1,0,0,0,0,0,0,1,0,0,1,0,0,0
84,16,31,6.43,31.25,75.65,1715.69,3,0,1,0,1,0,0,0,0,0,0,1,0,0,1,0,0,0
143,52,118,5.98,20.29,51.54,346.04,3,0,1,0,1,0,0,0,0,0,0,1,0,0,1,0,0,0
98,90,107,7.08,29.67,58.53,675.08,3,0,1,0,1,0,0,0,0,0,0,1,0,0,1,0,0,0
56,21,26,5.91,15.71,65.99,1307.09,3,0,1,0,1,0,0,0,0,0,0,1,0,0,1,0,0,0
149,40,67,6.03,23.42,77.79,934.1,3,0,1,0,1,0,0,0,0,0,0,1,0,0,1,0,0,0
151,24,25,5.19,34.03,41.04,857.66,3,0,1,0,1,0,0,0,0,0,0,1,0,0,1,0,0,0
66,42,82,7.72,26.1,41.24,1958.32,3,0,1,0,1,0,0,0,0,0,0,1,0,0,1,0,0,0
118,87,146,5.71,25.05,75.57,2263.91,3,0,1,0,1,0,0,0,0,0,0,1,0,0,1,0,0,0
160,88,52,5.57,13.62,37.93,2104.65,3,0,1,0,1,0,0,0,0,0,0,1,0,0,1,0,0,0
156,89,53,4.99,12.82,89.57,1265.41,3,0,1,0,1,0,0,0,0,0,0,1,0,0,1,0,0,0
161,15,56,7.23,29.32,30.76,1450.69,3,0,1,0,1,0,0,0,0,0,0,1,0,0,1,0,0,0
116,70,56,7.58,20.65,80.71,2770.75,3,0,1,0,1,0,0,0,0,0,0,1,0,0,1,0,0,0
153,59,32,5.36,16.44,60.02,672.68,3,0,1,0,1,0,0,0,0,0,0,1,0,0,1,0,0,0
46,66,135,7.26,25.96,78.37,1920.48,3,0,1,0,1,0,0,0,0,0,0,1,0,0,1,0,0,0
169,71,100,7.05,19.27,88.57,1884.45,3,0,1,0,1,0,0,0,0,0,0,1,0,0,1,0,0,0
82,74,133,6.71,31.21,68.57,2768.62,3,0,1,0,1,0,0,0,0,0,0,1,0,0,1,0,0,0
49,99,68,5.66,32.23,50.81,1249.5,3,0,1,0,0,1,0,0,0,0,0,1,0,0,1,0,0,0
113,69,98,7.34,25.93,38.26,1189.63,3,0,1,0,0,1,0,0,0,0,0,1,0,0,1,0,0,0
97,16,136,6.65,32.22,42.41,873.26,3,0,1,0,0,1,0,0,0,0,0,1,0,0,1,0,0,0
174,22,47,6.35,36.65,69.15,2215.45,3,0,1,0,0,1,0,0,0,0,0,1,0,0,1,0,0,0
146,32,105,6.87,15.83,41.38,887.12,3,0,1,0,0,1,0,0,0,0,0,1,0,0,1,0,0,0
31,64,145,7.72,22.74,61.48,1604.15,3,0,1,0,0,1,0,0,0,0,0,1,0,0,1,0,0,0
105,86,135,5.25,29.31,42.73,886.48,3,0,1,0,0,1,0,0,0,0,0,1,0,0,1,0,0,0
76,41,114,6.42,19.35,64.93,2423.43,3,0,1,0,0,1,0,0,0,0,0,1,0,0,1,0,0,0
146,16,110,6.34,31.28,83.56,2381.21,3,0,1,0,0,1,0,0,0,0,0,1,0,0,1,0,0,0
136,16,90,6.13,15.78,66.68,986.9,3,0,1,0,0,1,0,0,0,0,0,1,0,0,1,0,0,0
73,23,103,6.05,38.6,77.47,634.27,3,0,1,0,0,1,0,0,0,0,0,1,0,0,1,0,0,0
174,28,102,6.05,17.73,51.85,2099.06,3,0,1,0,0,1,0,0,0,0,0,1,0,0,1,0,0,0
144,32,59,7.86,34.65,45.02,1124.43,3,0,1,0,0,1,0,0,0,0,0,1,0,0,1,0,0,0
74,90,29,8.15,37.13,86.9,1894.57,3,0,1,0,0,1,0,0,0,0,0,1,0,0,1,0,0,0
54,29,56,7.94,13.46,78.58,466.6,3,0,1,0,0,1,0,0,0,0,0,1,0,0,1,0,0,0
132,37,20,6.54,19.24,83.47,2532.3,3,0,1,0,0,1,0,0,0,0,0,1,0,0,1,0,0,0
73,26,38,5.52,38.04,86.29,2561.28,3,0,1,0,0,1,0,0,0,0,0,1,0,0,1,0,0,0
169,82,64,6.17,29.94,41.68,1863.41,3,0,1,0,0,1,0,0,0,0,0,1,0,0,1,0,0,0
45,73,28,6.66,39.0,63.71,905.23,3,0,1,0,0,1,0,0,0,0,0,1,0,0,1,0,0,0
63,65,80,6.55,33.98,54.69,2093.12,3,0,1,0,0,1,0,0,0,0,0,1,0,0,1,0,0,0
83,82,62,7.71,33.7,54.75,1148.49,3,0,1,0,0,1,0,0,0,0,0,1,0,0,1,0,0,0
135,35,56,6.95,21.81,59.7,792.65,3,0,1,0,0,1,0,0,0,0,0,1,0,0,1,0,0,0
133,28,119,4.81,28.46,52.43,1401.99,3,0,1,0,0,1,0,0,0,0,0,1,0,0,1,0,0,0
55,44,108,5.84,27.84,39.05,526.65,3,0,1,0,0,1,0,0,0,0,0,1,0,0,1,0,0,0
140,32,134,8.19,20.2,50.23,1184.58,3,0,1,0,0,1,0,0,0,0,0,1,0,0,1,0,0,0
36,39,28,5.23,32.08,30.12,642.17,3,0,1,0,0,1,0,0,0,0,0,1,0,0,1,0,0,0
122,71,143,7.57,25.41,74.79,1312.71,3,0,1,0,0,1,0,0,0,0,0,1,0,0,1,0,0,0
47,22,31,6.7,23.53,48.64,1694.41,3,0,1,0,0,1,0,0,0,0,0,1,0,0,1,0,0,0
163,86,55,8.13,31.83,58.5,1783.55,3,0,1,0,0,0,1,0,0,0,0,1,0,0,0,0,0,1
176,31,87,6.62,13.39,58.2,1668.83,3,0,1,0,0,0,1,0,0,0,0,1,0,0,0,0,0,1
138,76,98,5.46,24.27,57.96,1349.56,3,0,1,0,0,0,1,0,0,0,0,1,0,0,0,0,0,1
178,63,125,7.16,39.12,33.18,369.26,3,0,1,0,0,0,1,0,0,0,0,1,0,0,0,0,0,1
119,57,28,6.01,12.4,47.35,1087.22,3,0,1,0,0,0,1,0,0,0,0,1,0,0,0,0,0,1
56,91,25,4.89,22.54,72.0,1659.71,3,0,1,0,0,0,1,0,0,0,0,1,0,0,0,0,0,1
89,30,94,7.93,20.71,80.39,1980.19,3,0,1,0,0,0,1,0,0,0,0,1,0,0,0,0,0,1
134,20,77,5.32,11.89,62.82,2461.89,3,0,1,0,0,0,1,0,0,0,0,1,0,0,0,0,0,1
148,65,126,7.17,33.05,76.75,2225.32,3,0,1,0,0,0,1,0,0,0,0,1,0,0,0,0,0,1
93,80,86,5.57,26.48,43.35,850.57,3,0,1,0,0,0,1,0,0,0,0,1,0,0,0,0,0,1
139,39,73,4.9,24.05,86.23,1662.8,3,0,1,0,0,0,1,0,0,0,0,1,0,0,0,0,0,1
131,99,122,7.69,22.42,66.26,1360.84,3,0,1,0,0,0,1,0,0,0,0,1,0,0,0,0,0,1
151,47,66,5.7,12.84,77.03,1020.5,3,0,1,0,0,0,1,0,0,0,0,1,0,0,0,0,0,1
90,68,83,7.93,26.41,56.2,2050.88,3,0,1,0,0,0,1,0,0,0,0,1,0,0,0,0,0,1
128,81,115,6.49,37.23,61.47,1595.01,3,0,1,0,0,0,1,0,0,0,0,1,0,0,0,0,0,1
52,80,116,6.02,13.19,85.18,1893.72,3,0,1,0,0,0,1,0,0,0,0,1,0,0,0,0,0,1
43,87,38,6.82,39.73,69.97,900.14,3,0,1,0,0,0,1,0,0,0,0,1,0,0,0,0,0,1
111,32,31,5.68,10.53,38.29,704.36,3,0,1,0,0,0,1,0,0,0,0,1,0,0,0,0,0,1
139,53,81,6.61,34.55,57.17,953.88,3,0,1,0,0,0,1,0,0,0,0,1,0,0,0,0,0,1
136,78,93,6.62,21.54,66.86,1848.97,3,0,1,0,0,0,1,0,0,0,0,1,0,0,0,0,0,1
120,79,127,5.17,29.19,86.33,2416.58,3,0,1,0,0,0,1,0,0,0,0,1,0,0,0,0,0,1
39,65,43,7.33,39.74,61.02,795.45,3,0,1,0,0,0,1,0,0,0,0,1,0,0,0,0,0,1
30,72,132,7.36,30.99,79.41,2488.2,3,0,1,0,0,0,1,0,0,0,0,1,0,0,0,0,0,1
176,37,96,7.78,24.31,59.52,474.98,3,0,1,0,0,0,1,0,0,0,0,1,0,0,0,0,0,1
161,19,145,6.97,19.36,85.98,808.13,3,0,1,0,0,0,1,0,0,0,0,1,0,0,0,0,0,1
133,49,141,7.64,34.22,38.65,1351.75,3,0,1,0,0,0,0,1,0,0,0,1,0,1,0,0,0,0
161,31,64,5.09,32.31,78.33,1007.12,3,0,1,0,0,0,0,1,0,0,0,1,0,1,0,0,0,0
104,42,61,7.07,37.28,61.2,1545.94,3,0,1,0,0,0,0,1,0,0,0,1,0,1,0,0,0,0
127,41,134,8.04,12.33,64.16,1831.2,3,0,1,0,0,0,0,1,0,0,0,1,0,1,0,0,0,0
41,29,123,7.89,22.91,37.91,1623.68,3,0,1,0,0,0,0,1,0,0,0,1,0,1,0,0,0,0
81,71,118,7.08,38.36,80.95,829.31,3,0,1,0,0,0,0,1,0,0,0,1,0,1,0,0,0,0
115,40,95,5.48,35.64,84.73,744.16,3,0,1,0,0,0,0,1,0,0,0,1,0,1,0,0,0,0
82,15,66,6.06,32.87,30.17,699.31,3,0,1,0,0,0,0,1,0,0,0,1,0,1,0,0,0,0
178,97,57,5.21,35.54,84.9,2529.6,3,0,1,0,0,0,0,1,0,0,0,1,0,1,0,0,0,0
71,51,52,7.15,36.11,74.64,469.86,3,0,1,0,0,0,0,1,0,0,0,1,0,1,0,0,0,0
75,42,37,7.47,34.11,88.71,2243.71,3,0,1,0,0,0,0,1,0,0,0,1,0,1,0,0,0,0
100,52,141,6.18,32.39,46.73,901.45,3,0,1,0,0,0,0,1,0,0,0,1,0,1,0,0,0,0
42,47,98,7.68,16.83,71.66,1021.44,3,0,1,0,0,0,0,1,0,0,0,1,0,1,0,0,0,0
96,87,58,6.12,27.3,58.51,1413.81,3,0,1,0,0,0,0,1,0,0,0,1,0,1,0,0,0,0
88,83,102,7.36,30.93,57.7,677.25,3,0,1,0,0,0,0,1,0,0,0,1,0,1,0,0,0,0
32,38,27,7.23,37.16,58.57,377.86,3,0,1,0,0,0,0,1,0,0,0,1,0,1,0,0,0,0
58,63,100,8.01,14.49,53.55,1596.57,3,0,1,0,0,0,0,1,0,0,0,1,0,1,0,0,0,0
32,54,34,5.86,12.41,65.29,2134.82,3,0,1,0,0,0,0,1,0,0,0,1,0,1,0,0,0,0
109,52,26,7.08,25.14,42.97,1488.07,3,0,1,0,0,0,0,1,0,0,0,1,0,1,0,0,0,0
72,79,107,8.02,14.53,85.63,2539.7,3,0,1,0,0,0,0,1,0,0,0,1,0,1,0,0,0,0
105,47,139,4.9,30.45,67.82,1529.26,3,0,1,0,0,0,0,1,0,0,0,1,0,1,0,0,0,0
69,81,26,6.22,25.09,87.95,2287.05,3,0,1,0,0,0,0,1,0,0,0,1,0,1,0,0,0,0
76,85,46,4.9,18.69,31.12,982.8,3,0,1,0,0,0,0,1,0,0,0,1,0,1,0,0,0,0
78,95,63,8.07,35.09,31.42,2721.87,3,0,1,0,1,0,0,0,0,0,0,0,1,0,1,0,0,0
74,43,126,7.74,10.96,80.09,1513.6,3,0,1,0,1,0,0,0,0,0,0,0,1,0,1,0,0,0
68,97,20,7.32,20.94,42.78,1601.28,3,0,1,0,1,0,0,0,0,0,0,0,1,0,1,0,0,0
89,53,136,5.26,18.73,31.74,2632.1,3,0,1,0,1,0,0,0,0,0,0,0,1,0,1,0,0,0
70,74,22,7.8,25.44,78.14,1638.75,3,0,1,0,1,0,0,0,0,0,0,0,1,0,1,0,0,0
64,23,31,7.82,27.03,37.83,1687.18,3,0,1,0,1,0,0,0,0,0,0,0,1,0,1,0,0,0
50,90,85,4.94,39.08,61.57,567.43,3,0,1,0,1,0,0,0,0,0,0,0,1,0,1,0,0,0
65,60,131,6.73,15.86,38.81,2310.43,3,0,1,0,1,0,0,0,0,0,0,0,1,0,1,0,0,0
119,52,128,7.15,28.13,72.35,2596.18,3,0,1,0,1,0,0,0,0,0,0,0,1,0,1,0,0,0
45,71,27,6.61,37.4,51.52,2742.58,3,0,1,0,1,0,0,0,0,0,0,0,1,0,1,0,0,0
110,74,101,8.19,14.88,32.44,2267.15,3,0,1,0,1,0,0,0,0,0,0,0,1,0,1,0,0,0
88,76,99,5.68,13.65,83.36,2676.44,3,0,1,0,1,0,0,0,0,0,0,0,1,0,1,0,0,0
127,15,127,5.93,26.09,42.32,2710.26,3,0,1,0,1,0,0,0,0,0,0,0,1,0,1,0,0,0
94,19,121,6.37,33.86,74.25,1292.48,3,0,1,0,1,0,0,0,0,0,0,0,1,0,1,0,0,0
78,70,102,8.16,25.17,69.51,1682.95,3,0,1,0,1,0,0,0,0,0,0,0,1,0,1,0,0,0
40,78,116,7.66,38.69,69.09,395.82,3,0,1,0,1,0,0,0,0,0,0,0,1,0,1,0,0,0
55,83,129,5.06,22.6,54.61,2305.08,3,0,1,0,1,0,0,0,0,0,0,0,1,0,1,0,0,0
61,55,35,6.44,39.92,61.44,1482.63,3,0,1,0,1,0,0,0,0,0,0,0,1,0,1,0,0,0
164,73,30,7.52,24.49,56.87,1398.85,3,0,1,0,1,0,0,0,0,0,0,0,1,0,1,0,0,0
60,38,130,6.91,32.22,34.0,672.58,3,0,1,0,1,0,0,0,0,0,0,0,1,0,1,0,0,0
123,60,113,5.31,14.09,81.62,2576.82,3,0,1,0,1,0,0,0,0,0,0,0,1,0,1,0,0,0
65,91,92,6.04,14.43,36.82,1083.16,3,0,1,0,1,0,0,0,0,0,0,0,1,0,1,0,0,0
48,73,35,8.08,31.22,37.69,944.44,3,0,1,0,1,0,0,0,0,0,0,0,1,0,1,0,0,0
36,77,128,7.88,34.0,73.74,2261.9,3,0,1,0,1,0,0,0,0,0,0,0,1,0,1,0,0,0
99,85,125,4.95,22.24,50.98,2057.85,3,0,1,0,1,0,0,0,0,0,0,0,1,0,1,0,0,0
174,55,92,5.16,33.84,78.1,500.03,3,0,1,0,1,0,0,0,0,0,0,0,1,0,1,0,0,0
157,61,127,5.32,22.78,49.38,474.67,3,0,1,0,0,1,0,0,0,0,0,0,1,0,1,0,0,0
101,82,90,5.47,25.19,43.91,2567.03,3,0,1,0,0,1,0,0,0,0,0,0,1,0,1,0,0,0
117,63,135,5.19,17.9,61.33,2628.26,3,0,1,0,0,1,0,0,0,0,0,0,1,0,1,0,0,0
167,46,109,7.72,10.52,81.69,546.55,3,0,1,0,0,1,0,0,0,0,0,0,1,0,1,0,0,0
178,48,121,5.7,16.8,82.74,2062.74,3,0,1,0,0,1,0,0,0,0,0,0,1,0,1,0,0,0
97,24,79,7.32,35.59,63.06,2782.94,3,0,1,0,0,1,0,0,0,0,0,0,1,0,1,0,0,0
87,93,52,6.25,26.86,83.15,1865.62,3,0,1,0,0,1,0,0,0,0,0,0,1,0,1,0,0,0
78,16,133,7.61,24.19,70.32,568.3,3,0,1,0,0,1,0,0,0,0,0,0,1,0,1,0,0,0
45,96,46,5.02,15.13,34.03,2740.24,3,0,1,0,0,1,0,0,0,0,0,0,1,0,1,0,0,0
142,52,35,6.2,11.19,73.84,2641.79,3,0,1,0,0,1,0,0,0,0,0,0,1,0,1,0,0,0
73,37,23,6.94,39.13,54.83,1302.8,3,0,1,0,0,1,0,0,0,0,0,0,1,0,1,0,0,0
84,39,31,4.87,22.16,87.61,1991.68,3,0,1,0,0,1,0,0,0,0,0,0,1,0,1,0,0,0
95,88,124,5.21,13.36,53.69,1046.32,3,0,1,0,0,1,0,0,0,0,0,0,1,0,1,0,0,0
83,21,51,4.95,38.38,41.03,586.6,3,0,1,0,0,1,0,0,0,0,0,0,1,0,1,0,0,0
80,22,103,7.36,31.06,61.45,1358.19,3,0,1,0,0,1,0,0,0,0,0,0,1,0,1,0,0,0
79,46,81,7.35,10.69,39.53,1618.9,3,0,1,0,0,1,0,0,0,0,0,0,1,0,1,0,0,0
39,61,63,7.49,11.56,39.84,964.86,3,0,1,0,0,1,0,0,0,0,0,0,1,0,1,0,0,0
47,35,46,6.18,17.65,54.09,1603.21,3,0,1,0,0,1,0,0,0,0,0,0,1,0,1,0,0,0
65,33,47,8.13,24.91,33.31,2301.34,3,0,1,0,0,1,0,0,0,0,0,0,1,0,1,0,0,0
46,43,92,5.1,24.7,72.63,1782.63,3,0,1,0,0,1,0,0,0,0,0,0,1,0,1,0,0,0
140,23,105,6.15,33.99,59.91,2579.41,3,0,1,0,0,1,0,0,0,0,0,0,1,0,1,0,0,0
136,26,43,7.15,27.15,39.84,1901.2,3,0,1,0,0,1,0,0,0,0,0,0,1,0,1,0,0,0
136,83,144,4.88,12.57,31.01,779.88,3,0,1,0,0,1,0,0,0,0,0,0,1,0,1,0,0,0
93,51,92,7.94,22.99,51.66,1616.93,3,0,1,0,0,1,0,0,0,0,0,0,1,0,1,0,0,0
101,77,144,5.78,36.6,42.09,2284.01,3,0,1,0,0,1,0,0,0,0,0,0,1,0,1,0,0,0
30,48,89,7.07,38.26,74.26,1446.7,3,0,1,0,0,1,0,0,0,0,0,0,1,0,1,0,0,0
128,73,51,6.06,26.67,31.78,1938.81,3,0,1,0,0,1,0,0,0,0,0,0,1,0,1,0,0,0
136,75,41,5.34,24.11,60.11,2775.76,3,0,1,0,0,1,0,0,0,0,0,0,1,0,1,0,0,0
42,80,108,5.18,22.32,59.97,581.9,3,0,1,0,0,1,0,0,0,0,0,0,1,0,1,0,0,0
114,68,148,5.44,26.51,46.71,1908.09,3,0,1,0,0,1,0,0,0,0,0,0,1,0,1,0,0,0
58,62,85,4.99,25.71,48.23,2511.52,3,0,1,0,0,1,0,0,0,0,0,0,1,0,1,0,0,0
139,84,47,5.12,23.56,52.88,2393.99,3,0,1,0,0,1,0,0,0,0,0,0,1,0,1,0,0,0
163,51,21,7.5,38.56,48.88,2328.47,3,0,1,0,0,1,0,0,0,0,0,0,1,0,1,0,0,0
115,78,60,5.86,21.33,49.94,1912.37,3,0,1,0,0,0,1,0,0,0,0,0,1,0,0,0,1,0
113,50,148,7.82,15.1,66.25,2322.5,3,0,1,0,0,0,1,0,0,0,0,0,1,0,0,0,1,0
61,27,79,7.74,22.54,47.07,946.2,3,0,1,0,0,0,1,0,0,0,0,0,1,0,0,0,1,0
174,75,121,5.68,23.07,55.6,939.13,3,0,1,0,0,0,1,0,0,0,0,0,1,0,0,0,1,0
134,34,94,5.94,30.65,43.41,1203.95,3,0,1,0,0,0,1,0,0,0,0,0,1,0,0,0,1,0
43,50,148,7.15,18.41,55.44,451.07,3,0,1,0,0,0,1,0,0,0,0,0,1,0,0,0,1,0
157,25,144,5.08,34.94,89.71,1407.18,3,0,1,0,0,0,1,0,0,0,0,0,1,0,0,0,1,0
52,36,146,7.9,25.1,47.02,1777.08,3,0,1,0,0,0,1,0,0,0,0,0,1,0,0,0,1,0
81,69,131,5.36,32.24,79.88,1352.43,3,0,1,0,0,0,1,0,0,0,0,0,1,0,0,0,1,0
88,48,45,6.36,13.84,68.43,1995.17,3,0,1,0,0,0,1,0,0,0,0,0,1,0,0,0,1,0
81,79,114,6.33,25.53,71.47,2653.62,3,0,1,0,0,0,1,0,0,0,0,0,1,0,0,0,1,0
84,91,119,6.41,11.88,69.33,2373.45,3,0,1,0,0,0,1,0,0,0,0,0,1,0,0,0,1,0
102,15,114,8.03,38.88,34.41,2622.16,3,0,1,0,0,0,1,0,0,0,0,0,1,0,0,0,1,0
152,86,74,6.57,34.45,81.88,1844.15,3,0,1,0,0,0,1,0,0,0,0,0,1,0,0,0,1,0
169,89,149,5.32,30.59,83.29,918.9,3,0,1,0,0,0,1,0,0,0,0,0,1,0,0,0,1,0
59,95,113,7.96,23.48,60.37,723.09,3,0,1,0,0,0,1,0,0,0,0,0,1,0,0,0,1,0
82,84,32,8.09,20.87,54.64,2593.16,3,0,1,0,0,0,1,0,0,0,0,0,1,0,0,0,1,0
133,48,91,6.18,38.43,85.03,313.66,3,0,1,0,0,0,1,0,0,0,0,0,1,0,0,0,1,0
143,66,76,5.06,17.62,87.64,2598.73,3,0,1,0,0,0,1,0,0,0,0,0,1,0,0,0,1,0
85,82,23,7.45,33.51,67.74,2523.07,3,0,1,0,0,0,1,0,0,0,0,0,1,0,0,0,1,0
46,25,139,6.41,39.12,39.91,380.03,3,0,1,0,0,0,1,0,0,0,0,0,1,0,0,0,1,0
52,93,38,5.24,31.4,36.39,1080.46,3,0,1,0,0,0,1,0,0,0,0,0,1,0,0,0,1,0
106,38,35,6.93,34.57,70.78,943.64,3,0,1,0,0,0,1,0,0,0,0,0,1,0,0,0,1,0
51,82,140,6.5,20.8,38.72,1164.35,3,0,1,0,0,0,1,0,0,0,0,0,1,0,0,0,1,0
54,78,80,4.96,35.2,66.64,303.83,3,0,1,0,0,0,1,0,0,0,0,0,1,0,0,0,1,0
161,48,77,6.33,33.46,44.7,1000.17,3,0,1,0,0,0,0,1,0,0,0,0,1,1,0,0,0,0
50,62,106,7.91,24.09,85.73,2303.45,3,0,1,0,0,0,0,1,0,0,0,0,1,1,0,0,0,0
146,64,104,5.95,15.51,57.04,1319.66,3,0,1,0,0,0,0,1,0,0,0,0,1,1,0,0,0,0
65,79,31,7.18,30.38,55.53,309.71,3,0,1,0,0,0,0,1,0,0,0,0,1,1,0,0,0,0
93,49,127,5.59,15.18,54.71,1448.29,3,0,1,0,0,0,0,1,0,0,0,0,1,1,0,0,0,0
75,93,148,7.87,36.96,64.68,2101.65,3,0,1,0,0,0,0,1,0,0,0,0,1,1,0,0,0,0
86,79,42,8.13,39.77,48.93,2151.69,3,0,1,0,0,0,0,1,0,0,0,0,1,1,0,0,0,0
75,48,68,6.97,33.29,88.77,945.82,3,0,1,0,0,0,0,1,0,0,0,0,1,1,0,0,0,0
59,69,86,6.02,24.96,66.42,2511.58,3,0,1,0,0,0,0,1,0,0,0,0,1,1,0,0,0,0
171,84,90,6.17,38.28,88.52,406.37,3,0,1,0,0,0,0,1,0,0,0,0,1,1,0,0,0,0
164,92,51,6.04,34.16,69.11,1391.03,3,0,1,0,0,0,0,1,0,0,0,0,1,1,0,0,0,0
90,79,112,5.07,26.45,41.44,1758.3,3,0,1,0,0,0,0,1,0,0,0,0,1,1,0,0,0,0
37,53,106,7.06,36.17,67.89,670.16,3,0,1,0,0,0,0,1,0,0,0,0,1,1,0,0,0,0
173,74,112,6.01,10.77,83.94,1047.06,3,0,1,0,0,0,0,1,0,0,0,0,1,1,0,0,0,0
178,37,25,7.99,32.35,50.17,980.51,3,0,1,0,0,0,0,1,0,0,0,0,1,1,0,0,0,0
59,31,21,7.09,10.33,33.26,1248.86,3,0,1,0,0,0,0,1,0,0,0,0,1,1,0,0,0,0
114,33,46,6.0,37.06,33.69,1135.48,3,0,1,0,0,0,0,1,0,0,0,0,1,1,0,0,0,0
95,57,79,8.15,21.17,35.55,814.15,3,0,1,0,0,0,0,1,0,0,0,0,1,1,0,0,0,0
155,59,55,6.71,11.01,69.36,631.67,3,0,1,0,0,0,0,1,0,0,0,0,1,1,0,0,0,0
83,56,34,7.39,13.62,73.45,2669.43,3,0,1,0,0,0,0,1,0,0,0,0,1,1,0,0,0,0
44,57,145,6.99,30.59,76.43,586.48,3,0,1,0,0,0,0,1,0,0,0,0,1,1,0,0,0,0
97,62,80,5.48,37.77,65.28,1595.31,3,0,1,0,0,0,0,1,0,0,0,0,1,1,0,0,0,0
95,39,55,7.58,23.18,36.17,1723.26,3,0,1,0,0,0,0,1,0,0,0,0,1,1,0,0,0,0
114,50,53,8.15,39.7,42.24,545.7,3,0,1,0,0,0,0,1,0,0,0,0,1,1,0,0,0,0
135,16,116,5.42,31.4,34.17,2171.23,3,0,1,0,0,0,0,1,0,0,0,0,1,1,0,0,0,0
66,45,57,7.24,35.02,60.04,1596.56,3,0,1,0,0,0,0,1,0,0,0,0,1,1,0,0,0,0
139,49,63,7.17,20.07,80.3,346.31,3,0,1,0,0,0,0,1,0,0,0,0,1,1,0,0,0,0
107,54,130,6.89,17.26,60.58,912.25,3,0,1,0,0,0,0,1,0,0,0,0,1,1,0,0,0,0
176,29,123,5.64,17.57,88.69,1825.84,3,0,1,0,0,0,0,1,0,0,0,0,1,1,0,0,0,0
98,58,144,7.65,37.62,62.46,2053.91,3,0,1,0,0,0,0,1,0,0,0,0,1,1,0,0,0,0
164,27,32,7.25,33.12,69.49,1927.89,3,0,1,0,0,0,0,1,0,0,0,0,1,1,0,0,0,0
166,17,61,6.61,18.67,38.73,982.33,3,0,0,1,1,0,0,0,1,0,0,0,0,0,1,0,0,0
173,60,53,5.02,14.98,46.84,821.82,3,0,0,1,1,0,0,0,1,0,0,0,0,0,1,0,0,0
48,68,74,8.05,37.95,80.91,340.06,3,0,0,1,1,0,0,0,1,0,0,0,0,0,1,0,0,0
146,28,137,7.6,39.76,89.52,2275.95,3,0,0,1,1,0,0,0,1,0,0,0,0,0,1,0,0,0
96,81,62,6.67,31.96,30.1,503.59,3,0,0,1,1,0,0,0,1,0,0,0,0,0,1,0,0,0
84,82,23,7.69,18.07,58.89,1130.67,3,0,0,1,1,0,0,0,1,0,0,0,0,0,1,0,0,0
41,95,124,5.61,25.98,59.31,1085.39,3,0,0,1,1,0,0,0,1,0,0,0,0,0,1,0,0,0
129,85,59,6.37,28.92,85.21,1995.13,3,0,0,1,1,0,0,0,1,0,0,0,0,0,1,0,0,0
155,54,69,7.06,36.78,85.66,1464.61,3,0,0,1,1,0,0,0,1,0,0,0,0,0,1,0,0,0
66,78,20,6.34,17.61,80.55,1384.98,3,0,0,1,1,0,0,0,1,0,0,0,0,0,1,0,0,0
97,97,78,5.39,18.42,58.98,919.15,3,0,0,1,1,0,0,0,1,0,0,0,0,0,1,0,0,0
142,50,22,7.7,37.4,62.82,588.82,3,0,0,1,1,0,0,0,1,0,0,0,0,0,1,0,0,0
154,86,122,7.63,36.0,43.29,1471.16,3,0,0,1,1,0,0,0,1,0,0,0,0,0,1,0,0,0
131,72,93,6.04,15.42,62.69,470.2,3,0,0,1,1,0,0,0,1,0,0,0,0,0,1,0,0,0
54,33,88,6.02,29.71,38.18,1008.91,3,0,0,1,1,0,0,0,1,0,0,0,0,0,1,0,0,0
171,29,36,4.88,18.85,51.6,629.44,3,0,0,1,1,0,0,0,1,0,0,0,0,0,1,0,0,0
98,75,40,4.83,31.53,78.96,784.47,3,0,0,1,1,0,0,0,1,0,0,0,0,0,1,0,0,0
115,73,91,7.44,35.18,41.81,630.09,3,0,0,1,1,0,0,0,1,0,0,0,0,0,1,0,0,0
142,83,118,6.94,10.05,56.95,1478.05,3,0,0,1,1,0,0,0,1,0,0,0,0,0,1,0,0,0
165,86,65,7.26,11.82,60.42,1729.53,3,0,0,1,1,0,0,0,1,0,0,0,0,0,1,0,0,0
139,62,68,6.78,22.55,73.05,508.0,3,0,0,1,1,0,0,0,1,0,0,0,0,0,1,0,0,0
100,45,133,7.49,27.49,61.8,2538.83,3,0,0,1,1,0,0,0,1,0,0,0,0,0,1,0,0,0
39,72,74,6.37,38.54,62.28,2174.44,3,0,0,1,1,0,0,0,1,0,0,0,0,0,1,0,0,0
93,93,101,7.02,11.76,45.24,1899.55,3,0,0,1,1,0,0,0,1,0,0,0,0,0,1,0,0,0
95,96,144,7.46,26.39,79.19,2374.79,3,0,0,1,1,0,0,0,1,0,0,0,0,0,1,0,0,0
32,97,95,5.22,21.12,61.91,407.38,3,0,0,1,1,0,0,0,1,0,0,0,0,0,1,0,0,0
38,96,63,7.35,15.76,34.41,2496.68,3,0,0,1,1,0,0,0,1,0,0,0,0,0,1,0,0,0
130,29,66,7.91,11.28,34.24,2063.68,3,0,0,1,1,0,0,0,1,0,0,0,0,0,1,0,0,0
51,94,42,5.81,11.09,81.61,1416.96,3,0,0,1,1,0,0,0,1,0,0,0,0,0,1,0,0,0
115,67,145,5.94,25.65,31.01,1035.48,3,0,0,1,1,0,0,0,1,0,0,0,0,0,1,0,0,0
135,61,62,6.37,10.69,89.37,1613.8,3,0,0,1,1,0,0,0,1,0,0,0,0,0,1,0,0,0
137,16,143,6.6,34.89,42.26,810.97,3,0,0,1,1,0,0,0,1,0,0,0,0,0,1,0,0,0
128,26,108,6.6,29.74,65.65,1745.71,3,0,0,1,1,0,0,0,1,0,0,0,0,0,1,0,0,0
54,27,24,6.06,37.19,55.66,2280.79,3,0,0,1,1,0,0,0,1,0,0,0,0,0,1,0,0,0
37,98,95,7.34,21.02,40.89,2734.83,3,0,0,1,1,0,0,0,1,0,0,0,0,0,1,0,0,0
102,67,51,7.15,34.65,45.72,1842.44,3,0,0,1,0,1,0,0,1,0,0,0,0,0,1,0,0,0
147,29,93,6.46,12.8,63.22,2333.09,3,0,0,1,0,1,0,0,1,0,0,0,0,0,1,0,0,0
147,49,100,6.27,19.25,74.88,1670.7,3,0,0,1,0,1,0,0,1,0,0,0,0,0,1,0,0,0
35,22,115,6.17,31.61,68.9,1427.55,3,0,0,1,0,1,0,0,1,0,0,0,0,0,1,0,0,0
91,80,89,6.12,28.42,54.88,426.19,3,0,0,1,0,1,0,0,1,0,0,0,0,0,1,0,0,0
41,27,22,5.26,10.3,31.91,414.53,3,0,0,1,0,1,0,0,1,0,0,0,0,0,1,0,0,0
31,35,39,6.09,28.99,85.18,1271.83,3,0,0,1,0,1,0,0,1,0,0,0,0,0,1,0,0,0
152,79,87,7.77,37.45,45.87,2236.53,3,0,0,1,0,1,0,0,1,0,0,0,0,0,1,0,0,0
155,55,101,7.61,26.26,89.35,2236.2,3,0,0,1,0,1,0,0,1,0,0,0,0,0,1,0,0,0
80,57,70,7.53,16.93,81.67,1498.6,3,0,0,1,0,1,0,0,1,0,0,0,0,0,1,0,0,0
127,77,125,7.86,18.64,84.12,1006.99,3,0,0,1,0,1,0,0,1,0,0,0,0,0,1,0,0,0
77,86,90,7.21,22.65,80.33,2063.86,3,0,0,1,0,1,0,0,1,0,0,0,0,0,1,0,0,0
145,81,66,5.52,15.44,60.14,1861.52,3,0,0,1,0,1,0,0,1,0,0,0,0,0,1,0,0,0
75,25,107,7.86,23.54,87.27,528.97,3,0,0,1,0,1,0,0,1,0,0,0,0,0,1,0,0,0
87,50,73,6.75,36.05,77.13,540.3,3,0,0,1,0,1,0,0,1,0,0,0,0,0,1,0,0,0
155,36,126,7.72,20.96,48.73,2368.28,3,0,0,1,0,1,0,0,1,0,0,0,0,0,1,0,0,0
55,97,95,6.04,35.01,52.73,2733.64,3,0,0,1,0,1,0,0,1,0,0,0,0,0,1,0,0,0
85,44,69,7.28,30.89,78.28,1396.77,3,0,0,1,0,1,0,0,1,0,0,0,0,0,1,0,0,0
148,82,144,6.74,37.43,85.89,996.38,3,0,0,1,0,1,0,0,1,0,0,0,0,0,1,0,0,0
178,80,83,7.11,10.23,56.57,912.63,3,0,0,1,0,1,0,0,1,0,0,0,0,0,1,0,0,0
176,85,90,6.86,35.29,55.93,2296.55,3,0,0,1,0,1,0,0,1,0,0,0,0,0,1,0,0,0
128,55,34,6.82,10.95,72.16,1785.47,3,0,0,1,0,1,0,0,1,0,0,0,0,0,1,0,0,0
164,58,112,7.06,21.42,47.86,2033.18,3,0,0,1,0,1,0,0,1,0,0,0,0,0,1,0,0,0
106,73,27,8.19,25.38,59.82,535.77,3,0,0,1,0,1,0,0,1,0,0,0,0,0,1,0,0,0
54,19,83,6.1,15.38,59.07,2344.25,3,0,0,1,0,1,0,0,1,0,0,0,0,0,1,0,0,0
70,61,120,5.65,37.07,73.8,1931.71,3,0,0,1,0,1,0,0,1,0,0,0,0,0,1,0,0,0
166,28,141,6.91,33.53,34.59,1847.04,3,0,0,1,0,1,0,0,1,0,0,0,0,0,1,0,0,0
95,27,32,5.73,23.39,57.65,2492.37,3,0,0,1,0,1,0,0,1,0,0,0,0,0,1,0,0,0
92,70,97,7.04,38.29,55.67,519.22,3,0,0,1,0,1,0,0,1,0,0,0,0,0,1,0,0,0
154,74,67,5.32,38.23,59.04,1607.2,3,0,0,1,0,1,0,0,1,0,0,0,0,0,1,0,0,0
71,92,39,7.03,31.49,83.21,1803.57,3,0,0,1,0,1,0,0,1,0,0,0,0,0,1,0,0,0
163,53,80,6.32,24.88,58.73,1039.39,3,0,0,1,0,1,0,0,1,0,0,0,0,0,1,0,0,0
98,75,40,6.41,22.26,67.21,534.96,3,0,0,1,0,1,0,0,1,0,0,0,0,0,1,0,0,0
40,98,129,4.99,28.91,74.31,1179.96,3,0,0,1,0,0,1,0,1,0,0,0,0,0,0,0,0,1
51,16,80,6.7,38.72,80.84,2708.73,3,0,0,1,0,0,1,0,1,0,0,0,0,0,0,0,0,1
163,51,148,7.08,34.55,89.09,1180.58,3,0,0,1,0,0,1,0,1,0,0,0,0,0,0,0,0,1
163,24,137,6.29,24.94,78.38,443.42,3,0,0,1,0,0,1,0,1,0,0,0,0,0,0,0,0,1
60,86,134,7.31,27.61,34.48,1536.35,3,0,0,1,0,0,1,0,1,0,0,0,0,0,0,0,0,1
122,18,95,6.61,15.13,71.35,1679.07,3,0,0,1,0,0,1,0,1,0,0,0,0,0,0,0,0,1
126,81,118,7.22,22.49,71.45,1669.57,3,0,0,1,0,0,1,0,1,0,0,0,0,0,0,0,0,1
133,47,42,6.86,23.08,81.47,718.03,3,0,0,1,0,0,1,0,1,0,0,0,0,0,0,0,0,1
165,77,143,8.05,34.38,31.76,479.08,3,0,0,1,0,0,1,0,1,0,0,0,0,0,0,0,0,1
136,32,45,7.59,37.76,58.34,1500.89,3,0,0,1,0,0,1,0,1,0,0,0,0,0,0,0,0,1
115,77,41,6.51,19.87,67.69,1559.72,3,0,0,1,0,0,1,0,1,0,0,0,0,0,0,0,0,1
169,69,50,5.11,18.06,43.05,1578.05,3,0,0,1,0,0,1,0,1,0,0,0,0,0,0,0,0,1
136,38,130,7.1,17.91,71.35,800.59,3,0,0,1,0,0,1,0,1,0,0,0,0,0,0,0,0,1
173,24,115,6.2,38.18,33.17,1105.63,3,0,0,1,0,0,1,0,1,0,0,0,0,0,0,0,0,1
154,36,126,7.67,23.48,83.16,1704.87,3,0,0,1,0,0,1,0,1,0,0,0,0,0,0,0,0,1
99,84,106,4.87,29.86,88.56,1020.7,3,0,0,1,0,0,1,0,1,0,0,0,0,0,0,0,0,1
117,48,121,7.42,36.09,82.28,729.18,3,0,0,1,0,0,1,0,1,0,0,0,0,0,0,0,0,1
98,75,62,5.76,21.31,58.94,991.39,3,0,0,1,0,0,1,0,1,0,0,0,0,0,0,0,0,1
71,39,148,6.31,24.28,89.96,2411.05,3,0,0,1,0,0,1,0,1,0,0,0,0,0,0,0,0,1
68,78,71,8.07,36.53,54.45,2692.47,3,0,0,1,0,0,1,0,1,0,0,0,0,0,0,0,0,1
98,81,90,4.95,27.69,61.89,2210.05,3,0,0,1,0,0,1,0,1,0,0,0,0,0,0,0,0,1
129,44,35,5.31,29.45,61.75,917.98,3,0,0,1,0,0,1,0,1,0,0,0,0,0,0,0,0,1
123,21,80,5.36,12.1,55.83,1396.77,3,0,0,1,0,0,1,0,1,0,0,0,0,0,0,0,0,1
122,86,87,4.8,33.25,50.68,1381.17,3,0,0,1,0,0,1,0,1,0,0,0,0,0,0,0,0,1
75,63,114,5.21,30.62,62.91,2407.81,3,0,0,1,0,0,1,0,1,0,0,0,0,0,0,0,0,1
92,27,138,6.96,17.0,86.38,1481.58,3,0,0,1,0,0,1,0,1,0,0,0,0,0,0,0,0,1
78,34,32,5.31,14.48,83.75,618.22,3,0,0,1,0,0,1,0,1,0,0,0,0,0,0,0,0,1
171,76,30,8.04,19.12,83.63,394.56,3,0,0,1,0,0,1,0,1,0,0,0,0,0,0,0,0,1
67,80,89,6.65,25.3,82.37,1645.47,3,0,0,1,0,0,1,0,1,0,0,0,0,0,0,0,0,1
123,88,134,8.11,35.8,33.62,2556.42,3,0,0,1,0,0,1,0,1,0,0,0,0,0,0,0,0,1
74,73,56,7.15,31.67,47.04,1875.34,3,0,0,1,0,0,1,0,1,0,0,0,0,0,0,0,0,1
168,49,77,5.15,12.08,60.88,2471.97,3,0,0,1,0,0,1,0,1,0,0,0,0,0,0,0,0,1
176,58,121,6.51,38.02,45.04,838.0,3,0,0,1,0,0,0,1,1,0,0,0,0,1,0,0,0,0
176,33,63,8.08,16.33,64.15,1007.09,3,0,0,1,0,0,0,1,1,0,0,0,0,1,0,0,0,0
170,20,77,5.54,36.37,85.94,1642.06,3,0,0,1,0,0,0,1,1,0,0,0,0,1,0,0,0,0
34,17,33,6.12,36.28,41.57,372.89,3,0,0,1,0,0,0,1,1,0,0,0,0,1,0,0,0,0
157,53,39,6.09,27.78,58.44,757.17,3,0,0,1,0,0,0,1,1,0,0,0,0,1,0,0,0,0
84,64,89,5.19,23.27,51.85,522.62,3,0,0,1,0,0,0,1,1,0,0,0,0,1,0,0,0,0
60,44,143,7.54,23.61,81.67,1558.92,3,0,0,1,0,0,0,1,1,0,0,0,0,1,0,0,0,0
76,65,80,6.61,36.64,74.16,2360.19,3,0,0,1,0,0,0,1,1,0,0,0,0,1,0,0,0,0
179,89,66,5.86,15.15,67.88,2693.81,3,0,0,1,0,0,0,1,1,0,0,0,0,1,0,0,0,0
78,74,101,5.56,28.9,52.39,1473.55,3,0,0,1,0,0,0,1,1,0,0,0,0,1,0,0,0,0
64,96,124,7.01,38.07,43.31,1016.98,3,0,0,1,0,0,0,1,1,0,0,0,0,1,0,0,0,0
122,60,38,7.22,35.83,72.12,358.34,3,0,0,1,0,0,0,1,1,0,0,0,0,1,0,0,0,0
160,31,113,6.66,37.7,57.66,525.5,3,0,0,1,0,0,0,1,1,0,0,0,0,1,0,0,0,0
104,84,92,6.36,17.4,35.18,2486.7,3,0,0,1,0,0,0,1,1,0,0,0,0,1,0,0,0,0
164,80,115,6.21,23.76,80.05,2035.25,3,0,0,1,0,0,0,1,1,0,0,0,0,1,0,0,0,0
137,81,103,8.03,13.73,83.92,904.18,3,0,0,1,0,0,0,1,1,0,0,0,0,1,0,0,0,0
47,56,117,4.8,16.15,71.88,757.89,3,0,0,1,0,0,0,1,1,0,0,0,0,1,0,0,0,0
88,48,80,6.39,37.17,30.77,1173.39,3,0,0,1,0,0,0,1,1,0,0,0,0,1,0,0,0,0
175,59,95,7.08,38.56,80.37,2544.77,3,0,0,1,0,0,0,1,1,0,0,0,0,1,0,0,0,0
52,63,32,7.88,17.71,84.98,1947.29,3,0,0,1,0,0,0,1,1,0,0,0,0,1,0,0,0,0
159,18,67,5.06,19.54,69.92,1548.24,3,0,0,1,0,0,0,1,1,0,0,0,0,1,0,0,0,0
118,60,73,5.59,38.41,45.0,1957.59,3,0,0,1,0,0,0,1,1,0,0,0,0,1,0,0,0,0
138,60,67,7.26,37.43,40.55,978.23,3,0,0,1,0,0,0,1,1,0,0,0,0,1,0,0,0,0
54,82,121,5.32,14.51,81.49,1068.75,3,0,0,1,0,0,0,1,1,0,0,0,0,1,0,0,0,0
134,92,80,7.47,19.29,65.09,2020.98,3,0,0,1,0,0,0,1,1,0,0,0,0,1,0,0,0,0
84,85,27,7.88,14.35,86.72,688.42,3,0,0,1,0,0,0,1,1,0,0,0,0,1,0,0,0,0
171,58,140,7.37,31.08,79.09,972.67,3,0,0,1,0,0,0,1,1,0,0,0,0,1,0,0,0,0
69,18,53,7.06,33.97,51.96,856.82,3,0,0,1,0,0,0,1,1,0,0,0,0,1,0,0,0,0
164,26,44,6.08,27.08,69.27,1802.53,3,0,0,1,0,0,0,1,1,0,0,0,0,1,0,0,0,0
76,68,57,5.95,30.43,64.45,2121.48,3,0,0,1,0,0,0,1,1,0,0,0,0,1,0,0,0,0
74,44,55,7.92,21.56,50.85,2114.5,3,0,0,1,1,0,0,0,0,1,0,0,0,1,0,0,0,0
155,27,33,5.66,31.35,72.35,1345.64,3,0,0,1,1,0,0,0,0,1,0,0,0,1,0,0,0,0
84,42,131,6.32,24.47,42.68,1883.18,3,0,0,1,1,0,0,0,0,1,0,0,0,1,0,0,0,0
122,65,79,6.26,14.4,80.71,1561.41,3,0,0,1,1,0,0,0,0,1,0,0,0,1,0,0,0,0
150,86,105,6.72,27.33,66.61,2798.49,3,0,0,1,1,0,0,0,0,1,0,0,0,1,0,0,0,0
58,64,95,6.17,38.53,55.16,1472.43,3,0,0,1,1,0,0,0,0,1,0,0,0,1,0,0,0,0
57,74,72,7.05,22.3,69.89,406.51,3,0,0,1,1,0,0,0,0,1,0,0,0,1,0,0,0,0
54,31,24,8.0,25.96,39.8,2305.9,3,0,0,1,1,0,0,0,0,1,0,0,0,1,0,0,0,0
177,51,70,5.87,18.07,81.83,2117.44,3,0,0,1,1,0,0,0,0,1,0,0,0,1,0,0,0,0
116,61,92,7.36,18.57,70.5,2410.72,3,0,0,1,1,0,0,0,0,1,0,0,0,1,0,0,0,0
178,20,143,5.48,12.25,89.85,940.87,3,0,0,1,1,0,0,0,0,1,0,0,0,1,0,0,0,0
169,68,35,7.51,39.99,85.19,903.54,3,0,0,1,1,0,0,0,0,1,0,0,0,1,0,0,0,0
178,75,138,7.76,12.59,75.86,2394.02,3,0,0,1,1,0,0,0,0,1,0,0,0,1,0,0,0,0
177,39,129,5.5,18.38,69.18,898.38,3,0,0,1,1,0,0,0,0,1,0,0,0,1,0,0,0,0
168,52,28,7.4,19.14,82.06,1902.16,3,0,0,1,1,0,0,0,0,1,0,0,0,1,0,0,0,0
149,57,86,7.74,38.04,87.87,2407.45,3,0,0,1,1,0,0,0,0,1,0,0,0,1,0,0,0,0
155,89,141,5.79,13.64,47.74,2463.81,3,0,0,1,1,0,0,0,0,1,0,0,0,1,0,0,0,0
167,52,71,7.1,26.92,86.11,666.17,3,0,0,1,1,0,0,0,0,1,0,0,0,1,0,0,0,0
93,62,128,6.97,39.62,31.39,1231.6,3,0,0,1,1,0,0,0,0,1,0,0,0,1,0,0,0,0
75,35,121,7.52,26.55,32.44,1176.79,3,0,0,1,1,0,0,0,0,1,0,0,0,1,0,0,0,0
157,68,77,7.77,16.89,76.14,1943.57,3,0,0,1,1,0,0,0,0,1,0,0,0,1,0,0,0,0
76,32,44,5.82,19.13,31.77,1554.18,3,0,0,1,1,0,0,0,0,1,0,0,0,1,0,0,0,0
109,59,137,5.13,26.32,58.11,2177.1,3,0,0,1,1,0,0,0,0,1,0,0,0,1,0,0,0,0
119,79,20,5.21,38.9,49.67,1634.38,3,0,0,1,1,0,0,0,0,1,0,0,0,1,0,0,0,0
127,15,124,5.62,12.33,66.22,2572.41,3,0,0,1,1,0,0,0,0,1,0,0,0,1,0,0,0,0
48,42,44,8.17,19.4,85.69,1219.0,3,0,0,1,1,0,0,0,0,1,0,0,0,1,0,0,0,0
97,20,46,5.04,32.24,75.14,583.87,3,0,0,1,1,0,0,0,0,1,0,0,0,1,0,0,0,0
100,89,69,6.41,15.23,74.66,834.64,3,0,0,1,0,1,0,0,0,1,0,0,0,1,0,0,0,0
171,25,57,7.94,33.63,69.79,2341.28,3,0,0,1,0,1,0,0,0,1,0,0,0,1,0,0,0,0
32,23,49,5.32,35.87,89.88,1334.59,3,0,0,1,0,1,0,0,0,1,0,0,0,1,0,0,0,0
155,86,67,7.65,36.41,52.37,1620.33,3,0,0,1,0,1,0,0,0,1,0,0,0,1,0,0,0,0
137,56,90,7.22,36.77,33.8,1141.02,3,0,0,1,0,1,0,0,0,1,0,0,0,1,0,0,0,0
33,60,55,5.71,34.32,54.86,1218.29,3,0,0,1,0,1,0,0,0,1,0,0,0,1,0,0,0,0
78,32,127,5.8,35.25,37.89,2116.11,3,0,0,1,0,1,0,0,0,1,0,0,0,1,0,0,0,0
99,73,122,5.21,16.73,34.67,857.84,3,0,0,1,0,1,0,0,0,1,0,0,0,1,0,0,0,0
138,91,33,5.98,36.65,71.1,2614.32,3,0,0,1,0,1,0,0,0,1,0,0,0,1,0,0,0,0
136,65,35,5.37,39.02,52.29,1389.89,3,0,0,1,0,1,0,0,0,1,0,0,0,1,0,0,0,0
146,36,36,5.98,16.56,54.59,1369.14,3,0,0,1,0,1,0,0,0,1,0,0,0,1,0,0,0,0
90,95,85,7.03,14.15,63.55,1669.2,3,0,0,1,0,1,0,0,0,1,0,0,0,1,0,0,0,0
167,48,21,6.18,30.85,61.7,673.71,3,0,0,1,0,1,0,0,0,1,0,0,0,1,0,0,0,0
144,33,30,7.61,22.81,43.39,1073.96,3,0,0,1,0,1,0,0,0,1,0,0,0,1,0,0,0,0
176,81,74,6.68,19.62,73.33,1070.49,3,0,0,1,0,1,0,0,0,1,0,0,0,1,0,0,0,0
175,46,145,6.79,28.48,73.72,482.23,3,0,0,1,0,1,0,0,0,1,0,0,0,1,0,0,0,0
130,26,39,5.74,30.13,68.78,2163.89,3,0,0,1,0,1,0,0,0,1,0,0,0,1,0,0,0,0
51,31,85,6.13,12.94,33.5,744.54,3,0,0,1,0,1,0,0,0,1,0,0,0,1,0,0,0,0
70,95,57,7.63,17.84,64.82,1959.12,3,0,0,1,0,1,0,0,0,1,0,0,0,1,0,0,0,0
48,36,69,6.09,27.9,74.24,2531.11,3,0,0,1,0,1,0,0,0,1,0,0,0,1,0,0,0,0
134,20,142,5.26,22.22,31.39,2302.52,3,0,0,1,0,1,0,0,0,1,0,0,0,1,0,0,0,0
46,16,43,8.16,35.44,38.21,2735.98,3,0,0,1,0,1,0,0,0,1,0,0,0,1,0,0,0,0
151,91,93,7.41,22.0,83.62,1255.65,3,0,0,1,0,1,0,0,0,1,0,0,0,1,0,0,0,0
91,51,36,8.11,15.54,71.56,744.17,3,0,0,1,0,1,0,0,0,1,0,0,0,1,0,0,0,0
166,76,36,5.7,37.3,81.41,2775.02,3,0,0,1,0,1,0,0,0,1,0,0,0,1,0,0,0,0
154,32,95,5.75,34.02,44.01,1096.95,3,0,0,1,0,1,0,0,0,1,0,0,0,1,0,0,0,0
62,96,118,7.74,14.56,41.42,2083.86,3,0,0,1,0,0,1,0,0,1,0,0,0,1,0,0,0,0
128,62,141,7.4,21.16,82.8,2036.47,3,0,0,1,0,0,1,0,0,1,0,0,0,1,0,0,0,0
152,43,55,7.15,20.57,52.73,1183.23,3,0,0,1,0,0,1,0,0,1,0,0,0,1,0,0,0,0
75,23,122,6.78,21.34,40.06,1420.47,3,0,0,1,0,0,1,0,0,1,0,0,0,1,0,0,0,0
177,99,136,7.28,18.53,68.56,2012.43,3,0,0,1,0,0,1,0,0,1,0,0,0,1,0,0,0,0
54,71,125,7.09,32.95,51.71,322.65,3,0,0,1,0,0,1,0,0,1,0,0,0,1,0,0,0,0
41,54,115,5.94,12.73,55.59,2142.33,3,0,0,1,0,0,1,0,0,1,0,0,0,1,0,0,0,0
174,53,85,7.87,18.45,34.11,2503.89,3,0,0,1,0,0,1,0,0,1,0,0,0,1,0,0,0,0
92,62,59,5.91,21.56,52.57,588.8,3,0,0,1,0,0,1,0,0,1,0,0,0,1,0,0,0,0
50,22,36,6.36,24.14,87.62,912.76,3,0,0,1,0,0,1,0,0,1,0,0,0,1,0,0,0,0
139,15,55,7.28,37.88,51.76,1723.38,3,0,0,1,0,0,1,0,0,1,0,0,0,1,0,0,0,0
35,51,27,6.33,20.02,43.5,1297.27,3,0,0,1,0,0,1,0,0,1,0,0,0,1,0,0,0,0
117,49,124,5.48,37.69,59.41,2785.02,3,0,0,1,0,0,1,0,0,1,0,0,0,1,0,0,0,0
33,36,92,6.94,21.1,33.34,644.07,3,0,0,1,0,0,1,0,0,1,0,0,0,1,0,0,0,0
41,90,100,5.45,20.8,58.49,1534.58,3,0,0,1,0,0,1,0,0,1,0,0,0,1,0,0,0,0
88,51,92,7.75,12.48,79.36,1806.93,3,0,0,1,0,0,1,0,0,1,0,0,0,1,0,0,0,0
141,44,20,7.22,22.73,59.74,2095.46,3,0,0,1,0,0,1,0,0,1,0,0,0,1,0,0,0,0
115,56,29,6.86,24.39,71.19,1472.0,3,0,0,1,0,0,1,0,0,1,0,0,0,1,0,0,0,0
145,86,76,6.9,16.73,55.67,361.75,3,0,0,1,0,0,1,0,0,1,0,0,0,1,0,0,0,0
171,71,115,5.72,17.93,54.46,2184.62,3,0,0,1,0,0,1,0,0,1,0,0,0,1,0,0,0,0
104,69,84,7.67,19.23,37.15,1453.87,3,0,0,1,0,0,1,0,0,1,0,0,0,1,0,0,0,0
148,17,83,7.82,26.1,80.61,680.94,3,0,0,1,0,0,1,0,0,1,0,0,0,1,0,0,0,0
109,29,72,5.35,15.79,73.55,1960.54,3,0,0,1,0,0,1,0,0,1,0,0,0,1,0,0,0,0
141,19,136,7.6,33.7,32.19,2421.49,3,0,0,1,0,0,1,0,0,1,0,0,0,1,0,0,0,0
54,97,106,7.98,35.23,34.09,943.22,3,0,0,1,0,0,1,0,0,1,0,0,0,1,0,0,0,0
152,21,87,5.42,19.65,57.78,2315.99,3,0,0,1,0,0,1,0,0,1,0,0,0,1,0,0,0,0
31,58,31,7.29,28.88,76.9,2384.02,3,0,0,1,0,0,0,1,0,1,0,0,0,1,0,0,0,0
168,31,42,7.18,23.33,79.24,2157.5,3,0,0,1,0,0,0,1,0,1,0,0,0,1,0,0,0,0
71,79,71,7.36,28.98,51.63,431.86,3,0,0,1,0,0,0,1,0,1,0,0,0,1,0,0,0,0
59,70,149,5.22,34.85,32.58,476.83,3,0,0,1,0,0,0,1,0,1,0,0,0,1,0,0,0,0
129,85,106,5.05,32.54,56.21,1845.86,3,0,0,1,0,0,0,1,0,1,0,0,0,1,0,0,0,0
148,64,35,8.15,21.94,60.02,2000.39,3,0,0,1,0,0,0,1,0,1,0,0,0,1,0,0,0,0
66,25,45,7.72,35.48,75.7,2122.26,3,0,0,1,0,0,0,1,0,1,0,0,0,1,0,0,0,0
131,27,29,5.49,35.92,59.68,2689.78,3,0,0,1,0,0,0,1,0,1,0,0,0,1,0,0,0,0
166,64,79,6.59,22.84,59.36,1670.33,3,0,0,1,0,0,0,1,0,1,0,0,0,1,0,0,0,0
137,42,102,5.05,39.24,81.63,2526.57,3,0,0,1,0,0,0,1,0,1,0,0,0,1,0,0,0,0
88,36,99,5.31,12.35,57.62,1272.43,3,0,0,1,0,0,0,1,0,1,0,0,0,1,0,0,0,0
51,72,117,6.43,36.74,70.21,1664.4,3,0,0,1,0,0,0,1,0,1,0,0,0,1,0,0,0,0
136,99,32,6.41,10.01,88.58,2374.81,3,0,0,1,0,0,0,1,0,1,0,0,0,1,0,0,0,0
147,65,64,6.1,16.55,83.61,721.81,3,0,0,1,0,0,0,1,0,1,0,0,0,1,0,0,0,0
99,96,105,6.25,28.99,31.09,706.38,3,0,0,1,0,0,0,1,0,1,0,0,0,1,0,0,0,0
84,54,142,6.11,10.99,65.26,1332.6,3,0,0,1,0,0,0,1,0,1,0,0,0,1,0,0,0,0
35,18,40,6.78,35.5,55.04,2401.37,3,0,0,1,0,0,0,1,0,1,0,0,0,1,0,0,0,0
174,67,79,8.03,33.93,79.56,2396.73,3,0,0,1,0,0,0,1,0,1,0,0,0,1,0,0,0,0
169,91,135,6.83,27.02,58.31,706.8,3,0,0,1,0,0,0,1,0,1,0,0,0,1,0,0,0,0
169,54,128,7.68,31.55,36.56,1259.05,3,0,0,1,0,0,0,1,0,1,0,0,0,1,0,0,0,0
152,67,75,5.74,33.72,35.59,2322.63,3,0,0,1,0,0,0,1,0,1,0,0,0,1,0,0,0,0
177,43,78,6.93,11.34,71.9,625.55,3,0,0,1,0,0,0,1,0,1,0,0,0,1,0,0,0,0
154,50,108,5.71,29.95,83.96,2238.3,3,0,0,1,0,0,0,1,0,1,0,0,0,1,0,0,0,0
50,28,98,7.59,35.93,47.75,550.4,3,0,0,1,0,0,0,1,0,1,0,0,0,1,0,0,0,0
132,44,93,6.39,24.38,65.59,621.81,3,0,0,1,0,0,0,1,0,1,0,0,0,1,0,0,0,0
177,69,116,6.46,32.94,46.12,2142.0,3,0,0,1,0,0,0,1,0,1,0,0,0,1,0,0,0,0
67,18,66,5.65,33.94,40.61,564.12,3,0,0,1,1,0,0,0,0,0,1,0,0,1,0,0,0,0
157,30,92,5.9,18.17,39.16,718.46,3,0,0,1,1,0,0,0,0,0,1,0,0,1,0,0,0,0
173,22,22,5.82,35.34,46.85,649.6,3,0,0,1,1,0,0,0,0,0,1,0,0,1,0,0,0,0
45,77,74,7.3,15.83,63.74,2239.85,3,0,0,1,1,0,0,0,0,0,1,0,0,1,0,0,0,0
113,31,34,5.56,28.72,33.99,1677.97,3,0,0,1,1,0,0,0,0,0,1,0,0,1,0,0,0,0
36,51,23,5.73,24.17,75.56,539.26,3,0,0,1,1,0,0,0,0,0,1,0,0,1,0,0,0,0
36,25,138,6.25,11.87,52.58,2687.08,3,0,0,1,1,0,0,0,0,0,1,0,0,1,0,0,0,0
173,75,130,8.09,13.03,73.81,1546.12,3,0,0,1,1,0,0,0,0,0,1,0,0,1,0,0,0,0
61,98,26,7.05,17.11,73.18,2789.92,3,0,0,1,1,0,0,0,0,0,1,0,0,1,0,0,0,0
173,39,85,6.05,10.22,65.34,1839.01,3,0,0,1,1,0,0,0,0,0,1,0,0,1,0,0,0,0
68,42,120,7.81,34.5,84.15,836.72,3,0,0,1,1,0,0,0,0,0,1,0,0,1,0,0,0,0
76,24,130,5.44,24.38,65.65,2198.17,3,0,0,1,1,0,0,0,0,0,1,0,0,1,0,0,0,0
90,22,31,5.25,19.07,31.08,2273.33,3,0,0,1,1,0,0,0,0,0,1,0,0,1,0,0,0,0
77,67,32,6.42,36.33,89.53,995.53,3,0,0,1,1,0,0,0,0,0,1,0,0,1,0,0,0,0
36,42,93,5.04,10.1,66.09,2589.48,3,0,0,1,1,0,0,0,0,0,1,0,0,1,0,0,0,0
58,57,36,7.24,31.76,81.78,755.56,3,0,0,1,1,0,0,0,0,0,1,0,0,1,0,0,0,0
99,96,100,7.8,21.51,62.06,441.19,3,0,0,1,1,0,0,0,0,0,1,0,0,1,0,0,0,0
93,71,100,7.53,17.99,43.67,305.12,3,0,0,1,1,0,0,0,0,0,1,0,0,1,0,0,0,0
108,60,140,6.72,22.3,73.92,1672.71,3,0,0,1,1,0,0,0,0,0,1,0,0,1,0,0,0,0
132,45,53,6.05,23.64,42.18,897.69,3,0,0,1,1,0,0,0,0,0,1,0,0,1,0,0,0,0
98,98,49,8.01,27.95,62.02,2599.8,3,0,0,1,0,1,0,0,0,0,1,0,0,1,0,0,0,0
109,26,94,5.3,25.48,67.99,2374.86,3,0,0,1,0,1,0,0,0,0,1,0,0,1,0,0,0,0
94,82,39,6.17,37.31,32.34,1229.91,3,0,0,1,0,1,0,0,0,0,1,0,0,1,0,0,0,0
46,27,59,6.72,20.34,37.52,341.23,3,0,0,1,0,1,0,0,0,0,1,0,0,1,0,0,0,0
107,35,124,6.25,39.45,75.6,1829.09,3,0,0,1,0,1,0,0,0,0,1,0,0,1,0,0,0,0
97,60,66,7.36,24.97,85.47,1718.47,3,0,0,1,0,1,0,0,0,0,1,0,0,1,0,0,0,0
47,31,78,7.95,35.44,46.13,1817.83,3,0,0,1,0,1,0,0,0,0,1,0,0,1,0,0,0,0
127,63,112,7.81,16.43,59.76,1925.25,3,0,0,1,0,1,0,0,0,0,1,0,0,1,0,0,0,0
136,66,113,4.88,24.48,53.63,407.87,3,0,0,1,0,1,0,0,0,0,1,0,0,1,0,0,0,0
109,41,139,7.13,20.24,82.62,1306.56,3,0,0,1,0,1,0,0,0,0,1,0,0,1,0,0,0,0
114,83,24,5.97,12.17,46.61,353.97,3,0,0,1,0,1,0,0,0,0,1,0,0,1,0,0,0,0
168,23,81,6.82,31.4,84.7,2758.97,3,0,0,1,0,1,0,0,0,0,1,0,0,1,0,0,0,0
166,32,52,7.86,14.63,76.44,934.88,3,0,0,1,0,1,0,0,0,0,1,0,0,1,0,0,0,0
166,43,25,5.73,28.68,43.38,1966.25,3,0,0,1,0,1,0,0,0,0,1,0,0,1,0,0,0,0
127,78,104,4.86,26.63,31.49,403.74,3,0,0,1,0,1,0,0,0,0,1,0,0,1,0,0,0,0
41,43,50,7.65,14.33,59.49,1305.05,3,0,0,1,0,1,0,0,0,0,1,0,0,1,0,0,0,0
64,37,140,7.25,12.0,69.92,2772.29,3,0,0,1,0,1,0,0,0,0,1,0,0,1,0,0,0,0
69,35,125,7.41,14.78,50.5,1382.06,3,0,0,1,0,1,0,0,0,0,1,0,0,1,0,0,0,0
74,21,131,8.13,38.15,64.05,2498.2,3,0,0,1,0,1,0,0,0,0,1,0,0,1,0,0,0,0
64,23,79,7.38,30.35,82.56,1704.48,3,0,0,1,0,1,0,0,0,0,1,0,0,1,0,0,0,0
40,68,131,5.3,18.86,78.89,1237.8,3,0,0,1,0,1,0,0,0,0,1,0,0,1,0,0,0,0
117,81,22,6.6,21.01,65.79,1612.5,3,0,0,1,0,1,0,0,0,0,1,0,0,1,0,0,0,0
65,69,85,7.18,24.01,54.41,1074.17,3,0,0,1,0,1,0,0,0,0,1,0,0,1,0,0,0,0
31,66,90,6.77,34.71,75.62,2273.88,3,0,0,1,0,1,0,0,0,0,1,0,0,1,0,0,0,0
163,72,77,7.64,24.31,84.01,2250.64,3,0,0,1,0,1,0,0,0,0,1,0,0,1,0,0,0,0
75,80,137,8.2,34.23,81.32,2348.26,3,0,0,1,0,1,0,0,0,0,1,0,0,1,0,0,0,0
96,54,35,5.32,28.98,57.16,1326.07,3,0,0,1,0,1,0,0,0,0,1,0,0,1,0,0,0,0
136,68,24,6.27,18.06,42.21,1532.98,3,0,0,1,0,1,0,0,0,0,1,0,0,1,0,0,0,0
175,60,22,8.08,16.99,38.09,1821.65,3,0,0,1,0,1,0,0,0,0,1,0,0,1,0,0,0,0
134,65,75,6.95,25.11,33.12,1227.85,3,0,0,1,0,1,0,0,0,0,1,0,0,1,0,0,0,0
66,60,136,6.25,27.66,50.59,1419.39,3,0,0,1,0,1,0,0,0,0,1,0,0,1,0,0,0,0
93,24,95,7.56,13.98,64.49,2154.9,3,0,0,1,0,1,0,0,0,0,1,0,0,1,0,0,0,0
96,19,127,7.16,31.83,55.75,2472.06,3,0,0,1,0,1,0,0,0,0,1,0,0,1,0,0,0,0
139,78,135,5.69,30.3,69.57,960.21,3,0,0,1,0,1,0,0,0,0,1,0,0,1,0,0,0,0
81,41,29,8.06,13.73,55.74,1736.43,3,0,0,1,0,1,0,0,0,0,1,0,0,1,0,0,0,0
141,34,101,6.24,37.33,81.74,2309.46,3,0,0,1,0,1,0,0,0,0,1,0,0,1,0,0,0,0
97,50,107,5.67,11.56,34.56,1260.19,3,0,0,1,0,1,0,0,0,0,1,0,0,1,0,0,0,0
130,21,50,5.61,25.17,47.13,623.45,3,0,0,1,0,0,1,0,0,0,1,0,0,0,0,0,1,0
78,39,103,8.04,29.28,35.56,2392.58,3,0,0,1,0,0,1,0,0,0,1,0,0,0,0,0,1,0
174,97,47,5.11,23.96,67.98,2018.46,3,0,0,1,0,0,1,0,0,0,1,0,0,0,0,0,1,0
82,75,149,6.07,33.58,86.29,2764.82,3,0,0,1,0,0,1,0,0,0,1,0,0,0,0,0,1,0
106,18,115,7.95,34.26,69.6,2097.52,3,0,0,1,0,0,1,0,0,0,1,0,0,0,0,0,1,0
64,94,107,7.87,39.29,60.04,423.55,3,0,0,1,0,0,1,0,0,0,1,0,0,0,0,0,1,0
150,73,101,6.81,22.87,36.95,461.67,3,0,0,1,0,0,1,0,0,0,1,0,0,0,0,0,1,0
105,59,55,5.25,25.45,65.1,1070.29,3,0,0,1,0,0,1,0,0,0,1,0,0,0,0,0,1,0
63,23,104,6.51,31.32,80.84,326.1,3,0,0,1,0,0,1,0,0,0,1,0,0,0,0,0,1,0
108,94,128,7.76,30.87,70.31,2100.71,3,0,0,1,0,0,1,0,0,0,1,0,0,0,0,0,1,0
147,95,27,5.02,23.46,55.95,1133.67,3,0,0,1,0,0,1,0,0,0,1,0,0,0,0,0,1,0
53,42,37,7.04,19.49,62.87,1559.92,3,0,0,1,0,0,1,0,0,0,1,0,0,0,0,0,1,0
142,24,67,5.24,18.9,30.48,1865.8,3,0,0,1,0,0,1,0,0,0,1,0,0,0,0,0,1,0
88,86,129,5.79,20.28,53.92,412.82,3,0,0,1,0,0,1,0,0,0,1,0,0,0,0,0,1,0
44,50,145,6.54,10.28,59.96,2596.02,3,0,0,1,0,0,1,0,0,0,1,0,0,0,0,0,1,0
40,27,110,6.21,39.84,52.3,2732.62,3,0,0,1,0,0,1,0,0,0,1,0,0,0,0,0,1,0
148,87,82,6.65,39.89,52.04,2163.69,3,0,0,1,0,0,1,0,0,0,1,0,0,0,0,0,1,0
57,65,107,5.77,16.38,38.87,2660.16,3,0,0,1,0,0,1,0,0,0,1,0,0,0,0,0,1,0
109,53,69,7.08,35.44,35.82,346.08,3,0,0,1,0,0,1,0,0,0,1,0,0,0,0,0,1,0
48,77,124,7.01,15.95,70.76,2389.43,3,0,0,1,0,0,1,0,0,0,1,0,0,0,0,0,1,0
127,38,85,5.39,16.51,59.13,924.39,3,0,0,1,0,0,1,0,0,0,1,0,0,0,0,0,1,0
157,61,113,6.6,21.82,41.85,1976.05,3,0,0,1,0,0,1,0,0,0,1,0,0,0,0,0,1,0
104,27,141,6.2,12.6,88.08,861.2,3,0,0,1,0,0,1,0,0,0,1,0,0,0,0,0,1,0
107,75,75,7.02,26.53,48.53,980.15,3,0,0,1,0,0,1,0,0,0,1,0,0,0,0,0,1,0
135,38,98,5.1,35.19,62.27,1704.13,3,0,0,1,0,0,1,0,0,0,1,0,0,0,0,0,1,0
152,95,134,7.18,15.51,57.25,1597.73,3,0,0,1,0,0,1,0,0,0,1,0,0,0,0,0,1,0
55,44,35,6.69,18.22,56.18,1217.0,3,0,0,1,0,0,1,0,0,0,1,0,0,0,0,0,1,0
98,35,142,5.21,12.96,67.21,1157.49,3,0,0,1,0,0,1,0,0,0,1,0,0,0,0,0,1,0
95,54,127,5.1,20.88,43.13,1893.67,3,0,0,1,0,0,1,0,0,0,1,0,0,0,0,0,1,0
72,64,139,5.37,19.1,40.27,2111.13,3,0,0,1,0,0,1,0,0,0,1,0,0,0,0,0,1,0
49,59,78,5.94,18.71,32.49,2329.85,3,0,0,1,0,0,0,1,0,0,1,0,0,1,0,0,0,0
119,58,101,6.31,18.1,68.05,2278.47,3,0,0,1,0,0,0,1,0,0,1,0,0,1,0,0,0,0
147,92,32,7.39,18.03,88.84,1896.35,3,0,0,1,0,0,0,1,0,0,1,0,0,1,0,0,0,0
108,68,112,8.17,31.46,64.02,654.44,3,0,0,1,0,0,0,1,0,0,1,0,0,1,0,0,0,0
117,67,88,7.42,18.98,56.82,1684.06,3,0,0,1,0,0,0,1,0,0,1,0,0,1,0,0,0,0
98,16,56,7.57,39.82,60.88,1596.63,3,0,0,1,0,0,0,1,0,0,1,0,0,1,0,0,0,0
140,97,45,6.45,14.33,44.18,2037.68,3,0,0,1,0,0,0,1,0,0,1,0,0,1,0,0,0,0
163,48,78,5.4,22.39,57.0,600.03,3,0,0,1,0,0,0,1,0,0,1,0,0,1,0,0,0,0
161,90,149,6.89,30.88,70.19,1806.2,3,0,0,1,0,0,0,1,0,0,1,0,0,1,0,0,0,0
150,88,104,7.5,20.72,74.42,2327.05,3,0,0,1,0,0,0,1,0,0,1,0,0,1,0,0,0,0
91,83,105,7.03,34.61,79.61,735.79,3,0,0,1,0,0,0,1,0,0,1,0,0,1,0,0,0,0
150,61,103,4.84,31.27,89.64,2229.35,3,0,0,1,0,0,0,1,0,0,1,0,0,1,0,0,0,0
100,33,102,7.42,10.0,86.68,2286.21,3,0,0,1,0,0,0,1,0,0,1,0,0,1,0,0,0,0
74,72,99,6.56,13.93,51.17,931.91,3,0,0,1,0,0,0,1,0,0,1,0,0,1,0,0,0,0
93,32,94,6.31,16.01,69.16,1322.61,3,0,0,1,0,0,0,1,0,0,1,0,0,1,0,0,0,0
51,68,141,7.76,13.6,89.88,1601.76,3,0,0,1,0,0,0,1,0,0,1,0,0,1,0,0,0,0
44,68,116,5.61,25.62,36.29,1015.98,3,0,0,1,0,0,0,1,0,0,1,0,0,1,0,0,0,0
76,82,74,5.33,31.97,84.38,1261.68,3,0,0,1,0,0,0,1,0,0,1,0,0,1,0,0,0,0
164,50,124,7.44,21.78,62.17,1820.83,3,0,0,1,0,0,0,1,0,0,1,0,0,1,0,0,0,0
99,94,51,8.03,26.82,65.07,1212.31,3,0,0,1,0,0,0,1,0,0,1,0,0,1,0,0,0,0
154,40,44,5.32,28.45,41.73,1056.2,3,0,0,1,0,0,0,1,0,0,1,0,0,1,0,0,0,0
91,53,98,5.33,34.89,33.6,1277.27,3,0,0,1,1,0,0,0,0,0,0,1,0,0,1,0,0,0
109,52,126,5.42,38.59,50.69,437.5,3,0,0,1,1,0,0,0,0,0,0,1,0,0,1,0,0,0
153,27,82,7.31,35.89,34.68,2494.88,3,0,0,1,1,0,0,0,0,0,0,1,0,0,1,0,0,0
161,78,35,6.72,39.75,57.88,384.11,3,0,0,1,1,0,0,0,0,0,0,1,0,0,1,0,0,0
79,43,24,5.14,15.94,30.16,1714.1,3,0,0,1,1,0,0,0,0,0,0,1,0,0,1,0,0,0
90,52,32,5.62,26.59,84.89,1592.15,3,0,0,1,1,0,0,0,0,0,0,1,0,0,1,0,0,0
105,59,59,5.96,28.97,41.2,1249.42,3,0,0,1,1,0,0,0,0,0,0,1,0,0,1,0,0,0
130,16,28,7.12,39.03,87.55,2328.74,3,0,0,1,1,0,0,0,0,0,0,1,0,0,1,0,0,0
175,71,43,6.22,25.98,52.26,2116.22,3,0,0,1,1,0,0,0,0,0,0,1,0,0,1,0,0,0
168,98,122,4.9,20.44,51.9,2044.71,3,0,0,1,1,0,0,0,0,0,0,1,0,0,1,0,0,0
107,27,71,6.12,30.86,39.23,783.34,3,0,0,1,1,0,0,0,0,0,0,1,0,0,1,0,0,0
152,98,37,7.18,13.03,48.75,1573.2,3,0,0,1,1,0,0,0,0,0,0,1,0,0,1,0,0,0
136,46,32,7.73,27.98,66.8,1101.54,3,0,0,1,1,0,0,0,0,0,0,1,0,0,1,0,0,0
106,77,78,5.11,31.18,72.15,1345.99,3,0,0,1,1,0,0,0,0,0,0,1,0,0,1,0,0,0
165,68,106,4.82,13.54,84.19,2172.15,3,0,0,1,1,0,0,0,0,0,0,1,0,0,1,0,0,0
62,31,103,8.19,16.21,45.23,476.74,3,0,0,1,1,0,0,0,0,0,0,1,0,0,1,0,0,0
160,43,134,6.42,33.11,71.05,445.88,3,0,0,1,1,0,0,0,0,0,0,1,0,0,1,0,0,0
35,32,82,4.96,21.28,80.55,2602.19,3,0,0,1,0,1,0,0,0,0,0,1,0,0,1,0,0,0
93,89,135,7.96,17.46,88.71,2187.4,3,0,0,1,0,1,0,0,0,0,0,1,0,0,1,0,0,0
101,86,36,6.6,34.0,69.33,472.13,3,0,0,1,0,1,0,0,0,0,0,1,0,0,1,0,0,0
55,42,31,6.99,34.19,43.41,2115.94,3,0,0,1,0,1,0,0,0,0,0,1,0,0,1,0,0,0
71,47,114,7.58,33.84,84.98,2594.15,3,0,0,1,0,1,0,0,0,0,0,1,0,0,1,0,0,0
58,35,60,6.78,13.84,69.42,1983.29,3,0,0,1,0,1,0,0,0,0,0,1,0,0,1,0,0,0
67,70,128,7.53,36.69,58.83,746.68,3,0,0,1,0,1,0,0,0,0,0,1,0,0,1,0,0,0
156,69,23,5.66,39.56,49.71,1499.08,3,0,0,1,0,1,0,0,0,0,0,1,0,0,1,0,0,0
173,51,129,5.0,23.53,64.15,2650.13,3,0,0,1,0,1,0,0,0,0,0,1,0,0,1,0,0,0
59,91,38,7.89,21.22,56.87,2458.28,3,0,0,1,0,1,0,0,0,0,0,1,0,0,1,0,0,0
78,81,79,7.96,22.4,82.31,1828.3,3,0,0,1,0,1,0,0,0,0,0,1,0,0,1,0,0,0
137,97,135,5.72,16.15,69.71,1946.82,3,0,0,1,0,1,0,0,0,0,0,1,0,0,1,0,0,0
63,68,141,6.11,20.88,72.65,1262.3,3,0,0,1,0,1,0,0,0,0,0,1,0,0,1,0,0,0
142,52,58,6.6,23.46,71.91,2361.13,3,0,0,1,0,1,0,0,0,0,0,1,0,0,1,0,0,0
43,22,55,5.67,12.82,30.5,2554.9,3,0,0,1,0,1,0,0,0,0,0,1,0,0,1,0,0,0
161,96,112,7.59,22.78,85.9,2121.2,3,0,0,1,0,1,0,0,0,0,0,1,0,0,1,0,0,0
71,87,73,4.92,39.67,63.85,2470.3,3,0,0,1,0,1,0,0,0,0,0,1,0,0,1,0,0,0
55,15,140,6.91,11.24,85.83,1180.23,3,0,0,1,0,1,0,0,0,0,0,1,0,0,1,0,0,0
47,29,37,5.2,19.67,70.11,2045.72,3,0,0,1,0,1,0,0,0,0,0,1,0,0,1,0,0,0
144,67,105,5.4,37.1,68.31,2497.7,3,0,0,1,0,1,0,0,0,0,0,1,0,0,1,0,0,0
155,73,37,7.12,23.94,69.89,378.03,3,0,0,1,0,1,0,0,0,0,0,1,0,0,1,0,0,0
121,53,121,6.74,23.7,59.7,1828.35,3,0,0,1,0,1,0,0,0,0,0,1,0,0,1,0,0,0
163,16,141,5.88,26.85,31.9,1918.29,3,0,0,1,0,1,0,0,0,0,0,1,0,0,1,0,0,0
76,38,122,4.84,29.2,58.28,424.04,3,0,0,1,0,1,0,0,0,0,0,1,0,0,1,0,0,0
112,55,41,6.03,39.6,44.47,1171.26,3,0,0,1,0,1,0,0,0,0,0,1,0,0,1,0,0,0
101,63,34,7.08,37.01,69.3,1491.37,3,0,0,1,0,1,0,0,0,0,0,1,0,0,1,0,0,0
170,84,39,7.4,30.76,36.79,1637.33,3,0,0,1,0,1,0,0,0,0,0,1,0,0,1,0,0,0
31,43,97,7.0,39.12,69.73,1494.35,3,0,0,1,0,1,0,0,0,0,0,1,0,0,1,0,0,0
173,91,63,7.29,18.87,85.01,1593.57,3,0,0,1,0,1,0,0,0,0,0,1,0,0,1,0,0,0
69,62,108,7.0,27.95,55.4,1092.28,3,0,0,1,0,1,0,0,0,0,0,1,0,0,1,0,0,0
149,22,134,6.86,23.66,56.29,1391.23,3,0,0,1,0,1,0,0,0,0,0,1,0,0,1,0,0,0
179,75,35,6.19,39.13,61.99,1940.2,3,0,0,1,0,1,0,0,0,0,0,1,0,0,1,0,0,0
114,77,120,4.83,24.11,41.46,642.71,3,0,0,1,0,1,0,0,0,0,0,1,0,0,1,0,0,0
101,64,58,7.52,16.49,58.86,1132.3,3,0,0,1,0,0,1,0,0,0,0,1,0,0,0,0,0,1
107,16,100,7.76,27.36,39.18,1422.99,3,0,0,1,0,0,1,0,0,0,0,1,0,0,0,0,0,1
101,61,92,7.08,34.21,69.5,2546.02,3,0,0,1,0,0,1,0,0,0,0,1,0,0,0,0,0,1
132,60,117,7.26,32.23,79.3,2206.4,3,0,0,1,0,0,1,0,0,0,0,1,0,0,0,0,0,1
33,61,105,5.71,30.64,74.5,2657.91,3,0,0,1,0,0,1,0,0,0,0,1,0,0,0,0,0,1
52,52,48,5.21,28.2,65.06,2796.97,3,0,0,1,0,0,1,0,0,0,0,1,0,0,0,0,0,1
120,39,132,5.52,18.03,49.09,1246.05,3,0,0,1,0,0,1,0,0,0,0,1,0,0,0,0,0,1
138,32,74,5.76,11.5,89.39,1448.06,3,0,0,1,0,0,1,0,0,0,0,1,0,0,0,0,0,1
86,86,34,5.65,18.68,62.9,1282.42,3,0,0,1,0,0,1,0,0,0,0,1,0,0,0,0,0,1
66,59,95,7.45,29.51,74.59,1478.85,3,0,0,1,0,0,1,0,0,0,0,1,0,0,0,0,0,1
44,76,106,6.51,14.16,76.01,2162.56,3,0,0,1,0,0,1,0,0,0,0,1,0,0,0,0,0,1
86,18,77,5.68,28.98,65.53,1693.19,3,0,0,1,0,0,1,0,0,0,0,1,0,0,0,0,0,1
163,65,144,6.65,26.6,38.58,1586.19,3,0,0,1,0,0,1,0,0,0,0,1,0,0,0,0,0,1
55,62,41,4.95,14.01,69.14,2477.83,3,0,0,1,0,0,1,0,0,0,0,1,0,0,0,0,0,1
160,45,32,7.75,28.15,59.61,809.47,3,0,0,1,0,0,1,0,0,0,0,1,0,0,0,0,0,1
119,68,42,5.84,18.35,79.13,2765.47,3,0,0,1,0,0,1,0,0,0,0,1,0,0,0,0,0,1
81,32,20,5.09,25.67,78.3,2501.32,3,0,0,1,0,0,1,0,0,0,0,1,0,0,0,0,0,1
121,38,114,6.51,17.88,70.6,1502.98,3,0,0,1,0,0,1,0,0,0,0,1,0,0,0,0,0,1
44,31,47,5.15,21.97,87.38,472.61,3,0,0,1,0,0,1,0,0,0,0,1,0,0,0,0,0,1
34,51,120,5.84,18.97,85.16,1030.23,3,0,0,1,0,0,1,0,0,0,0,1,0,0,0,0,0,1
168,60,104,5.41,36.01,62.46,1764.81,3,0,0,1,0,0,1,0,0,0,0,1,0,0,0,0,0,1
81,48,56,7.78,18.24,31.18,1016.58,3,0,0,1,0,0,1,0,0,0,0,1,0,0,0,0,0,1
63,30,21,6.68,24.25,32.22,1977.92,3,0,0,1,0,0,1,0,0,0,0,1,0,0,0,0,0,1
119,57,31,6.62,15.69,59.25,2168.89,3,0,0,1,0,0,1,0,0,0,0,1,0,0,0,0,0,1
175,19,132,6.9,34.49,31.17,2705.7,3,0,0,1,0,0,1,0,0,0,0,1,0,0,0,0,0,1
51,74,114,7.11,37.73,37.26,847.89,3,0,0,1,0,0,1,0,0,0,0,1,0,0,0,0,0,1
67,31,142,5.33,39.51,45.92,2012.35,3,0,0,1,0,0,1,0,0,0,0,1,0,0,0,0,0,1
123,26,142,6.92,27.58,77.96,2084.46,3,0,0,1,0,0,1,0,0,0,0,1,0,0,0,0,0,1
108,73,73,7.96,26.67,63.46,686.83,3,0,0,1,0,0,1,0,0,0,0,1,0,0,0,0,0,1
84,42,99,7.86,24.56,61.94,502.5,3,0,0,1,0,0,1,0,0,0,0,1,0,0,0,0,0,1
119,45,30,7.52,12.16,73.78,845.69,3,0,0,1,0,0,0,1,0,0,0,1,0,1,0,0,0,0
143,38,53,7.12,19.84,57.92,999.29,3,0,0,1,0,0,0,1,0,0,0,1,0,1,0,0,0,0
75,38,95,6.21,38.07,66.6,682.97,3,0,0,1,0,0,0,1,0,0,0,1,0,1,0,0,0,0
176,90,115,4.87,29.77,52.05,394.97,3,0,0,1,0,0,0,1,0,0,0,1,0,1,0,0,0,0
92,57,53,7.65,10.46,85.39,2156.0,3,0,0,1,0,0,0,1,0,0,0,1,0,1,0,0,0,0
153,28,132,6.89,35.15,75.58,353.98,3,0,0,1,0,0,0,1,0,0,0,1,0,1,0,0,0,0
68,58,119,7.71,37.47,33.2,357.39,3,0,0,1,0,0,0,1,0,0,0,1,0,1,0,0,0,0
103,94,31,5.3,39.26,44.96,1395.49,3,0,0,1,0,0,0,1,0,0,0,1,0,1,0,0,0,0
122,24,26,6.86,11.87,72.04,1945.06,3,0,0,1,0,0,0,1,0,0,0,1,0,1,0,0,0,0
145,81,47,5.07,39.02,52.18,1340.6,3,0,0,1,0,0,0,1,0,0,0,1,0,1,0,0,0,0
88,28,102,6.11,29.07,89.58,1197.08,3,0,0,1,0,0,0,1,0,0,0,1,0,1,0,0,0,0
113,87,35,5.29,16.79,81.37,2617.15,3,0,0,1,0,0,0,1,0,0,0,1,0,1,0,0,0,0
89,17,131,4.99,35.1,72.17,656.21,3,0,0,1,0,0,0,1,0,0,0,1,0,1,0,0,0,0
126,31,86,8.09,26.27,61.12,1608.26,3,0,0,1,0,0,0,1,0,0,0,1,0,1,0,0,0,0
158,88,63,7.73,11.99,48.52,448.03,3,0,0,1,0,0,0,1,0,0,0,1,0,1,0,0,0,0
82,46,122,5.15,31.96,43.6,1628.61,3,0,0,1,0,0,0,1,0,0,0,1,0,1,0,0,0,0
77,77,82,8.09,23.15,85.22,2059.38,3,0,0,1,0,0,0,1,0,0,0,1,0,1,0,0,0,0
162,21,38,5.9,17.78,44.22,848.11,3,0,0,1,0,0,0,1,0,0,0,1,0,1,0,0,0,0
32,55,45,5.71,34.44,89.01,664.01,3,0,0,1,0,0,0,1,0,0,0,1,0,1,0,0,0,0
132,55,20,5.56,15.51,30.79,2627.63,3,0,0,1,0,0,0,1,0,0,0,1,0,1,0,0,0,0
78,99,62,6.97,34.47,58.48,1735.28,3,0,0,1,0,0,0,1,0,0,0,1,0,1,0,0,0,0
98,43,29,6.5,35.85,36.26,2446.09,3,0,0,1,0,0,0,1,0,0,0,1,0,1,0,0,0,0
131,55,65,6.0,37.59,52.9,2016.31,3,0,0,1,0,0,0,1,0,0,0,1,0,1,0,0,0,0
167,52,51,8.17,27.64,59.7,1506.56,3,0,0,1,0,0,0,1,0,0,0,1,0,1,0,0,0,0
129,15,57,6.53,11.12,75.77,957.32,3,0,0,1,0,0,0,1,0,0,0,1,0,1,0,0,0,0
136,37,114,6.95,23.52,84.1,1959.79,3,0,0,1,0,0,0,1,0,0,0,1,0,1,0,0,0,0
154,98,75,6.14,11.21,42.87,855.75,3,0,0,1,0,0,0,1,0,0,0,1,0,1,0,0,0,0
142,48,28,6.25,14.66,34.06,2780.0,3,0,0,1,1,0,0,0,0,0,0,0,1,0,1,0,0,0
138,35,131,6.71,10.01,79.71,2333.63,3,0,0,1,1,0,0,0,0,0,0,0,1,0,1,0,0,0
173,66,69,6.1,33.29,75.63,2191.56,3,0,0,1,1,0,0,0,0,0,0,0,1,0,1,0,0,0
48,47,39,5.24,26.22,49.46,1212.83,3,0,0,1,1,0,0,0,0,0,0,0,1,0,1,0,0,0
103,21,93,7.37,15.66,36.18,689.32,3,0,0,1,1,0,0,0,0,0,0,0,1,0,1,0,0,0
49,82,33,6.36,32.87,43.73,560.42,3,0,0,1,1,0,0,0,0,0,0,0,1,0,1,0,0,0
39,32,102,6.12,33.69,59.63,2374.02,3,0,0,1,1,0,0,0,0,0,0,0,1,0,1,0,0,0
36,49,54,6.9,12.05,57.52,915.22,3,0,0,1,1,0,0,0,0,0,0,0,1,0,1,0,0,0
147,42,68,5.65,14.82,43.41,1284.89,3,0,0,1,1,0,0,0,0,0,0,0,1,0,1,0,0,0
117,43,77,5.15,20.65,80.52,2357.1,3,0,0,1,1,0,0,0,0,0,0,0,1,0,1,0,0,0
142,83,62,7.28,31.19,67.86,2488.14,3,0,0,1,1,0,0,0,0,0,0,0,1,0,1,0,0,0
88,64,58,7.07,36.83,32.84,2062.11,3,0,0,1,1,0,0,0,0,0,0,0,1,0,1,0,0,0
113,38,108,6.6,18.0,84.02,498.82,3,0,0,1,1,0,0,0,0,0,0,0,1,0,1,0,0,0
139,76,118,6.89,19.47,64.49,2531.33,3,0,0,1,1,0,0,0,0,0,0,0,1,0,1,0,0,0
150,79,84,5.1,36.98,31.38,1525.26,3,0,0,1,1,0,0,0,0,0,0,0,1,0,1,0,0,0
136,97,62,8.0,36.84,62.76,990.7,3,0,0,1,1,0,0,0,0,0,0,0,1,0,1,0,0,0
138,50,48,4.82,28.21,78.38,1630.44,3,0,0,1,1,0,0,0,0,0,0,0,1,0,1,0,0,0
99,87,71,5.86,35.11,70.45,2240.99,3,0,0,1,1,0,0,0,0,0,0,0,1,0,1,0,0,0
114,65,89,5.5,33.93,31.02,2617.88,3,0,0,1,1,0,0,0,0,0,0,0,1,0,1,0,0,0
59,20,70,5.84,38.98,80.27,2638.74,3,0,0,1,1,0,0,0,0,0,0,0,1,0,1,0,0,0
73,26,129,5.88,24.14,74.0,1154.27,3,0,0,1,1,0,0,0,0,0,0,0,1,0,1,0,0,0
176,32,72,6.11,32.43,45.67,1911.33,3,0,0,1,1,0,0,0,0,0,0,0,1,0,1,0,0,0
166,45,30,6.4,38.53,75.8,1645.3,3,0,0,1,1,0,0,0,0,0,0,0,1,0,1,0,0,0
49,43,59,6.96,17.52,41.55,554.72,3,0,0,1,1,0,0,0,0,0,0,0,1,0,1,0,0,0
139,88,122,6.81,38.65,56.66,2200.65,3,0,0,1,1,0,0,0,0,0,0,0,1,0,1,0,0,0
76,31,78,7.48,33.54,45.57,2415.87,3,0,0,1,1,0,0,0,0,0,0,0,1,0,1,0,0,0
170,17,96,7.2,11.77,89.49,2649.73,3,0,0,1,1,0,0,0,0,0,0,0,1,0,1,0,0,0
131,37,74,6.37,20.83,73.33,2680.17,3,0,0,1,1,0,0,0,0,0,0,0,1,0,1,0,0,0
84,63,26,5.13,36.74,36.68,2304.07,3,0,0,1,1,0,0,0,0,0,0,0,1,0,1,0,0,0
100,52,60,7.04,24.04,36.72,2776.35,3,0,0,1,1,0,0,0,0,0,0,0,1,0,1,0,0,0
125,20,143,6.41,23.55,80.34,1699.11,3,0,0,1,1,0,0,0,0,0,0,0,1,0,1,0,0,0
85,35,39,5.7,10.22,88.46,2253.15,3,0,0,1,1,0,0,0,0,0,0,0,1,0,1,0,0,0
175,29,88,5.85,11.71,89.69,1104.92,3,0,0,1,0,1,0,0,0,0,0,0,1,0,1,0,0,0
30,40,100,5.2,12.84,89.09,1753.42,3,0,0,1,0,1,0,0,0,0,0,0,1,0,1,0,0,0
162,42,54,6.68,34.01,82.47,523.56,3,0,0,1,0,1,0,0,0,0,0,0,1,0,1,0,0,0
39,28,143,6.56,10.82,59.09,1406.72,3,0,0,1,0,1,0,0,0,0,0,0,1,0,1,0,0,0
154,60,117,5.92,16.27,49.24,794.44,3,0,0,1,0,1,0,0,0,0,0,0,1,0,1,0,0,0
34,38,99,6.91,12.15,69.4,1531.14,3,0,0,1,0,1,0,0,0,0,0,0,1,0,1,0,0,0
143,53,69,5.16,33.79,52.93,1242.15,3,0,0,1,0,1,0,0,0,0,0,0,1,0,1,0,0,0
173,63,95,6.73,15.9,50.2,2010.32,3,0,0,1,0,1,0,0,0,0,0,0,1,0,1,0,0,0
168,85,112,6.94,13.4,82.81,2580.56,3,0,0,1,0,1,0,0,0,0,0,0,1,0,1,0,0,0
110,35,21,6.72,38.89,62.26,1503.2,3,0,0,1,0,1,0,0,0,0,0,0,1,0,1,0,0,0
64,49,137,5.7,10.13,36.92,1775.23,3,0,0,1,0,1,0,0,0,0,0,0,1,0,1,0,0,0
100,98,91,6.54,23.58,64.71,1373.96,3,0,0,1,0,1,0,0,0,0,0,0,1,0,1,0,0,0
140,49,81,8.08,14.04,61.46,437.55,3,0,0,1,0,1,0,0,0,0,0,0,1,0,1,0,0,0
118,51,71,6.92,38.63,74.97,1926.44,3,0,0,1,0,1,0,0,0,0,0,0,1,0,1,0,0,0
113,28,133,7.42,33.52,60.54,2112.44,3,0,0,1,0,1,0,0,0,0,0,0,1,0,1,0,0,0
54,49,66,5.58,17.89,36.5,1988.86,3,0,0,1,0,1,0,0,0,0,0,0,1,0,1,0,0,0
99,79,75,6.82,37.61,45.6,1212.4,3,0,0,1,0,1,0,0,0,0,0,0,1,0,1,0,0,0
64,53,47,8.19,10.36,33.95,1990.7,3,0,0,1,0,1,0,0,0,0,0,0,1,0,1,0,0,0
177,50,146,8.13,38.44,57.19,2053.74,3,0,0,1,0,1,0,0,0,0,0,0,1,0,1,0,0,0
135,62,70,6.37,24.88,74.72,1794.03,3,0,0,1,0,1,0,0,0,0,0,0,1,0,1,0,0,0
86,92,74,7.9,25.89,39.33,1999.93,3,0,0,1,0,1,0,0,0,0,0,0,1,0,1,0,0,0
69,17,108,6.41,21.38,74.99,2725.57,3,0,0,1,0,1,0,0,0,0,0,0,1,0,1,0,0,0
167,50,118,5.87,30.99,74.29,2386.42,3,0,0,1,0,1,0,0,0,0,0,0,1,0,1,0,0,0
30,87,134,7.36,32.9,39.57,2575.76,3,0,0,1,0,1,0,0,0,0,0,0,1,0,1,0,0,0
50,44,50,6.89,11.81,34.55,544.5,3,0,0,1,0,1,0,0,0,0,0,0,1,0,1,0,0,0
38,76,31,8.07,23.64,39.65,542.03,3,0,0,1,0,1,0,0,0,0,0,0,1,0,1,0,0,0
103,22,62,6.33,25.05,58.84,1417.07,3,0,0,1,0,1,0,0,0,0,0,0,1,0,1,0,0,0
128,48,143,5.39,15.16,32.34,1531.69,3,0,0,1,0,1,0,0,0,0,0,0,1,0,1,0,0,0
96,51,68,7.67,17.7,50.79,2161.93,3,0,0,1,0,1,0,0,0,0,0,0,1,0,1,0,0,0
36,74,129,7.58,16.42,59.9,1670.51,3,0,0,1,0,1,0,0,0,0,0,0,1,0,1,0,0,0
97,86,42,4.89,32.28,78.39,815.85,3,0,0,1,0,1,0,0,0,0,0,0,1,0,1,0,0,0
82,21,131,7.08,29.58,32.05,1280.08,3,0,0,1,0,0,1,0,0,0,0,0,1,0,0,0,1,0
125,89,81,7.63,18.23,57.37,2361.2,3,0,0,1,0,0,1,0,0,0,0,0,1,0,0,0,1,0
133,52,130,4.93,37.41,55.87,543.14,3,0,0,1,0,0,1,0,0,0,0,0,1,0,0,0,1,0
138,18,80,5.79,13.02,56.0,1120.29,3,0,0,1,0,0,1,0,0,0,0,0,1,0,0,0,1,0
44,90,105,5.67,28.67,61.19,2396.35,3,0,0,1,0,0,1,0,0,0,0,0,1,0,0,0,1,0
113,58,96,7.38,19.25,58.35,1544.7,3,0,0,1,0,0,1,0,0,0,0,0,1,0,0,0,1,0
106,64,62,5.62,14.52,39.33,2435.83,3,0,0,1,0,0,1,0,0,0,0,0,1,0,0,0,1,0
77,41,120,5.39,22.18,75.61,2757.58,3,0,0,1,0,0,1,0,0,0,0,0,1,0,0,0,1,0
156,95,90,6.89,35.88,84.5,2743.44,3,0,0,1,0,0,1,0,0,0,0,0,1,0,0,0,1,0
138,36,130,5.44,26.28,30.96,2379.99,3,0,0,1,0,0,1,0,0,0,0,0,1,0,0,0,1,0
146,71,102,5.37,27.24,84.16,698.93,3,0,0,1,0,0,1,0,0,0,0,0,1,0,0,0,1,0
129,86,122,6.6,15.35,55.33,1983.57,3,0,0,1,0,0,1,0,0,0,0,0,1,0,0,0,1,0
117,28,114,7.93,22.96,33.99,2067.46,3,0,0,1,0,0,1,0,0,0,0,0,1,0,0,0,1,0
169,32,147,5.54,23.92,89.83,1080.41,3,0,0,1,0,0,1,0,0,0,0,0,1,0,0,0,1,0
166,52,81,7.42,16.0,62.99,2014.76,3,0,0,1,0,0,1,0,0,0,0,0,1,0,0,0,1,0
168,45,99,7.0,36.94,75.48,1147.34,3,0,0,1,0,0,1,0,0,0,0,0,1,0,0,0,1,0
106,86,27,5.99,37.72,51.86,372.09,3,0,0,1,0,0,1,0,0,0,0,0,1,0,0,0,1,0
72,76,93,7.3,27.25,73.28,1539.3,3,0,0,1,0,0,1,0,0,0,0,0,1,0,0,0,1,0
80,27,149,6.62,31.81,42.07,1424.22,3,0,0,1,0,0,1,0,0,0,0,0,1,0,0,0,1,0
52,24,24,8.05,34.34,38.93,2594.54,3,0,0,1,0,0,1,0,0,0,0,0,1,0,0,0,1,0
176,84,130,6.34,30.61,37.86,697.12,3,0,0,1,0,0,1,0,0,0,0,0,1,0,0,0,1,0
33,76,72,5.4,10.42,59.14,1473.49,3,0,0,1,0,0,1,0,0,0,0,0,1,0,0,0,1,0
132,60,27,5.61,25.33,65.06,596.89,3,0,0,1,0,0,1,0,0,0,0,0,1,0,0,0,1,0
57,95,43,7.65,29.59,61.71,1641.12,3,0,0,1,0,0,1,0,0,0,0,0,1,0,0,0,1,0
118,28,144,5.48,11.76,78.73,2513.96,3,0,0,1,0,0,1,0,0,0,0,0,1,0,0,0,1,0
47,46,123,8.01,20.78,36.63,2629.7,3,0,0,1,0,0,1,0,0,0,0,0,1,0,0,0,1,0
113,45,61,5.63,34.36,31.8,1012.4,3,0,0,1,0,0,0,1,0,0,0,0,1,1,0,0,0,0
55,22,33,6.94,22.76,43.19,710.73,3,0,0,1,0,0,0,1,0,0,0,0,1,1,0,0,0,0
99,17,78,7.96,27.56,30.53,1220.5,3,0,0,1,0,0,0,1,0,0,0,0,1,1,0,0,0,0
60,45,130,7.18,18.25,77.12,1785.12,3,0,0,1,0,0,0,1,0,0,0,0,1,1,0,0,0,0
115,92,123,6.74,31.05,53.28,787.94,3,0,0,1,0,0,0,1,0,0,0,0,1,1,0,0,0,0
140,87,87,7.54,15.4,85.38,1075.02,3,0,0,1,0,0,0,1,0,0,0,0,1,1,0,0,0,0
177,65,104,5.13,10.11,34.29,2107.4,3,0,0,1,0,0,0,1,0,0,0,0,1,1,0,0,0,0
37,30,56,4.89,15.28,71.91,922.39,3,0,0,1,0,0,0,1,0,0,0,0,1,1,0,0,0,0
120,53,108,6.3,16.17,61.62,2733.1,3,0,0,1,0,0,0,1,0,0,0,0,1,1,0,0,0,0
147,72,32,5.86,15.04,62.29,2579.53,3,0,0,1,0,0,0,1,0,0,0,0,1,1,0,0,0,0
139,66,75,7.31,19.96,77.56,450.1,3,0,0,1,0,0,0,1,0,0,0,0,1,1,0,0,0,0
175,50,77,8.08,10.46,55.63,1856.37,3,0,0,1,0,0,0,1,0,0,0,0,1,1,0,0,0,0
147,72,139,7.82,33.77,89.19,1524.69,3,0,0,1,0,0,0,1,0,0,0,0,1,1,0,0,0,0
173,99,109,7.85,32.41,80.97,1345.13,3,0,0,1,0,0,0,1,0,0,0,0,1,1,0,0,0,0
88,30,122,8.02,30.23,71.83,2229.5,3,0,0,1,0,0,0,1,0,0,0,0,1,1,0,0,0,0
129,31,109,7.72,14.61,56.52,1672.89,3,0,0,1,0,0,0,1,0,0,0,0,1,1,0,0,0,0
54,57,129,5.74,29.32,82.77,1035.14,3,0,0,1,0,0,0,1,0,0,0,0,1,1,0,0,0,0
113,65,61,5.07,30.54,36.24,1886.46,3,0,0,1,0,0,0,1,0,0,0,0,1,1,0,0,0,0
95,43,30,5.07,39.8,49.36,480.18,3,0,0,1,0,0,0,1,0,0,0,0,1,1,0,0,0,0
86,68,37,7.24,38.55,80.48,579.2,3,0,0,1,0,0,0,1,0,0,0,0,1,1,0,0,0,0
141,86,58,6.4,14.54,63.61,603.93,3,0,0,1,0,0,0,1,0,0,0,0,1,1,0,0,0,0
52,79,46,6.79,29.68,45.37,378.54,3,0,0,1,0,0,0,1,0,0,0,0,1,1,0,0,0,0
105,61,24,5.38,17.74,51.19,2592.38,4,1,0,0,1,0,0,0,1,0,0,0,0,0,1,0,0,0
112,74,115,7.39,16.05,52.03,2166.9,4,1,0,0,1,0,0,0,1,0,0,0,0,0,1,0,0,0
84,47,133,5.05,28.91,64.07,1151.28,4,1,0,0,1,0,0,0,1,0,0,0,0,0,1,0,0,0
149,74,26,7.31,28.58,57.22,2540.77,4,1,0,0,1,0,0,0,1,0,0,0,0,0,1,0,0,0
35,54,53,7.34,18.82,85.72,881.43,4,1,0,0,1,0,0,0,1,0,0,0,0,0,1,0,0,0
82,52,46,8.19,18.07,71.09,2360.17,4,1,0,0,1,0,0,0,1,0,0,0,0,0,1,0,0,0
64,20,92,6.81,10.99,45.69,1535.37,4,1,0,0,1,0,0,0,1,0,0,0,0,0,1,0,0,0
160,42,53,7.49,31.73,86.61,377.85,4,1,0,0,1,0,0,0,1,0,0,0,0,0,1,0,0,0
113,83,133,7.18,12.63,84.78,952.11,4,1,0,0,1,0,0,0,1,0,0,0,0,0,1,0,0,0
37,20,76,5.47,10.71,64.95,2773.44,4,1,0,0,1,0,0,0,1,0,0,0,0,0,1,0,0,0
139,42,58,6.19,10.44,79.57,2209.69,4,1,0,0,1,0,0,0,1,0,0,0,0,0,1,0,0,0
55,27,26,4.91,16.61,75.65,432.41,4,1,0,0,1,0,0,0,1,0,0,0,0,0,1,0,0,0
156,24,142,5.89,17.48,73.48,2681.05,4,1,0,0,1,0,0,0,1,0,0,0,0,0,1,0,0,0
127,62,56,6.18,37.59,54.21,1035.03,4,1,0,0,1,0,0,0,1,0,0,0,0,0,1,0,0,0
123,86,124,5.23,15.32,48.53,2382.09,4,1,0,0,1,0,0,0,1,0,0,0,0,0,1,0,0,0
55,93,117,5.9,20.65,86.62,1488.82,4,1,0,0,1,0,0,0,1,0,0,0,0,0,1,0,0,0
82,63,83,6.67,32.96,31.68,440.78,4,1,0,0,1,0,0,0,1,0,0,0,0,0,1,0,0,0
111,65,95,5.4,37.85,57.47,1488.74,4,1,0,0,1,0,0,0,1,0,0,0,0,0,1,0,0,0
44,24,85,5.72,33.54,74.64,2142.43,4,1,0,0,1,0,0,0,1,0,0,0,0,0,1,0,0,0
69,89,104,7.18,34.48,36.46,2744.44,4,1,0,0,1,0,0,0,1,0,0,0,0,0,1,0,0,0
173,64,56,8.03,14.43,39.37,646.75,4,1,0,0,1,0,0,0,1,0,0,0,0,0,1,0,0,0
126,51,57,4.94,32.56,45.54,2706.53,4,1,0,0,1,0,0,0,1,0,0,0,0,0,1,0,0,0
46,72,79,6.98,11.79,68.86,1087.1,4,1,0,0,1,0,0,0,1,0,0,0,0,0,1,0,0,0
63,52,24,4.99,14.76,78.86,961.09,4,1,0,0,1,0,0,0,1,0,0,0,0,0,1,0,0,0
86,40,52,7.47,18.68,67.89,2660.66,4,1,0,0,1,0,0,0,1,0,0,0,0,0,1,0,0,0
176,67,148,6.72,28.35,38.58,2440.75,4,1,0,0,1,0,0,0,1,0,0,0,0,0,1,0,0,0
53,18,64,4.88,39.99,53.76,1338.12,4,1,0,0,1,0,0,0,1,0,0,0,0,0,1,0,0,0
41,31,20,8.04,31.11,88.23,322.99,4,1,0,0,1,0,0,0,1,0,0,0,0,0,1,0,0,0
111,43,85,7.7,38.64,85.61,2650.11,4,1,0,0,1,0,0,0,1,0,0,0,0,0,1,0,0,0
113,65,32,5.73,27.99,36.38,2054.43,4,1,0,0,1,0,0,0,1,0,0,0,0,0,1,0,0,0
77,37,33,7.57,25.93,76.87,1666.87,4,1,0,0,0,1,0,0,1,0,0,0,0,1,0,0,0,0
149,26,23,6.47,27.49,70.14,951.17,4,1,0,0,0,1,0,0,1,0,0,0,0,1,0,0,0,0
56,93,46,4.82,30.64,71.99,446.5,4,1,0,0,0,1,0,0,1,0,0,0,0,1,0,0,0,0
102,15,67,7.16,36.03,46.72,2695.6,4,1,0,0,0,1,0,0,1,0,0,0,0,1,0,0,0,0
49,70,63,7.47,30.21,65.24,2416.59,4,1,0,0,0,1,0,0,1,0,0,0,0,1,0,0,0,0
88,78,25,6.03,20.89,64.26,1331.17,4,1,0,0,0,1,0,0,1,0,0,0,0,1,0,0,0,0
93,72,128,4.91,30.26,51.53,1513.54,4,1,0,0,0,1,0,0,1,0,0,0,0,1,0,0,0,0
94,98,37,8.0,25.09,39.06,1060.1,4,1,0,0,0,1,0,0,1,0,0,0,0,1,0,0,0,0
117,25,100,6.87,22.55,38.07,2011.65,4,1,0,0,0,1,0,0,1,0,0,0,0,1,0,0,0,0
162,58,113,5.41,22.08,85.68,1132.12,4,1,0,0,0,1,0,0,1,0,0,0,0,1,0,0,0,0
86,24,142,5.91,33.44,38.3,884.96,4,1,0,0,0,1,0,0,1,0,0,0,0,1,0,0,0,0
158,59,29,6.48,19.8,79.75,2618.21,4,1,0,0,0,1,0,0,1,0,0,0,0,1,0,0,0,0
178,55,36,7.43,24.75,83.92,771.22,4,1,0,0,0,1,0,0,1,0,0,0,0,1,0,0,0,0
94,72,35,8.1,17.62,37.04,580.58,4,1,0,0,0,1,0,0,1,0,0,0,0,1,0,0,0,0
119,23,44,7.52,19.2,33.55,2285.85,4,1,0,0,0,1,0,0,1,0,0,0,0,1,0,0,0,0
93,25,90,4.85,31.17,46.82,1638.65,4,1,0,0,0,1,0,0,1,0,0,0,0,1,0,0,0,0
54,99,120,4.92,31.27,53.94,2087.94,4,1,0,0,0,1,0,0,1,0,0,0,0,1,0,0,0,0
70,27,43,7.09,17.09,34.46,1852.51,4,1,0,0,0,1,0,0,1,0,0,0,0,1,0,0,0,0
34,69,125,6.57,13.82,34.23,1052.5,4,1,0,0,0,1,0,0,1,0,0,0,0,1,0,0,0,0
103,23,124,6.66,33.62,70.27,2267.27,4,1,0,0,0,1,0,0,1,0,0,0,0,1,0,0,0,0
88,91,126,7.77,20.18,62.56,686.55,4,1,0,0,0,1,0,0,1,0,0,0,0,1,0,0,0,0
38,74,87,5.98,25.99,44.05,1865.14,4,1,0,0,0,1,0,0,1,0,0,0,0,1,0,0,0,0
169,96,141,8.06,13.98,39.87,2156.99,4,1,0,0,0,1,0,0,1,0,0,0,0,1,0,0,0,0
154,94,22,6.58,34.5,82.48,1772.44,4,1,0,0,0,1,0,0,1,0,0,0,0,1,0,0,0,0
138,33,128,6.58,19.08,44.72,1945.08,4,1,0,0,0,1,0,0,1,0,0,0,0,1,0,0,0,0
58,63,30,8.17,12.78,30.96,935.95,4,1,0,0,0,1,0,0,1,0,0,0,0,1,0,0,0,0
83,43,71,7.11,11.9,48.01,1082.79,4,1,0,0,0,1,0,0,1,0,0,0,0,1,0,0,0,0
122,61,43,6.34,14.04,88.53,2116.83,4,1,0,0,0,1,0,0,1,0,0,0,0,1,0,0,0,0
166,70,125,6.15,34.53,36.65,2186.14,4,1,0,0,0,1,0,0,1,0,0,0,0,1,0,0,0,0
74,68,80,4.85,38.0,49.26,2459.86,4,1,0,0,0,1,0,0,1,0,0,0,0,1,0,0,0,0
174,70,74,6.56,19.77,54.51,2571.38,4,1,0,0,0,0,1,0,1,0,0,0,0,0,0,0,0,1
43,29,132,6.03,12.89,88.27,1784.08,4,1,0,0,0,0,1,0,1,0,0,0,0,0,0,0,0,1
89,32,131,6.59,22.78,31.9,1148.32,4,1,0,0,0,0,1,0,1,0,0,0,0,0,0,0,0,1
64,33,104,6.78,30.19,36.89,2055.55,4,1,0,0,0,0,1,0,1,0,0,0,0,0,0,0,0,1
149,19,30,6.39,10.28,75.53,1883.69,4,1,0,0,0,0,1,0,1,0,0,0,0,0,0,0,0,1
136,17,143,6.9,38.64,76.68,1506.58,4,1,0,0,0,0,1,0,1,0,0,0,0,0,0,0,0,1
96,59,74,5.02,14.14,31.17,2018.55,4,1,0,0,0,0,1,0,1,0,0,0,0,0,0,0,0,1
106,73,54,7.73,29.35,59.42,461.93,4,1,0,0,0,0,1,0,1,0,0,0,0,0,0,0,0,1
138,87,40,6.72,29.15,30.34,2312.02,4,1,0,0,0,0,1,0,1,0,0,0,0,0,0,0,0,1
157,79,22,7.12,15.84,51.89,2028.52,4,1,0,0,0,0,1,0,1,0,0,0,0,0,0,0,0,1
40,51,97,5.23,10.29,64.78,2106.62,4,1,0,0,0,0,1,0,1,0,0,0,0,0,0,0,0,1
138,65,36,6.35,27.91,31.79,2092.51,4,1,0,0,0,0,1,0,1,0,0,0,0,0,0,0,0,1
105,21,137,8.1,25.8,39.0,2152.34,4,1,0,0,0,0,1,0,1,0,0,0,0,0,0,0,0,1
69,91,129,7.28,12.88,56.99,1342.73,4,1,0,0,0,0,1,0,1,0,0,0,0,0,0,0,0,1
67,30,118,6.2,20.97,76.08,2520.01,4,1,0,0,0,0,1,0,1,0,0,0,0,0,0,0,0,1
127,70,74,6.41,22.2,38.77,979.23,4,1,0,0,0,0,1,0,1,0,0,0,0,0,0,0,0,1
74,82,51,6.89,27.95,44.72,436.04,4,1,0,0,0,0,1,0,1,0,0,0,0,0,0,0,0,1
44,15,114,6.3,26.34,62.76,1435.46,4,1,0,0,0,0,1,0,1,0,0,0,0,0,0,0,0,1
94,87,111,7.27,13.27,88.93,1428.97,4,1,0,0,0,0,1,0,1,0,0,0,0,0,0,0,0,1
83,34,124,7.33,25.85,46.59,1235.73,4,1,0,0,0,0,1,0,1,0,0,0,0,0,0,0,0,1
55,68,25,7.43,26.36,52.53,1805.3,4,1,0,0,0,0,1,0,1,0,0,0,0,0,0,0,0,1
90,98,100,7.56,23.43,47.98,1122.11,4,1,0,0,0,0,1,0,1,0,0,0,0,0,0,0,0,1
61,84,52,4.95,11.86,56.5,2272.94,4,1,0,0,0,0,1,0,1,0,0,0,0,0,0,0,0,1
31,59,99,6.14,23.11,69.9,2406.69,4,1,0,0,0,0,1,0,1,0,0,0,0,0,0,0,0,1
44,57,20,5.85,28.84,52.07,1108.74,4,1,0,0,0,0,0,1,1,0,0,0,0,1,0,0,0,0
81,15,69,6.14,13.24,82.74,601.79,4,1,0,0,0,0,0,1,1,0,0,0,0,1,0,0,0,0
170,93,34,5.97,26.29,48.02,896.55,4,1,0,0,0,0,0,1,1,0,0,0,0,1,0,0,0,0
101,51,68,6.73,21.42,74.8,939.93,4,1,0,0,0,0,0,1,1,0,0,0,0,1,0,0,0,0
61,34,120,6.09,16.37,58.89,1400.08,4,1,0,0,0,0,0,1,1,0,0,0,0,1,0,0,0,0
88,17,63,5.02,36.52,43.14,923.44,4,1,0,0,0,0,0,1,1,0,0,0,0,1,0,0,0,0
155,25,64,6.22,16.52,84.36,1817.33,4,1,0,0,0,0,0,1,1,0,0,0,0,1,0,0,0,0
61,55,75,7.45,18.59,51.6,1584.31,4,1,0,0,0,0,0,1,1,0,0,0,0,1,0,0,0,0
179,46,57,7.37,17.29,49.23,2010.26,4,1,0,0,0,0,0,1,1,0,0,0,0,1,0,0,0,0
172,82,59,8.02,17.46,49.28,1296.29,4,1,0,0,0,0,0,1,1,0,0,0,0,1,0,0,0,0
92,91,127,6.22,10.03,54.35,1323.58,4,1,0,0,0,0,0,1,1,0,0,0,0,1,0,0,0,0
178,53,137,5.75,28.19,56.25,1792.41,4,1,0,0,0,0,0,1,1,0,0,0,0,1,0,0,0,0
170,99,74,6.72,16.97,57.36,366.33,4,1,0,0,0,0,0,1,1,0,0,0,0,1,0,0,0,0
125,46,29,6.52,14.17,30.9,2654.22,4,1,0,0,0,0,0,1,1,0,0,0,0,1,0,0,0,0
43,55,139,6.16,16.11,45.75,1695.67,4,1,0,0,0,0,0,1,1,0,0,0,0,1,0,0,0,0
45,64,68,7.3,27.55,67.23,471.01,4,1,0,0,0,0,0,1,1,0,0,0,0,1,0,0,0,0
78,44,86,5.3,36.0,37.91,2758.2,4,1,0,0,0,0,0,1,1,0,0,0,0,1,0,0,0,0
70,16,63,6.29,32.22,57.79,913.7,4,1,0,0,0,0,0,1,1,0,0,0,0,1,0,0,0,0
127,94,109,7.88,21.34,52.79,1490.91,4,1,0,0,0,0,0,1,1,0,0,0,0,1,0,0,0,0
70,24,40,7.96,23.25,43.59,2315.69,4,1,0,0,0,0,0,1,1,0,0,0,0,1,0,0,0,0
60,22,75,6.42,24.74,53.19,1156.7,4,1,0,0,0,0,0,1,1,0,0,0,0,1,0,0,0,0
92,68,76,7.26,17.25,86.17,1503.37,4,1,0,0,0,0,0,1,1,0,0,0,0,1,0,0,0,0
157,86,57,7.09,34.59,56.54,2372.15,4,1,0,0,0,0,0,1,1,0,0,0,0,1,0,0,0,0
173,39,86,6.22,34.28,55.49,576.55,4,1,0,0,0,0,0,1,1,0,0,0,0,1,0,0,0,0
124,53,91,7.35,36.58,63.53,992.8,4,1,0,0,0,0,0,1,1,0,0,0,0,1,0,0,0,0
90,47,66,7.06,21.87,78.66,1378.92,4,1,0,0,0,0,0,1,1,0,0,0,0,1,0,0,0,0
32,33,46,5.66,25.28,36.97,634.16,4,1,0,0,0,0,0,1,1,0,0,0,0,1,0,0,0,0
106,59,21,7.03,23.13,33.46,607.1,4,1,0,0,0,0,0,1,1,0,0,0,0,1,0,0,0,0
119,44,57,4.9,24.54,57.36,1770.52,4,1,0,0,1,0,0,0,0,1,0,0,0,1,0,0,0,0
74,36,82,5.6,23.23,78.0,1186.31,4,1,0,0,1,0,0,0,0,1,0,0,0,1,0,0,0,0
62,33,134,6.2,13.44,74.66,922.76,4,1,0,0,1,0,0,0,0,1,0,0,0,1,0,0,0,0
123,64,24,7.97,22.07,54.6,1011.69,4,1,0,0,1,0,0,0,0,1,0,0,0,1,0,0,0,0
120,95,69,7.62,12.51,66.01,2662.49,4,1,0,0,1,0,0,0,0,1,0,0,0,1,0,0,0,0
80,95,100,7.9,21.73,40.85,2320.53,4,1,0,0,1,0,0,0,0,1,0,0,0,1,0,0,0,0
120,50,64,7.04,11.37,63.0,2788.38,4,1,0,0,1,0,0,0,0,1,0,0,0,1,0,0,0,0
76,37,71,6.35,14.51,84.13,2780.27,4,1,0,0,1,0,0,0,0,1,0,0,0,1,0,0,0,0
111,91,64,5.59,32.82,65.4,1913.94,4,1,0,0,1,0,0,0,0,1,0,0,0,1,0,0,0,0
149,61,108,7.52,28.5,65.49,328.53,4,1,0,0,1,0,0,0,0,1,0,0,0,1,0,0,0,0
33,28,135,5.23,12.02,57.46,2793.94,4,1,0,0,1,0,0,0,0,1,0,0,0,1,0,0,0,0
38,97,90,5.64,19.74,30.37,1057.03,4,1,0,0,1,0,0,0,0,1,0,0,0,1,0,0,0,0
132,32,72,6.99,11.23,61.73,1438.28,4,1,0,0,1,0,0,0,0,1,0,0,0,1,0,0,0,0
67,37,21,7.64,37.04,68.18,1803.25,4,1,0,0,1,0,0,0,0,1,0,0,0,1,0,0,0,0
161,26,49,6.96,33.67,38.91,774.4,4,1,0,0,1,0,0,0,0,1,0,0,0,1,0,0,0,0
96,86,109,5.25,15.53,57.85,2387.79,4,1,0,0,1,0,0,0,0,1,0,0,0,1,0,0,0,0
171,87,108,6.22,10.76,53.2,2111.05,4,1,0,0,1,0,0,0,0,1,0,0,0,1,0,0,0,0
43,22,44,5.65,37.07,81.45,1263.2,4,1,0,0,1,0,0,0,0,1,0,0,0,1,0,0,0,0
113,80,65,7.69,21.22,68.51,460.22,4,1,0,0,1,0,0,0,0,1,0,0,0,1,0,0,0,0
101,63,122,4.83,21.25,86.87,2197.01,4,1,0,0,1,0,0,0,0,1,0,0,0,1,0,0,0,0
162,63,115,5.9,32.24,55.51,2093.34,4,1,0,0,1,0,0,0,0,1,0,0,0,1,0,0,0,0
152,31,71,7.51,12.15,47.4,1340.69,4,1,0,0,1,0,0,0,0,1,0,0,0,1,0,0,0,0
147,71,146,5.18,18.37,47.7,2642.92,4,1,0,0,1,0,0,0,0,1,0,0,0,1,0,0,0,0
53,31,107,7.03,16.92,51.47,1981.64,4,1,0,0,1,0,0,0,0,1,0,0,0,1,0,0,0,0
168,85,126,5.42,31.5,86.6,1674.62,4,1,0,0,1,0,0,0,0,1,0,0,0,1,0,0,0,0
160,61,33,6.14,33.42,64.94,847.42,4,1,0,0,0,1,0,0,0,1,0,0,0,1,0,0,0,0
91,40,110,8.2,13.55,47.31,2033.93,4,1,0,0,0,1,0,0,0,1,0,0,0,1,0,0,0,0
142,68,129,5.71,27.75,79.47,1877.22,4,1,0,0,0,1,0,0,0,1,0,0,0,1,0,0,0,0
67,68,114,6.45,14.44,32.8,572.0,4,1,0,0,0,1,0,0,0,1,0,0,0,1,0,0,0,0
114,29,124,7.66,38.67,39.53,1056.38,4,1,0,0,0,1,0,0,0,1,0,0,0,1,0,0,0,0
131,62,78,8.16,30.01,57.94,1017.25,4,1,0,0,0,1,0,0,0,1,0,0,0,1,0,0,0,0
83,19,131,4.99,28.98,41.33,2012.74,4,1,0,0,0,1,0,0,0,1,0,0,0,1,0,0,0,0
67,16,50,6.31,37.25,89.63,1684.86,4,1,0,0,0,1,0,0,0,1,0,0,0,1,0,0,0,0
75,32,92,5.06,18.88,46.56,631.97,4,1,0,0,0,1,0,0,0,1,0,0,0,1,0,0,0,0
108,22,120,6.43,31.87,66.79,1015.71,4,1,0,0,0,1,0,0,0,1,0,0,0,1,0,0,0,0
61,58,22,6.59,26.61,48.0,2538.65,4,1,0,0,0,1,0,0,0,1,0,0,0,1,0,0,0,0
53,35,90,5.99,25.84,53.88,2202.58,4,1,0,0,0,1,0,0,0,1,0,0,0,1,0,0,0,0
164,71,108,5.48,34.88,32.13,2612.44,4,1,0,0,0,1,0,0,0,1,0,0,0,1,0,0,0,0
128,58,140,6.76,26.0,32.8,2486.13,4,1,0,0,0,1,0,0,0,1,0,0,0,1,0,0,0,0
85,35,79,6.48,15.65,38.07,1153.71,4,1,0,0,0,1,0,0,0,1,0,0,0,1,0,0,0,0
155,49,135,7.1,39.72,49.6,679.4,4,1,0,0,0,1,0,0,0,1,0,0,0,1,0,0,0,0
122,33,40,6.86,12.5,80.97,2235.66,4,1,0,0,0,1,0,0,0,1,0,0,0,1,0,0,0,0
71,54,21,6.45,16.48,34.76,1565.46,4,1,0,0,0,1,0,0,0,1,0,0,0,1,0,0,0,0
54,83,33,8.05,34.24,58.91,449.41,4,1,0,0,0,1,0,0,0,1,0,0,0,1,0,0,0,0
169,21,28,6.84,35.65,47.49,1746.99,4,1,0,0,0,1,0,0,0,1,0,0,0,1,0,0,0,0
148,28,92,6.44,36.81,72.38,999.74,4,1,0,0,0,1,0,0,0,1,0,0,0,1,0,0,0,0
106,35,140,5.06,21.71,59.66,1445.02,4,1,0,0,0,1,0,0,0,1,0,0,0,1,0,0,0,0
172,61,116,5.69,28.54,31.22,1621.45,4,1,0,0,0,1,0,0,0,1,0,0,0,1,0,0,0,0
104,27,52,6.73,25.22,72.72,722.18,4,1,0,0,0,1,0,0,0,1,0,0,0,1,0,0,0,0
123,18,109,5.34,10.23,46.17,575.71,4,1,0,0,0,1,0,0,0,1,0,0,0,1,0,0,0,0
71,59,102,8.04,19.91,42.58,1127.52,4,1,0,0,0,0,1,0,0,1,0,0,0,0,0,0,0,1
98,17,94,7.67,12.13,80.91,994.55,4,1,0,0,0,0,1,0,0,1,0,0,0,0,0,0,0,1
54,51,92,5.47,37.46,61.43,539.3,4,1,0,0,0,0,1,0,0,1,0,0,0,0,0,0,0,1
51,99,24,6.04,13.05,34.07,2174.15,4,1,0,0,0,0,1,0,0,1,0,0,0,0,0,0,0,1
85,89,122,5.01,17.44,51.89,1928.54,4,1,0,0,0,0,1,0,0,1,0,0,0,0,0,0,0,1
41,40,135,4.84,22.77,65.61,1443.28,4,1,0,0,0,0,1,0,0,1,0,0,0,0,0,0,0,1
168,40,139,6.17,38.7,62.4,703.0,4,1,0,0,0,0,1,0,0,1,0,0,0,0,0,0,0,1
72,33,38,6.74,35.2,73.58,2401.99,4,1,0,0,0,0,1,0,0,1,0,0,0,0,0,0,0,1
170,25,119,7.72,17.36,61.92,2480.64,4,1,0,0,0,0,1,0,0,1,0,0,0,0,0,0,0,1
135,43,144,7.25,12.92,88.13,2406.57,4,1,0,0,0,0,1,0,0,1,0,0,0,0,0,0,0,1
104,15,45,5.72,34.35,44.67,1481.64,4,1,0,0,0,0,1,0,0,1,0,0,0,0,0,0,0,1
72,79,50,5.83,32.79,85.61,1663.04,4,1,0,0,0,0,1,0,0,1,0,0,0,0,0,0,0,1
92,83,113,6.11,32.17,63.09,1923.18,4,1,0,0,0,0,1,0,0,1,0,0,0,0,0,0,0,1
48,15,127,6.73,16.48,85.06,2428.81,4,1,0,0,0,0,1,0,0,1,0,0,0,0,0,0,0,1
47,79,63,7.21,26.89,81.04,838.71,4,1,0,0,0,0,1,0,0,1,0,0,0,0,0,0,0,1
93,37,103,8.07,12.55,64.35,2148.66,4,1,0,0,0,0,1,0,0,1,0,0,0,0,0,0,0,1
174,48,38,7.29,36.85,37.58,1810.26,4,1,0,0,0,0,1,0,0,1,0,0,0,0,0,0,0,1
131,29,77,5.8,13.8,52.91,2091.57,4,1,0,0,0,0,1,0,0,1,0,0,0,0,0,0,0,1
139,34,104,5.15,22.77,47.48,988.53,4,1,0,0,0,0,1,0,0,1,0,0,0,0,0,0,0,1
65,98,66,6.26,39.35,37.04,1910.49,4,1,0,0,0,0,1,0,0,1,0,0,0,0,0,0,0,1
65,41,66,7.97,23.64,40.55,561.23,4,1,0,0,0,0,1,0,0,1,0,0,0,0,0,0,0,1
99,66,136,6.07,14.53,40.76,838.19,4,1,0,0,0,0,1,0,0,1,0,0,0,0,0,0,0,1
160,53,124,4.98,25.97,43.68,311.45,4,1,0,0,0,0,1,0,0,1,0,0,0,0,0,0,0,1
81,34,42,6.93,36.09,86.59,1779.57,4,1,0,0,0,0,1,0,0,1,0,0,0,0,0,0,0,1
83,31,87,6.82,20.67,54.88,807.92,4,1,0,0,0,0,1,0,0,1,0,0,0,0,0,0,0,1
116,97,23,6.97,33.22,34.94,2561.28,4,1,0,0,0,0,1,0,0,1,0,0,0,0,0,0,0,1
136,96,113,4.83,18.59,31.89,607.18,4,1,0,0,0,0,0,1,0,1,0,0,0,1,0,0,0,0
53,47,120,6.77,29.73,84.72,1641.17,4,1,0,0,0,0,0,1,0,1,0,0,0,1,0,0,0,0
130,74,33,6.13,24.64,52.52,1029.59,4,1,0,0,0,0,0,1,0,1,0,0,0,1,0,0,0,0
157,98,42,6.6,19.65,89.82,2269.07,4,1,0,0,0,0,0,1,0,1,0,0,0,1,0,0,0,0
54,21,65,7.92,37.89,86.45,2629.54,4,1,0,0,0,0,0,1,0,1,0,0,0,1,0,0,0,0
128,40,32,7.27,10.18,56.14,552.29,4,1,0,0,0,0,0,1,0,1,0,0,0,1,0,0,0,0
113,39,38,6.89,22.59,83.87,1604.67,4,1,0,0,0,0,0,1,0,1,0,0,0,1,0,0,0,0
65,58,32,6.36,27.38,53.07,1681.65,4,1,0,0,0,0,0,1,0,1,0,0,0,1,0,0,0,0
66,88,63,7.12,11.34,52.75,1813.48,4,1,0,0,0,0,0,1,0,1,0,0,0,1,0,0,0,0
124,15,54,8.11,19.99,86.71,2043.61,4,1,0,0,0,0,0,1,0,1,0,0,0,1,0,0,0,0
53,22,26,5.78,32.7,57.68,1073.06,4,1,0,0,0,0,0,1,0,1,0,0,0,1,0,0,0,0
152,84,139,7.11,35.95,60.32,1160.34,4,1,0,0,0,0,0,1,0,1,0,0,0,1,0,0,0,0
111,41,21,7.22,36.21,86.73,1854.95,4,1,0,0,0,0,0,1,0,1,0,0,0,1,0,0,0,0
34,90,45,5.4,37.44,78.59,556.57,4,1,0,0,0,0,0,1,0,1,0,0,0,1,0,0,0,0
118,35,91,7.93,13.39,57.42,1009.48,4,1,0,0,0,0,0,1,0,1,0,0,0,1,0,0,0,0
133,22,83,5.79,20.0,45.77,382.59,4,1,0,0,0,0,0,1,0,1,0,0,0,1,0,0,0,0
70,18,56,6.04,34.71,42.55,1185.01,4,1,0,0,0,0,0,1,0,1,0,0,0,1,0,0,0,0
153,29,126,7.78,17.0,39.03,602.9,4,1,0,0,0,0,0,1,0,1,0,0,0,1,0,0,0,0
33,39,69,7.85,35.9,72.91,2152.08,4,1,0,0,0,0,0,1,0,1,0,0,0,1,0,0,0,0
119,24,127,7.72,12.97,86.88,1386.35,4,1,0,0,0,0,0,1,0,1,0,0,0,1,0,0,0,0
103,36,101,5.56,26.12,70.25,481.81,4,1,0,0,0,0,0,1,0,1,0,0,0,1,0,0,0,0
136,97,109,4.92,27.17,56.76,1472.27,4,1,0,0,0,0,0,1,0,1,0,0,0,1,0,0,0,0
30,16,128,4.8,37.11,88.71,1922.81,4,1,0,0,0,0,0,1,0,1,0,0,0,1,0,0,0,0
146,28,115,6.93,13.33,81.62,554.07,4,1,0,0,0,0,0,1,0,1,0,0,0,1,0,0,0,0
95,88,101,7.73,29.41,63.72,1994.52,4,1,0,0,0,0,0,1,0,1,0,0,0,1,0,0,0,0
53,93,83,6.34,32.22,49.82,659.4,4,1,0,0,0,0,0,1,0,1,0,0,0,1,0,0,0,0
117,44,143,5.14,25.91,83.58,2663.38,4,1,0,0,0,0,0,1,0,1,0,0,0,1,0,0,0,0
74,31,28,6.62,26.44,41.7,662.43,4,1,0,0,0,0,0,1,0,1,0,0,0,1,0,0,0,0
167,72,64,7.69,37.85,42.56,1681.42,4,1,0,0,0,0,0,1,0,1,0,0,0,1,0,0,0,0
36,37,56,8.04,16.54,84.05,366.33,4,1,0,0,0,0,0,1,0,1,0,0,0,1,0,0,0,0
86,21,101,6.63,18.25,55.54,454.68,4,1,0,0,0,0,0,1,0,1,0,0,0,1,0,0,0,0
113,89,71,8.18,38.62,41.61,1754.18,4,1,0,0,0,0,0,1,0,1,0,0,0,1,0,0,0,0
90,19,143,6.63,39.52,46.4,1795.08,4,1,0,0,0,0,0,1,0,1,0,0,0,1,0,0,0,0
47,48,147,6.92,10.44,62.26,600.56,4,1,0,0,0,0,0,1,0,1,0,0,0,1,0,0,0,0
30,39,101,5.99,17.41,66.14,885.76,4,1,0,0,0,0,0,1,0,1,0,0,0,1,0,0,0,0
174,61,92,6.21,37.67,87.07,1952.77,4,1,0,0,1,0,0,0,0,0,1,0,0,1,0,0,0,0
46,93,114,7.27,18.31,30.72,1167.59,4,1,0,0,1,0,0,0,0,0,1,0,0,1,0,0,0,0
86,78,131,7.79,36.92,33.61,2037.04,4,1,0,0,1,0,0,0,0,0,1,0,0,1,0,0,0,0
97,72,26,8.0,33.22,58.12,2252.9,4,1,0,0,1,0,0,0,0,0,1,0,0,1,0,0,0,0
108,28,123,7.91,38.86,60.08,2436.45,4,1,0,0,1,0,0,0,0,0,1,0,0,1,0,0,0,0
46,66,41,6.52,32.7,51.89,1182.85,4,1,0,0,1,0,0,0,0,0,1,0,0,1,0,0,0,0
102,93,121,5.1,29.21,34.86,1228.28,4,1,0,0,1,0,0,0,0,0,1,0,0,1,0,0,0,0
78,87,56,7.45,31.52,85.56,2314.65,4,1,0,0,1,0,0,0,0,0,1,0,0,1,0,0,0,0
143,79,114,7.21,10.32,37.39,1200.25,4,1,0,0,1,0,0,0,0,0,1,0,0,1,0,0,0,0
60,72,149,5.4,14.47,47.3,1010.36,4,1,0,0,1,0,0,0,0,0,1,0,0,1,0,0,0,0
42,16,112,6.21,35.83,39.83,940.28,4,1,0,0,1,0,0,0,0,0,1,0,0,1,0,0,0,0
142,80,138,5.88,18.16,52.62,936.58,4,1,0,0,1,0,0,0,0,0,1,0,0,1,0,0,0,0
61,50,134,5.05,27.13,82.36,2646.85,4,1,0,0,1,0,0,0,0,0,1,0,0,1,0,0,0,0
158,33,109,6.08,28.59,57.17,985.89,4,1,0,0,1,0,0,0,0,0,1,0,0,1,0,0,0,0
101,36,142,7.07,35.63,34.44,1834.91,4,1,0,0,1,0,0,0,0,0,1,0,0,1,0,0,0,0
69,57,26,7.87,26.71,58.28,592.34,4,1,0,0,1,0,0,0,0,0,1,0,0,1,0,0,0,0
147,63,101,7.9,16.18,73.18,1599.2,4,1,0,0,1,0,0,0,0,0,1,0,0,1,0,0,0,0
74,66,82,6.87,29.76,72.11,1119.39,4,1,0,0,1,0,0,0,0,0,1,0,0,1,0,0,0,0
176,88,126,5.77,14.68,32.95,1438.23,4,1,0,0,1,0,0,0,0,0,1,0,0,1,0,0,0,0
102,93,76,6.68,39.62,31.67,842.82,4,1,0,0,1,0,0,0,0,0,1,0,0,1,0,0,0,0
52,57,138,5.44,10.98,48.78,331.68,4,1,0,0,1,0,0,0,0,0,1,0,0,1,0,0,0,0
58,99,25,6.15,30.72,39.1,2089.36,4,1,0,0,1,0,0,0,0,0,1,0,0,1,0,0,0,0
79,20,57,6.74,14.05,80.47,2403.51,4,1,0,0,1,0,0,0,0,0,1,0,0,1,0,0,0,0
41,21,135,7.68,29.25,32.61,828.26,4,1,0,0,1,0,0,0,0,0,1,0,0,1,0,0,0,0
87,31,88,5.75,11.03,60.06,647.21,4,1,0,0,1,0,0,0,0,0,1,0,0,1,0,0,0,0
51,32,30,4.98,39.27,44.09,2252.71,4,1,0,0,1,0,0,0,0,0,1,0,0,1,0,0,0,0
44,46,60,6.43,15.53,55.2,1664.16,4,1,0,0,1,0,0,0,0,0,1,0,0,1,0,0,0,0
91,95,119,6.56,20.95,88.92,1175.86,4,1,0,0,1,0,0,0,0,0,1,0,0,1,0,0,0,0
47,71,142,5.59,29.81,77.83,1556.37,4,1,0,0,1,0,0,0,0,0,1,0,0,1,0,0,0,0
92,68,144,6.5,38.41,43.83,1851.94,4,1,0,0,1,0,0,0,0,0,1,0,0,1,0,0,0,0
80,75,50,4.81,37.54,44.09,1417.39,4,1,0,0,1,0,0,0,0,0,1,0,0,1,0,0,0,0
64,37,29,4.83,33.28,84.85,756.79,4,1,0,0,0,1,0,0,0,0,1,0,0,1,0,0,0,0
37,81,77,4.99,21.69,33.08,473.54,4,1,0,0,0,1,0,0,0,0,1,0,0,1,0,0,0,0
80,73,99,5.81,16.21,43.16,343.9,4,1,0,0,0,1,0,0,0,0,1,0,0,1,0,0,0,0
60,25,112,4.83,35.83,88.33,1968.59,4,1,0,0,0,1,0,0,0,0,1,0,0,1,0,0,0,0
174,99,109,4.87,35.95,84.58,1176.63,4,1,0,0,0,1,0,0,0,0,1,0,0,1,0,0,0,0
100,84,118,5.98,19.91,31.47,469.44,4,1,0,0,0,1,0,0,0,0,1,0,0,1,0,0,0,0
36,47,40,5.19,16.87,80.68,766.25,4,1,0,0,0,1,0,0,0,0,1,0,0,1,0,0,0,0
178,56,111,7.46,14.88,50.65,423.5,4,1,0,0,0,1,0,0,0,0,1,0,0,1,0,0,0,0
30,53,77,7.38,22.37,71.64,2227.67,4,1,0,0,0,1,0,0,0,0,1,0,0,1,0,0,0,0
58,34,61,5.38,37.53,35.34,2315.89,4,1,0,0,0,1,0,0,0,0,1,0,0,1,0,0,0,0
86,73,126,7.38,19.94,73.45,616.64,4,1,0,0,0,1,0,0,0,0,1,0,0,1,0,0,0,0
110,90,110,6.38,10.01,89.9,2283.5,4,1,0,0,0,1,0,0,0,0,1,0,0,1,0,0,0,0
53,19,123,6.39,26.49,76.3,1468.92,4,1,0,0,0,1,0,0,0,0,1,0,0,1,0,0,0,0
49,20,74,5.34,23.49,40.48,1066.5,4,1,0,0,0,1,0,0,0,0,1,0,0,1,0,0,0,0
45,81,77,7.5,22.33,42.61,1507.07,4,1,0,0,0,1,0,0,0,0,1,0,0,1,0,0,0,0
135,43,55,6.12,38.1,89.74,2508.22,4,1,0,0,0,1,0,0,0,0,1,0,0,1,0,0,0,0
51,76,96,7.79,35.83,89.6,2798.3,4,1,0,0,0,1,0,0,0,0,1,0,0,1,0,0,0,0
129,93,34,7.06,33.53,33.66,910.02,4,1,0,0,0,1,0,0,0,0,1,0,0,1,0,0,0,0
146,58,121,5.02,38.65,83.47,403.65,4,1,0,0,0,1,0,0,0,0,1,0,0,1,0,0,0,0
170,22,53,5.99,35.14,65.21,2098.95,4,1,0,0,0,1,0,0,0,0,1,0,0,1,0,0,0,0
84,85,125,5.52,15.34,69.28,853.68,4,1,0,0,0,1,0,0,0,0,1,0,0,1,0,0,0,0
43,35,105,7.07,17.86,68.66,1762.55,4,1,0,0,0,1,0,0,0,0,1,0,0,1,0,0,0,0
111,38,83,7.08,37.06,85.4,1322.5,4,1,0,0,0,1,0,0,0,0,1,0,0,1,0,0,0,0
138,26,131,7.91,22.38,76.7,360.32,4,1,0,0,0,1,0,0,0,0,1,0,0,1,0,0,0,0
85,60,113,5.44,12.68,58.49,543.91,4,1,0,0,0,1,0,0,0,0,1,0,0,1,0,0,0,0
122,43,102,6.32,26.95,86.78,2326.65,4,1,0,0,0,1,0,0,0,0,1,0,0,1,0,0,0,0
68,20,63,6.32,35.95,57.94,497.37,4,1,0,0,0,1,0,0,0,0,1,0,0,1,0,0,0,0
125,18,131,5.05,38.67,58.18,2368.73,4,1,0,0,0,0,1,0,0,0,1,0,0,0,0,0,1,0
160,61,144,6.85,21.77,41.65,655.48,4,1,0,0,0,0,1,0,0,0,1,0,0,0,0,0,1,0
32,74,147,7.06,30.45,38.1,1041.87,4,1,0,0,0,0,1,0,0,0,1,0,0,0,0,0,1,0
140,68,117,7.05,10.41,73.49,998.49,4,1,0,0,0,0,1,0,0,0,1,0,0,0,0,0,1,0
108,36,76,6.01,26.31,70.74,2755.72,4,1,0,0,0,0,1,0,0,0,1,0,0,0,0,0,1,0
158,16,29,6.56,14.07,51.58,2659.28,4,1,0,0,0,0,1,0,0,0,1,0,0,0,0,0,1,0
58,77,113,5.51,16.62,50.53,1806.43,4,1,0,0,0,0,1,0,0,0,1,0,0,0,0,0,1,0
102,27,143,4.95,32.13,30.06,2353.63,4,1,0,0,0,0,1,0,0,0,1,0,0,0,0,0,1,0
61,71,33,7.12,12.26,37.46,2023.93,4,1,0,0,0,0,1,0,0,0,1,0,0,0,0,0,1,0
32,44,23,5.03,39.23,65.42,1465.52,4,1,0,0,0,0,1,0,0,0,1,0,0,0,0,0,1,0
56,41,120,7.39,20.53,84.59,1837.87,4,1,0,0,0,0,1,0,0,0,1,0,0,0,0,0,1,0
148,51,148,5.37,13.88,86.98,310.3,4,1,0,0,0,0,1,0,0,0,1,0,0,0,0,0,1,0
97,20,119,5.22,32.0,38.07,1829.38,4,1,0,0,0,0,1,0,0,0,1,0,0,0,0,0,1,0
104,79,24,7.9,16.02,79.35,1708.48,4,1,0,0,0,0,1,0,0,0,1,0,0,0,0,0,1,0
128,27,93,5.52,36.37,57.69,1571.02,4,1,0,0,0,0,1,0,0,0,1,0,0,0,0,0,1,0
120,95,130,6.98,39.67,71.65,1243.98,4,1,0,0,0,0,1,0,0,0,1,0,0,0,0,0,1,0
106,66,105,6.13,33.8,79.67,977.21,4,1,0,0,0,0,1,0,0,0,1,0,0,0,0,0,1,0
69,35,23,6.16,11.57,31.57,1698.31,4,1,0,0,0,0,1,0,0,0,1,0,0,0,0,0,1,0
145,69,69,5.18,13.4,53.19,798.74,4,1,0,0,0,0,1,0,0,0,1,0,0,0,0,0,1,0
115,62,108,6.15,37.33,68.87,2779.96,4,1,0,0,0,0,1,0,0,0,1,0,0,0,0,0,1,0
163,26,135,5.93,26.91,36.25,777.21,4,1,0,0,0,0,1,0,0,0,1,0,0,0,0,0,1,0
120,48,55,5.36,10.87,35.03,447.98,4,1,0,0,0,0,0,1,0,0,1,0,0,1,0,0,0,0
61,16,39,6.7,38.99,34.14,1201.79,4,1,0,0,0,0,0,1,0,0,1,0,0,1,0,0,0,0
101,99,146,7.19,30.81,50.4,1907.14,4,1,0,0,0,0,0,1,0,0,1,0,0,1,0,0,0,0
96,96,123,6.69,36.94,87.71,2718.93,4,1,0,0,0,0,0,1,0,0,1,0,0,1,0,0,0,0
98,27,85,6.47,28.5,33.64,2613.0,4,1,0,0,0,0,0,1,0,0,1,0,0,1,0,0,0,0
118,69,84,6.23,39.8,68.03,951.08,4,1,0,0,0,0,0,1,0,0,1,0,0,1,0,0,0,0
56,77,99,5.62,13.07,89.14,2294.89,4,1,0,0,0,0,0,1,0,0,1,0,0,1,0,0,0,0
148,20,146,6.61,24.56,80.58,367.04,4,1,0,0,0,0,0,1,0,0,1,0,0,1,0,0,0,0
97,63,50,5.85,23.38,53.55,2700.44,4,1,0,0,0,0,0,1,0,0,1,0,0,1,0,0,0,0
175,76,147,6.03,23.85,89.06,388.65,4,1,0,0,0,0,0,1,0,0,1,0,0,1,0,0,0,0
58,64,30,6.32,22.49,81.66,2528.52,4,1,0,0,0,0,0,1,0,0,1,0,0,1,0,0,0,0
88,62,147,7.5,32.47,79.25,1834.49,4,1,0,0,0,0,0,1,0,0,1,0,0,1,0,0,0,0
33,28,85,5.93,27.6,33.3,641.76,4,1,0,0,0,0,0,1,0,0,1,0,0,1,0,0,0,0
36,86,74,6.3,17.44,63.94,2419.17,4,1,0,0,0,0,0,1,0,0,1,0,0,1,0,0,0,0
140,53,106,6.07,35.84,60.3,1576.62,4,1,0,0,0,0,0,1,0,0,1,0,0,1,0,0,0,0
75,93,127,5.25,18.21,74.33,649.06,4,1,0,0,0,0,0,1,0,0,1,0,0,1,0,0,0,0
155,56,106,7.72,21.38,49.52,2411.73,4,1,0,0,0,0,0,1,0,0,1,0,0,1,0,0,0,0
103,59,30,5.47,36.15,45.57,1318.9,4,1,0,0,0,0,0,1,0,0,1,0,0,1,0,0,0,0
97,24,57,6.63,37.2,40.09,1985.39,4,1,0,0,0,0,0,1,0,0,1,0,0,1,0,0,0,0
80,95,59,6.44,27.83,79.57,2189.57,4,1,0,0,0,0,0,1,0,0,1,0,0,1,0,0,0,0
157,26,109,8.02,30.99,89.14,2231.11,4,1,0,0,0,0,0,1,0,0,1,0,0,1,0,0,0,0
54,26,135,5.47,39.86,43.65,1483.56,4,1,0,0,0,0,0,1,0,0,1,0,0,1,0,0,0,0
106,48,32,5.36,20.73,70.4,2049.73,4,1,0,0,0,0,0,1,0,0,1,0,0,1,0,0,0,0
92,29,108,7.35,15.99,45.6,1424.03,4,1,0,0,1,0,0,0,0,0,0,1,0,0,1,0,0,0
106,19,126,6.76,12.09,80.87,848.46,4,1,0,0,1,0,0,0,0,0,0,1,0,0,1,0,0,0
126,27,140,7.68,39.01,46.79,1725.06,4,1,0,0,1,0,0,0,0,0,0,1,0,0,1,0,0,0
160,57,96,5.18,16.69,32.81,1576.64,4,1,0,0,1,0,0,0,0,0,0,1,0,0,1,0,0,0
155,72,61,5.18,31.16,55.63,2762.1,4,1,0,0,1,0,0,0,0,0,0,1,0,0,1,0,0,0
63,85,89,8.12,32.81,36.68,878.03,4,1,0,0,1,0,0,0,0,0,0,1,0,0,1,0,0,0
46,76,110,8.05,24.39,70.95,1781.55,4,1,0,0,1,0,0,0,0,0,0,1,0,0,1,0,0,0
94,59,47,7.14,14.17,79.22,761.99,4,1,0,0,1,0,0,0,0,0,0,1,0,0,1,0,0,0
173,67,81,6.03,14.24,32.08,635.2,4,1,0,0,1,0,0,0,0,0,0,1,0,0,1,0,0,0
90,73,36,6.6,16.21,78.51,815.98,4,1,0,0,1,0,0,0,0,0,0,1,0,0,1,0,0,0
103,75,75,7.37,21.33,72.94,1988.42,4,1,0,0,1,0,0,0,0,0,0,1,0,0,1,0,0,0
37,82,61,6.18,15.26,69.85,1876.93,4,1,0,0,1,0,0,0,0,0,0,1,0,0,1,0,0,0
175,93,102,6.07,18.62,62.57,677.17,4,1,0,0,1,0,0,0,0,0,0,1,0,0,1,0,0,0
56,72,21,5.9,36.34,78.75,1076.89,4,1,0,0,1,0,0,0,0,0,0,1,0,0,1,0,0,0
137,65,80,7.83,17.31,42.41,1281.14,4,1,0,0,1,0,0,0,0,0,0,1,0,0,1,0,0,0
72,65,111,6.69,18.05,54.03,935.42,4,1,0,0,1,0,0,0,0,0,0,1,0,0,1,0,0,0
47,87,34,6.12,21.48,32.66,1994.53,4,1,0,0,1,0,0,0,0,0,0,1,0,0,1,0,0,0
156,58,26,6.87,10.15,67.42,2580.85,4,1,0,0,1,0,0,0,0,0,0,1,0,0,1,0,0,0
105,61,33,5.07,23.44,66.23,1336.52,4,1,0,0,1,0,0,0,0,0,0,1,0,0,1,0,0,0
53,92,115,6.22,11.21,75.1,1250.19,4,1,0,0,1,0,0,0,0,0,0,1,0,0,1,0,0,0
103,58,74,6.98,25.96,59.25,2484.56,4,1,0,0,1,0,0,0,0,0,0,1,0,0,1,0,0,0
31,78,140,7.03,34.47,73.23,1828.89,4,1,0,0,1,0,0,0,0,0,0,1,0,0,1,0,0,0
55,84,96,6.65,33.85,86.91,1609.2,4,1,0,0,1,0,0,0,0,0,0,1,0,0,1,0,0,0
161,99,109,5.5,28.05,89.52,2353.73,4,1,0,0,1,0,0,0,0,0,0,1,0,0,1,0,0,0
96,47,40,6.3,11.0,70.13,2415.95,4,1,0,0,1,0,0,0,0,0,0,1,0,0,1,0,0,0
156,70,81,7.08,32.52,33.03,2677.75,4,1,0,0,1,0,0,0,0,0,0,1,0,0,1,0,0,0
115,99,112,6.41,31.38,78.18,1883.45,4,1,0,0,1,0,0,0,0,0,0,1,0,0,1,0,0,0
168,79,75,5.81,28.83,60.24,1285.67,4,1,0,0,1,0,0,0,0,0,0,1,0,0,1,0,0,0
111,96,135,7.99,24.27,64.72,2265.39,4,1,0,0,1,0,0,0,0,0,0,1,0,0,1,0,0,0
31,43,62,7.76,27.81,77.87,845.38,4,1,0,0,0,1,0,0,0,0,0,1,0,0,1,0,0,0
155,98,31,5.23,14.09,65.83,1239.96,4,1,0,0,0,1,0,0,0,0,0,1,0,0,1,0,0,0
52,47,65,5.18,10.2,75.52,1828.92,4,1,0,0,0,1,0,0,0,0,0,1,0,0,1,0,0,0
58,67,92,7.25,28.47,30.91,1821.65,4,1,0,0,0,1,0,0,0,0,0,1,0,0,1,0,0,0
75,61,97,7.61,19.67,44.87,1406.59,4,1,0,0,0,1,0,0,0,0,0,1,0,0,1,0,0,0
126,66,139,7.82,24.02,53.7,974.48,4,1,0,0,0,1,0,0,0,0,0,1,0,0,1,0,0,0
109,40,81,5.18,23.08,66.35,793.89,4,1,0,0,0,1,0,0,0,0,0,1,0,0,1,0,0,0
160,52,117,6.35,35.02,67.32,1670.6,4,1,0,0,0,1,0,0,0,0,0,1,0,0,1,0,0,0
122,37,66,7.26,28.36,73.33,583.91,4,1,0,0,0,1,0,0,0,0,0,1,0,0,1,0,0,0
69,58,111,5.29,15.26,71.5,525.53,4,1,0,0,0,1,0,0,0,0,0,1,0,0,1,0,0,0
66,20,71,7.79,16.14,78.9,1572.1,4,1,0,0,0,1,0,0,0,0,0,1,0,0,1,0,0,0
83,59,34,5.43,17.3,52.67,1724.43,4,1,0,0,0,1,0,0,0,0,0,1,0,0,1,0,0,0
49,15,35,4.92,25.91,65.12,850.76,4,1,0,0,0,1,0,0,0,0,0,1,0,0,1,0,0,0
129,72,88,5.63,21.97,51.03,2678.27,4,1,0,0,0,1,0,0,0,0,0,1,0,0,1,0,0,0
87,91,104,8.07,28.64,72.92,1135.66,4,1,0,0,0,1,0,0,0,0,0,1,0,0,1,0,0,0
104,47,67,6.61,31.41,43.6,679.35,4,1,0,0,0,1,0,0,0,0,0,1,0,0,1,0,0,0
156,61,110,4.85,34.66,55.41,2466.69,4,1,0,0,0,1,0,0,0,0,0,1,0,0,1,0,0,0
42,49,32,6.21,18.13,83.33,991.46,4,1,0,0,0,1,0,0,0,0,0,1,0,0,1,0,0,0
121,29,56,7.19,34.61,46.75,1728.38,4,1,0,0,0,1,0,0,0,0,0,1,0,0,1,0,0,0
40,17,111,6.96,37.11,51.98,2314.61,4,1,0,0,0,1,0,0,0,0,0,1,0,0,1,0,0,0
124,83,73,7.19,19.06,82.7,867.2,4,1,0,0,0,1,0,0,0,0,0,1,0,0,1,0,0,0
73,29,149,7.88,21.86,73.26,1206.03,4,1,0,0,0,1,0,0,0,0,0,1,0,0,1,0,0,0
34,91,133,6.57,34.66,76.75,1555.5,4,1,0,0,0,1,0,0,0,0,0,1,0,0,1,0,0,0
134,59,86,6.38,22.07,62.31,354.81,4,1,0,0,0,1,0,0,0,0,0,1,0,0,1,0,0,0
104,80,86,7.05,13.76,81.18,1076.9,4,1,0,0,0,1,0,0,0,0,0,1,0,0,1,0,0,0
68,44,78,5.52,35.66,53.06,1239.72,4,1,0,0,0,1,0,0,0,0,0,1,0,0,1,0,0,0
134,30,84,6.17,34.35,84.15,1805.42,4,1,0,0,0,1,0,0,0,0,0,1,0,0,1,0,0,0
59,57,92,5.57,11.19,33.34,2239.61,4,1,0,0,0,1,0,0,0,0,0,1,0,0,1,0,0,0
64,99,142,7.89,31.2,45.02,2276.07,4,1,0,0,0,1,0,0,0,0,0,1,0,0,1,0,0,0
53,63,67,6.27,11.81,67.45,425.32,4,1,0,0,0,1,0,0,0,0,0,1,0,0,1,0,0,0
138,67,43,5.21,33.07,67.39,1363.58,4,1,0,0,0,1,0,0,0,0,0,1,0,0,1,0,0,0
111,63,76,7.11,16.33,81.98,2162.13,4,1,0,0,0,1,0,0,0,0,0,1,0,0,1,0,0,0
77,24,89,6.1,33.46,41.97,461.46,4,1,0,0,0,1,0,0,0,0,0,1,0,0,1,0,0,0
57,42,67,7.48,12.74,75.01,1853.02,4,1,0,0,0,0,1,0,0,0,0,1,0,0,0,0,0,1
128,42,20,6.38,13.1,62.0,2785.99,4,1,0,0,0,0,1,0,0,0,0,1,0,0,0,0,0,1
41,94,105,5.7,13.8,31.17,2701.53,4,1,0,0,0,0,1,0,0,0,0,1,0,0,0,0,0,1
173,26,57,7.38,32.57,30.21,2677.99,4,1,0,0,0,0,1,0,0,0,0,1,0,0,0,0,0,1
140,65,29,6.63,12.32,31.64,2559.55,4,1,0,0,0,0,1,0,0,0,0,1,0,0,0,0,0,1
146,47,145,7.04,39.26,76.67,850.07,4,1,0,0,0,0,1,0,0,0,0,1,0,0,0,0,0,1
119,77,104,5.88,15.87,66.09,2686.65,4,1,0,0,0,0,1,0,0,0,0,1,0,0,0,0,0,1
139,80,143,6.58,18.19,47.87,2433.9,4,1,0,0,0,0,1,0,0,0,0,1,0,0,0,0,0,1
107,60,107,8.14,22.02,73.74,2636.33,4,1,0,0,0,0,1,0,0,0,0,1,0,0,0,0,0,1
90,42,48,5.61,18.88,36.86,2487.03,4,1,0,0,0,0,1,0,0,0,0,1,0,0,0,0,0,1
121,98,138,7.28,39.78,69.35,1103.61,4,1,0,0,0,0,1,0,0,0,0,1,0,0,0,0,0,1
133,76,33,6.37,28.2,69.9,1510.14,4,1,0,0,0,0,1,0,0,0,0,1,0,0,0,0,0,1
150,34,131,5.21,29.96,31.07,893.92,4,1,0,0,0,0,1,0,0,0,0,1,0,0,0,0,0,1
55,40,50,5.65,15.66,56.27,342.86,4,1,0,0,0,0,1,0,0,0,0,1,0,0,0,0,0,1
144,70,49,7.43,18.79,31.95,734.06,4,1,0,0,0,0,1,0,0,0,0,1,0,0,0,0,0,1
124,62,108,7.46,19.77,66.44,1235.05,4,1,0,0,0,0,1,0,0,0,0,1,0,0,0,0,0,1
56,26,46,5.6,22.21,75.42,2172.75,4,1,0,0,0,0,1,0,0,0,0,1,0,0,0,0,0,1
139,73,130,7.15,24.39,74.12,1571.17,4,1,0,0,0,0,1,0,0,0,0,1,0,0,0,0,0,1
84,60,35,5.96,27.26,59.28,2668.25,4,1,0,0,0,0,1,0,0,0,0,1,0,0,0,0,0,1
98,98,65,6.49,26.01,58.1,1498.78,4,1,0,0,0,0,1,0,0,0,0,1,0,0,0,0,0,1
126,16,118,4.89,17.46,46.35,2279.18,4,1,0,0,0,0,1,0,0,0,0,1,0,0,0,0,0,1
179,44,101,7.39,34.42,88.78,2639.62,4,1,0,0,0,0,1,0,0,0,0,1,0,0,0,0,0,1
159,32,92,7.27,14.5,61.35,626.74,4,1,0,0,0,0,1,0,0,0,0,1,0,0,0,0,0,1
176,98,56,6.51,24.48,66.84,2370.94,4,1,0,0,0,0,1,0,0,0,0,1,0,0,0,0,0,1
120,92,88,6.93,32.63,34.89,2649.64,4,1,0,0,0,0,1,0,0,0,0,1,0,0,0,0,0,1
37,34,60,6.96,38.11,58.14,2060.35,4,1,0,0,0,0,1,0,0,0,0,1,0,0,0,0,0,1
144,43,125,7.88,21.75,55.98,2682.32,4,1,0,0,0,0,1,0,0,0,0,1,0,0,0,0,0,1
98,91,76,7.42,33.95,59.55,2025.26,4,1,0,0,0,0,1,0,0,0,0,1,0,0,0,0,0,1
101,40,52,5.87,34.85,66.25,1657.54,4,1,0,0,0,0,1,0,0,0,0,1,0,0,0,0,0,1
164,40,21,5.85,23.02,89.59,2353.06,4,1,0,0,0,0,0,1,0,0,0,1,0,1,0,0,0,0
133,63,123,7.91,16.32,62.03,1610.4,4,1,0,0,0,0,0,1,0,0,0,1,0,1,0,0,0,0
134,43,91,6.94,38.55,66.04,1717.5,4,1,0,0,0,0,0,1,0,0,0,1,0,1,0,0,0,0
35,29,117,8.15,16.23,83.13,1895.19,4,1,0,0,0,0,0,1,0,0,0,1,0,1,0,0,0,0
33,64,93,7.65,21.95,40.95,2080.47,4,1,0,0,0,0,0,1,0,0,0,1,0,1,0,0,0,0
147,24,75,5.17,32.97,63.61,2399.14,4,1,0,0,0,0,0,1,0,0,0,1,0,1,0,0,0,0
114,15,65,6.15,36.78,52.65,1442.83,4,1,0,0,0,0,0,1,0,0,0,1,0,1,0,0,0,0
48,82,54,7.66,36.92,62.51,1920.76,4,1,0,0,0,0,0,1,0,0,0,1,0,1,0,0,0,0
43,83,40,7.52,28.1,69.81,2175.84,4,1,0,0,0,0,0,1,0,0,0,1,0,1,0,0,0,0
135,97,69,7.02,35.24,40.25,2029.08,4,1,0,0,0,0,0,1,0,0,0,1,0,1,0,0,0,0
99,86,63,6.75,24.23,43.85,474.96,4,1,0,0,0,0,0,1,0,0,0,1,0,1,0,0,0,0
59,96,71,6.37,20.69,67.31,1080.13,4,1,0,0,0,0,0,1,0,0,0,1,0,1,0,0,0,0
115,25,56,6.08,23.42,34.36,1726.69,4,1,0,0,0,0,0,1,0,0,0,1,0,1,0,0,0,0
60,71,66,6.02,19.96,57.41,2219.68,4,1,0,0,0,0,0,1,0,0,0,1,0,1,0,0,0,0
46,47,58,4.88,32.07,65.46,975.58,4,1,0,0,0,0,0,1,0,0,0,1,0,1,0,0,0,0
104,32,64,8.0,19.21,43.44,2748.1,4,1,0,0,0,0,0,1,0,0,0,1,0,1,0,0,0,0
72,91,93,5.41,20.34,76.25,1370.03,4,1,0,0,0,0,0,1,0,0,0,1,0,1,0,0,0,0
161,96,137,5.15,39.89,88.46,668.24,4,1,0,0,0,0,0,1,0,0,0,1,0,1,0,0,0,0
30,32,137,7.45,15.29,83.86,1881.13,4,1,0,0,0,0,0,1,0,0,0,1,0,1,0,0,0,0
78,95,50,8.05,33.27,50.86,2113.78,4,1,0,0,0,0,0,1,0,0,0,1,0,1,0,0,0,0
134,22,41,5.04,25.73,37.05,732.96,4,1,0,0,0,0,0,1,0,0,0,1,0,1,0,0,0,0
175,21,85,6.72,21.19,76.55,2732.28,4,1,0,0,0,0,0,1,0,0,0,1,0,1,0,0,0,0
88,54,90,7.93,15.21,40.9,1049.33,4,1,0,0,0,0,0,1,0,0,0,1,0,1,0,0,0,0
103,21,83,7.65,19.09,77.15,1263.35,4,1,0,0,0,0,0,1,0,0,0,1,0,1,0,0,0,0
121,47,127,5.41,26.34,33.84,816.75,4,1,0,0,0,0,0,1,0,0,0,1,0,1,0,0,0,0
130,87,116,4.93,14.81,42.72,523.4,4,1,0,0,0,0,0,1,0,0,0,1,0,1,0,0,0,0
83,63,139,6.43,17.31,42.63,2792.32,4,1,0,0,0,0,0,1,0,0,0,1,0,1,0,0,0,0
88,54,97,8.12,34.29,64.95,2607.96,4,1,0,0,0,0,0,1,0,0,0,1,0,1,0,0,0,0
167,48,56,4.87,17.32,82.7,2019.5,4,1,0,0,1,0,0,0,0,0,0,0,1,0,1,0,0,0
105,56,79,6.66,21.02,74.21,732.63,4,1,0,0,1,0,0,0,0,0,0,0,1,0,1,0,0,0
152,31,117,6.9,36.03,36.03,2653.96,4,1,0,0,1,0,0,0,0,0,0,0,1,0,1,0,0,0
67,73,66,6.96,36.69,33.83,1090.63,4,1,0,0,1,0,0,0,0,0,0,0,1,0,1,0,0,0
89,71,92,5.28,37.76,49.29,1602.97,4,1,0,0,1,0,0,0,0,0,0,0,1,0,1,0,0,0
127,30,62,7.78,14.01,44.44,308.88,4,1,0,0,1,0,0,0,0,0,0,0,1,0,1,0,0,0
142,32,125,7.31,28.2,55.42,388.36,4,1,0,0,1,0,0,0,0,0,0,0,1,0,1,0,0,0
113,78,100,7.8,16.79,66.34,2436.96,4,1,0,0,1,0,0,0,0,0,0,0,1,0,1,0,0,0
39,77,130,6.32,14.14,71.41,1232.9,4,1,0,0,1,0,0,0,0,0,0,0,1,0,1,0,0,0
128,34,23,5.83,24.45,46.88,1194.4,4,1,0,0,1,0,0,0,0,0,0,0,1,0,1,0,0,0
72,66,122,5.92,33.81,74.5,1563.69,4,1,0,0,1,0,0,0,0,0,0,0,1,0,1,0,0,0
166,48,46,5.19,30.69,31.35,699.77,4,1,0,0,1,0,0,0,0,0,0,0,1,0,1,0,0,0
42,91,85,5.16,10.49,86.93,746.46,4,1,0,0,1,0,0,0,0,0,0,0,1,0,1,0,0,0
72,35,105,5.05,27.0,53.32,2241.04,4,1,0,0,1,0,0,0,0,0,0,0,1,0,1,0,0,0
156,30,149,8.19,23.95,70.09,1978.45,4,1,0,0,1,0,0,0,0,0,0,0,1,0,1,0,0,0
60,32,129,6.71,24.99,82.89,2524.49,4,1,0,0,1,0,0,0,0,0,0,0,1,0,1,0,0,0
106,18,140,6.72,32.63,53.99,2270.18,4,1,0,0,1,0,0,0,0,0,0,0,1,0,1,0,0,0
79,19,88,4.92,38.64,47.74,2042.23,4,1,0,0,1,0,0,0,0,0,0,0,1,0,1,0,0,0
163,98,46,6.61,25.59,68.59,712.85,4,1,0,0,1,0,0,0,0,0,0,0,1,0,1,0,0,0
99,83,87,6.06,17.84,67.28,1314.68,4,1,0,0,1,0,0,0,0,0,0,0,1,0,1,0,0,0
160,88,22,5.17,16.03,62.32,2506.47,4,1,0,0,1,0,0,0,0,0,0,0,1,0,1,0,0,0
135,17,41,7.78,38.12,54.87,2015.72,4,1,0,0,1,0,0,0,0,0,0,0,1,0,1,0,0,0
155,86,126,6.76,16.85,43.95,2243.47,4,1,0,0,1,0,0,0,0,0,0,0,1,0,1,0,0,0
99,24,65,5.71,35.94,46.35,633.33,4,1,0,0,1,0,0,0,0,0,0,0,1,0,1,0,0,0
110,17,99,6.66,23.47,82.84,1130.8,4,1,0,0,1,0,0,0,0,0,0,0,1,0,1,0,0,0
152,60,143,6.68,38.35,59.08,736.12,4,1,0,0,1,0,0,0,0,0,0,0,1,0,1,0,0,0
37,99,90,5.1,39.22,89.68,1501.86,4,1,0,0,1,0,0,0,0,0,0,0,1,0,1,0,0,0
100,66,136,6.22,38.23,46.76,2377.54,4,1,0,0,1,0,0,0,0,0,0,0,1,0,1,0,0,0
80,40,48,6.83,39.21,89.6,824.9,4,1,0,0,1,0,0,0,0,0,0,0,1,0,1,0,0,0
54,30,22,7.72,21.72,38.27,1896.68,4,1,0,0,1,0,0,0,0,0,0,0,1,0,1,0,0,0
139,73,81,6.47,34.74,37.0,2326.29,4,1,0,0,1,0,0,0,0,0,0,0,1,0,1,0,0,0
33,84,106,7.51,22.22,45.21,625.33,4,1,0,0,1,0,0,0,0,0,0,0,1,0,1,0,0,0
42,16,29,4.8,39.56,74.14,1401.66,4,1,0,0,1,0,0,0,0,0,0,0,1,0,1,0,0,0
30,50,96,4.88,22.86,30.1,2005.71,4,1,0,0,0,1,0,0,0,0,0,0,1,0,1,0,0,0
34,81,113,6.94,14.06,70.79,2444.93,4,1,0,0,0,1,0,0,0,0,0,0,1,0,1,0,0,0
66,71,59,6.11,38.97,42.08,1172.18,4,1,0,0,0,1,0,0,0,0,0,0,1,0,1,0,0,0
84,70,33,6.46,24.07,48.92,1972.63,4,1,0,0,0,1,0,0,0,0,0,0,1,0,1,0,0,0
42,89,130,6.32,13.85,65.1,1771.46,4,1,0,0,0,1,0,0,0,0,0,0,1,0,1,0,0,0
176,39,110,7.86,31.6,78.38,1021.1,4,1,0,0,0,1,0,0,0,0,0,0,1,0,1,0,0,0
94,33,121,8.01,17.08,34.69,743.99,4,1,0,0,0,1,0,0,0,0,0,0,1,0,1,0,0,0
85,34,141,5.04,14.03,46.19,1854.21,4,1,0,0,0,1,0,0,0,0,0,0,1,0,1,0,0,0
86,59,133,5.28,35.92,72.09,1928.24,4,1,0,0,0,1,0,0,0,0,0,0,1,0,1,0,0,0
157,88,136,5.04,10.92,74.87,2265.56,4,1,0,0,0,1,0,0,0,0,0,0,1,0,1,0,0,0
170,76,103,6.64,38.79,45.21,1889.38,4,1,0,0,0,1,0,0,0,0,0,0,1,0,1,0,0,0
123,16,99,7.29,24.4,80.98,2094.29,4,1,0,0,0,1,0,0,0,0,0,0,1,0,1,0,0,0
175,15,26,5.05,18.86,49.49,2272.0,4,1,0,0,0,1,0,0,0,0,0,0,1,0,1,0,0,0
50,39,146,7.25,37.45,34.33,2076.89,4,1,0,0,0,1,0,0,0,0,0,0,1,0,1,0,0,0
39,15,126,5.08,21.92,34.24,1646.68,4,1,0,0,0,1,0,0,0,0,0,0,1,0,1,0,0,0
120,33,88,7.14,36.25,63.14,2374.85,4,1,0,0,0,1,0,0,0,0,0,0,1,0,1,0,0,0
138,84,124,5.52,39.92,78.1,565.9,4,1,0,0,0,1,0,0,0,0,0,0,1,0,1,0,0,0
162,52,103,5.62,12.08,47.04,1169.88,4,1,0,0,0,1,0,0,0,0,0,0,1,0,1,0,0,0
177,79,26,7.3,13.47,40.84,2249.87,4,1,0,0,0,1,0,0,0,0,0,0,1,0,1,0,0,0
38,56,49,5.39,30.51,30.59,2780.71,4,1,0,0,0,1,0,0,0,0,0,0,1,0,1,0,0,0
72,35,110,6.8,24.7,75.55,1487.17,4,1,0,0,0,1,0,0,0,0,0,0,1,0,1,0,0,0
153,68,55,5.32,26.56,61.38,2753.92,4,1,0,0,0,1,0,0,0,0,0,0,1,0,1,0,0,0
146,21,99,5.59,18.53,73.43,1770.32,4,1,0,0,0,1,0,0,0,0,0,0,1,0,1,0,0,0
171,87,135,6.23,28.47,74.71,2359.85,4,1,0,0,0,1,0,0,0,0,0,0,1,0,1,0,0,0
153,57,84,6.06,38.02,81.34,1220.4,4,1,0,0,0,0,1,0,0,0,0,0,1,0,0,0,1,0
62,64,73,5.64,39.4,41.15,1517.34,4,1,0,0,0,0,1,0,0,0,0,0,1,0,0,0,1,0
54,21,108,5.16,14.42,86.82,962.19,4,1,0,0,0,0,1,0,0,0,0,0,1,0,0,0,1,0
47,80,125,6.53,19.69,42.34,2478.55,4,1,0,0,0,0,1,0,0,0,0,0,1,0,0,0,1,0
63,48,142,7.57,17.43,69.69,385.13,4,1,0,0,0,0,1,0,0,0,0,0,1,0,0,0,1,0
111,33,139,5.83,35.84,56.27,880.67,4,1,0,0,0,0,1,0,0,0,0,0,1,0,0,0,1,0
67,77,45,6.54,23.27,31.94,2466.64,4,1,0,0,0,0,1,0,0,0,0,0,1,0,0,0,1,0
38,78,56,5.19,21.28,58.03,2541.04,4,1,0,0,0,0,1,0,0,0,0,0,1,0,0,0,1,0
67,63,56,5.24,35.08,39.61,1151.75,4,1,0,0,0,0,1,0,0,0,0,0,1,0,0,0,1,0
56,65,79,6.7,39.83,85.46,1844.79,4,1,0,0,0,0,1,0,0,0,0,0,1,0,0,0,1,0
89,15,89,6.51,38.53,43.3,422.78,4,1,0,0,0,0,1,0,0,0,0,0,1,0,0,0,1,0
151,32,87,7.36,38.43,75.48,1023.98,4,1,0,0,0,0,1,0,0,0,0,0,1,0,0,0,1,0
48,36,63,5.47,23.84,43.51,1494.23,4,1,0,0,0,0,1,0,0,0,0,0,1,0,0,0,1,0
130,27,84,6.46,12.09,41.33,2311.65,4,1,0,0,0,0,1,0,0,0,0,0,1,0,0,0,1,0
116,70,133,5.22,34.96,44.23,2305.88,4,1,0,0,0,0,1,0,0,0,0,0,1,0,0,0,1,0
36,29,101,6.18,29.38,80.44,2232.85,4,1,0,0,0,0,1,0,0,0,0,0,1,0,0,0,1,0
80,88,140,5.24,20.51,47.51,2641.6,4,1,0,0,0,0,1,0,0,0,0,0,1,0,0,0,1,0
134,80,130,5.85,32.31,70.36,1992.06,4,1,0,0,0,0,1,0,0,0,0,0,1,0,0,0,1,0
49,30,149,7.48,31.82,66.36,1436.2,4,1,0,0,0,0,1,0,0,0,0,0,1,0,0,0,1,0
149,89,50,7.73,19.83,34.29,659.6,4,1,0,0,0,0,1,0,0,0,0,0,1,0,0,0,1,0
168,34,96,7.6,22.78,81.03,761.04,4,1,0,0,0,0,1,0,0,0,0,0,1,0,0,0,1,0
149,50,112,7.5,30.43,83.0,2234.78,4,1,0,0,0,0,1,0,0,0,0,0,1,0,0,0,1,0
150,59,125,5.92,23.41,45.91,901.23,4,1,0,0,0,0,1,0,0,0,0,0,1,0,0,0,1,0
47,45,91,6.09,16.09,70.64,1955.37,4,1,0,0,0,0,1,0,0,0,0,0,1,0,0,0,1,0
61,81,31,5.26,34.51,87.28,1229.18,4,1,0,0,0,0,1,0,0,0,0,0,1,0,0,0,1,0
159,94,57,7.81,24.96,73.06,1736.84,4,1,0,0,0,0,1,0,0,0,0,0,1,0,0,0,1,0
157,67,76,6.66,25.96,88.96,1273.23,4,1,0,0,0,0,0,1,0,0,0,0,1,1,0,0,0,0
145,35,114,7.16,22.83,84.14,1510.56,4,1,0,0,0,0,0,1,0,0,0,0,1,1,0,0,0,0
89,53,105,7.45,13.96,40.82,437.51,4,1,0,0,0,0,0,1,0,0,0,0,1,1,0,0,0,0
115,91,109,7.44,39.42,50.31,467.24,4,1,0,0,0,0,0,1,0,0,0,0,1,1,0,0,0,0
177,97,115,5.82,36.3,34.1,2228.69,4,1,0,0,0,0,0,1,0,0,0,0,1,1,0,0,0,0
30,59,116,5.05,24.22,86.07,1308.89,4,1,0,0,0,0,0,1,0,0,0,0,1,1,0,0,0,0
41,80,108,7.55,29.07,71.83,2172.18,4,1,0,0,0,0,0,1,0,0,0,0,1,1,0,0,0,0
43,39,145,6.08,36.43,35.99,1504.1,4,1,0,0,0,0,0,1,0,0,0,0,1,1,0,0,0,0
175,90,129,5.33,30.68,71.25,432.05,4,1,0,0,0,0,0,1,0,0,0,0,1,1,0,0,0,0
44,35,94,7.43,26.33,57.18,1642.71,4,1,0,0,0,0,0,1,0,0,0,0,1,1,0,0,0,0
153,87,82,8.13,27.91,38.15,2631.79,4,1,0,0,0,0,0,1,0,0,0,0,1,1,0,0,0,0
167,50,77,6.4,18.92,79.7,546.67,4,1,0,0,0,0,0,1,0,0,0,0,1,1,0,0,0,0
55,43,116,7.14,25.08,76.12,1200.06,4,1,0,0,0,0,0,1,0,0,0,0,1,1,0,0,0,0
173,96,122,5.2,14.59,81.69,2266.04,4,1,0,0,0,0,0,1,0,0,0,0,1,1,0,0,0,0
147,24,126,7.41,19.85,56.69,1383.43,4,1,0,0,0,0,0,1,0,0,0,0,1,1,0,0,0,0
128,82,58,6.66,29.96,87.45,1251.9,4,1,0,0,0,0,0,1,0,0,0,0,1,1,0,0,0,0
79,78,80,7.29,32.31,83.99,2389.77,4,1,0,0,0,0,0,1,0,0,0,0,1,1,0,0,0,0
88,34,47,7.41,29.35,78.18,1850.94,4,1,0,0,0,0,0,1,0,0,0,0,1,1,0,0,0,0
71,88,130,7.95,17.9,30.46,2476.48,4,1,0,0,0,0,0,1,0,0,0,0,1,1,0,0,0,0
173,89,94,7.27,21.82,76.14,539.81,4,0,1,0,1,0,0,0,1,0,0,0,0,0,1,0,0,0
80,88,60,6.88,36.2,68.85,1808.95,4,0,1,0,1,0,0,0,1,0,0,0,0,0,1,0,0,0
142,46,126,5.81,19.47,64.81,1928.2,4,0,1,0,1,0,0,0,1,0,0,0,0,0,1,0,0,0
179,56,77,5.06,15.57,79.95,2120.11,4,0,1,0,1,0,0,0,1,0,0,0,0,0,1,0,0,0
30,54,20,6.06,22.89,49.94,1458.4,4,0,1,0,1,0,0,0,1,0,0,0,0,0,1,0,0,0
107,74,83,7.85,26.97,71.77,711.55,4,0,1,0,1,0,0,0,1,0,0,0,0,0,1,0,0,0
121,44,131,5.81,33.78,70.7,1535.24,4,0,1,0,1,0,0,0,1,0,0,0,0,0,1,0,0,0
63,84,125,5.45,28.74,66.95,2120.83,4,0,1,0,1,0,0,0,1,0,0,0,0,0,1,0,0,0
63,71,108,6.32,23.69,37.36,1865.16,4,0,1,0,1,0,0,0,1,0,0,0,0,0,1,0,0,0
136,93,44,6.83,32.61,48.81,1896.82,4,0,1,0,1,0,0,0,1,0,0,0,0,0,1,0,0,0
112,37,52,6.0,14.01,40.54,1962.17,4,0,1,0,1,0,0,0,1,0,0,0,0,0,1,0,0,0
60,25,36,5.43,14.8,45.45,854.14,4,0,1,0,1,0,0,0,1,0,0,0,0,0,1,0,0,0
46,40,106,6.32,12.28,89.91,2118.61,4,0,1,0,1,0,0,0,1,0,0,0,0,0,1,0,0,0
31,71,20,7.03,19.0,33.73,837.11,4,0,1,0,1,0,0,0,1,0,0,0,0,0,1,0,0,0
60,55,143,6.92,24.54,77.85,1594.97,4,0,1,0,1,0,0,0,1,0,0,0,0,0,1,0,0,0
159,30,83,5.15,21.68,68.96,2142.31,4,0,1,0,1,0,0,0,1,0,0,0,0,0,1,0,0,0
96,88,34,8.05,17.02,33.63,967.47,4,0,1,0,1,0,0,0,1,0,0,0,0,0,1,0,0,0
47,85,140,8.12,36.38,55.67,1404.33,4,0,1,0,1,0,0,0,1,0,0,0,0,0,1,0,0,0
179,38,140,6.12,38.57,43.25,440.12,4,0,1,0,1,0,0,0,1,0,0,0,0,0,1,0,0,0
160,92,147,6.79,26.41,68.11,598.51,4,0,1,0,1,0,0,0,1,0,0,0,0,0,1,0,0,0
99,15,137,7.94,21.93,73.97,1458.78,4,0,1,0,1,0,0,0,1,0,0,0,0,0,1,0,0,0
176,90,132,7.99,10.2,49.75,2501.56,4,0,1,0,1,0,0,0,1,0,0,0,0,0,1,0,0,0
86,38,78,7.89,27.27,55.13,2220.68,4,0,1,0,1,0,0,0,1,0,0,0,0,0,1,0,0,0
175,21,81,6.04,21.11,45.84,1429.99,4,0,1,0,0,1,0,0,1,0,0,0,0,1,0,0,0,0
161,24,99,6.95,31.08,76.25,1148.76,4,0,1,0,0,1,0,0,1,0,0,0,0,1,0,0,0,0
61,70,37,8.08,35.88,44.44,2216.3,4,0,1,0,0,1,0,0,1,0,0,0,0,1,0,0,0,0
173,31,93,7.02,33.91,65.86,1927.38,4,0,1,0,0,1,0,0,1,0,0,0,0,1,0,0,0,0
146,63,36,7.53,23.09,61.24,1774.72,4,0,1,0,0,1,0,0,1,0,0,0,0,1,0,0,0,0
170,44,56,5.77,22.63,68.06,2251.02,4,0,1,0,0,1,0,0,1,0,0,0,0,1,0,0,0,0
90,21,98,7.77,15.44,46.09,1363.12,4,0,1,0,0,1,0,0,1,0,0,0,0,1,0,0,0,0
86,35,21,5.49,22.84,46.07,2677.97,4,0,1,0,0,1,0,0,1,0,0,0,0,1,0,0,0,0
151,48,143,6.51,11.4,67.98,2019.59,4,0,1,0,0,1,0,0,1,0,0,0,0,1,0,0,0,0
132,58,52,8.16,21.79,48.13,1949.7,4,0,1,0,0,1,0,0,1,0,0,0,0,1,0,0,0,0
43,46,132,5.53,36.92,30.09,1696.11,4,0,1,0,0,1,0,0,1,0,0,0,0,1,0,0,0,0
125,62,36,6.08,22.65,80.94,481.38,4,0,1,0,0,1,0,0,1,0,0,0,0,1,0,0,0,0
88,19,87,6.75,25.37,32.3,2116.88,4,0,1,0,0,1,0,0,1,0,0,0,0,1,0,0,0,0
157,16,50,5.63,12.81,70.27,2441.85,4,0,1,0,0,1,0,0,1,0,0,0,0,1,0,0,0,0
164,64,144,7.3,24.37,69.73,1225.11,4,0,1,0,0,1,0,0,1,0,0,0,0,1,0,0,0,0
92,20,81,8.14,35.03,82.71,2642.07,4,0,1,0,0,1,0,0,1,0,0,0,0,1,0,0,0,0
87,99,110,6.1,17.37,69.46,1161.03,4,0,1,0,0,1,0,0,1,0,0,0,0,1,0,0,0,0
47,30,90,8.01,37.9,66.01,997.77,4,0,1,0,0,1,0,0,1,0,0,0,0,1,0,0,0,0
39,39,95,5.74,15.92,77.5,802.67,4,0,1,0,0,1,0,0,1,0,0,0,0,1,0,0,0,0
156,18,39,5.35,16.98,43.46,2567.39,4,0,1,0,0,1,0,0,1,0,0,0,0,1,0,0,0,0
59,63,72,6.51,19.99,87.12,491.83,4,0,1,0,0,1,0,0,1,0,0,0,0,1,0,0,0,0
67,43,107,6.58,14.23,58.92,2365.8,4,0,1,0,0,1,0,0,1,0,0,0,0,1,0,0,0,0
85,41,78,4.88,33.58,76.05,2037.37,4,0,1,0,0,1,0,0,1,0,0,0,0,1,0,0,0,0
121,54,143,7.77,25.11,39.24,2288.8,4,0,1,0,0,1,0,0,1,0,0,0,0,1,0,0,0,0
80,18,79,5.89,35.7,42.04,1981.19,4,0,1,0,0,1,0,0,1,0,0,0,0,1,0,0,0,0
109,91,66,7.03,35.72,60.97,2396.48,4,0,1,0,0,1,0,0,1,0,0,0,0,1,0,0,0,0
99,92,144,5.27,24.76,40.69,2133.49,4,0,1,0,0,0,1,0,1,0,0,0,0,1,0,0,0,0
134,23,113,7.62,30.64,36.21,1219.64,4,0,1,0,0,0,1,0,1,0,0,0,0,1,0,0,0,0
136,49,115,5.83,23.91,67.52,404.86,4,0,1,0,0,0,1,0,1,0,0,0,0,1,0,0,0,0
110,94,69,6.9,22.27,89.57,1863.64,4,0,1,0,0,0,1,0,1,0,0,0,0,1,0,0,0,0
177,25,54,7.73,16.61,38.75,480.36,4,0,1,0,0,0,1,0,1,0,0,0,0,1,0,0,0,0
127,53,41,5.44,26.22,76.08,1279.8,4,0,1,0,0,0,1,0,1,0,0,0,0,1,0,0,0,0
159,15,37,8.05,13.94,61.04,2299.01,4,0,1,0,0,0,1,0,1,0,0,0,0,1,0,0,0,0
39,71,20,5.3,35.71,81.95,402.89,4,0,1,0,0,0,1,0,1,0,0,0,0,1,0,0,0,0
104,53,55,6.23,12.03,60.74,921.84,4,0,1,0,0,0,1,0,1,0,0,0,0,1,0,0,0,0
74,69,120,5.19,26.6,56.07,757.9,4,0,1,0,0,0,1,0,1,0,0,0,0,1,0,0,0,0
34,70,36,6.09,26.52,83.09,1439.92,4,0,1,0,0,0,1,0,1,0,0,0,0,1,0,0,0,0
51,38,83,6.47,15.95,85.19,1382.23,4,0,1,0,0,0,1,0,1,0,0,0,0,1,0,0,0,0
159,47,92,6.59,32.86,71.41,1244.13,4,0,1,0,0,0,1,0,1,0,0,0,0,1,0,0,0,0
127,93,81,5.37,12.97,68.29,651.31,4,0,1,0,0,0,1,0,1,0,0,0,0,1,0,0,0,0
112,63,60,4.88,19.5,38.03,2462.31,4,0,1,0,0,0,1,0,1,0,0,0,0,1,0,0,0,0
39,67,21,6.19,10.26,37.25,1230.27,4,0,1,0,0,0,1,0,1,0,0,0,0,1,0,0,0,0
152,36,75,6.89,18.29,38.6,2691.18,4,0,1,0,0,0,1,0,1,0,0,0,0,1,0,0,0,0
69,83,72,5.41,24.01,87.58,1200.01,4,0,1,0,0,0,1,0,1,0,0,0,0,1,0,0,0,0
98,79,38,5.95,20.56,86.72,2256.62,4,0,1,0,0,0,1,0,1,0,0,0,0,1,0,0,0,0
61,55,133,7.27,26.7,42.75,2364.29,4,0,1,0,0,0,1,0,1,0,0,0,0,1,0,0,0,0
151,36,32,5.28,30.08,56.41,756.87,4,0,1,0,0,0,1,0,1,0,0,0,0,1,0,0,0,0
91,66,36,5.55,16.35,53.77,2006.59,4,0,1,0,0,0,1,0,1,0,0,0,0,1,0,0,0,0
170,75,105,6.85,28.84,55.37,780.14,4,0,1,0,0,0,1,0,1,0,0,0,0,1,0,0,0,0
60,45,140,5.55,14.37,88.49,2361.12,4,0,1,0,0,0,1,0,1,0,0,0,0,1,0,0,0,0
60,26,141,6.16,34.33,70.89,2097.18,4,0,1,0,0,0,1,0,1,0,0,0,0,1,0,0,0,0
160,39,108,8.12,30.52,70.09,2649.12,4,0,1,0,0,0,1,0,1,0,0,0,0,1,0,0,0,0
85,98,37,6.56,39.27,36.23,2074.08,4,0,1,0,0,0,0,1,1,0,0,0,0,1,0,0,0,0
164,94,115,7.45,39.68,83.68,1770.81,4,0,1,0,0,0,0,1,1,0,0,0,0,1,0,0,0,0
100,77,117,7.81,12.59,71.71,2269.08,4,0,1,0,0,0,0,1,1,0,0,0,0,1,0,0,0,0
93,85,38,7.52,16.3,39.86,478.7,4,0,1,0,0,0,0,1,1,0,0,0,0,1,0,0,0,0
154,95,110,6.19,26.59,43.53,1983.61,4,0,1,0,0,0,0,1,1,0,0,0,0,1,0,0,0,0
151,79,129,8.17,16.01,88.29,1016.63,4,0,1,0,0,0,0,1,1,0,0,0,0,1,0,0,0,0
48,66,41,5.51,18.51,54.22,1198.11,4,0,1,0,0,0,0,1,1,0,0,0,0,1,0,0,0,0
104,67,55,6.3,21.27,64.93,1900.79,4,0,1,0,0,0,0,1,1,0,0,0,0,1,0,0,0,0
148,51,29,5.69,26.03,34.1,897.66,4,0,1,0,0,0,0,1,1,0,0,0,0,1,0,0,0,0
162,52,118,6.45,17.6,77.83,635.8,4,0,1,0,0,0,0,1,1,0,0,0,0,1,0,0,0,0
116,76,32,7.32,39.37,66.82,356.33,4,0,1,0,0,0,0,1,1,0,0,0,0,1,0,0,0,0
50,31,111,7.34,18.41,86.01,1452.49,4,0,1,0,0,0,0,1,1,0,0,0,0,1,0,0,0,0
167,62,77,7.72,24.84,47.58,419.15,4,0,1,0,0,0,0,1,1,0,0,0,0,1,0,0,0,0
101,31,62,7.14,19.74,68.54,670.88,4,0,1,0,0,0,0,1,1,0,0,0,0,1,0,0,0,0
100,35,138,5.93,14.54,47.55,832.3,4,0,1,0,0,0,0,1,1,0,0,0,0,1,0,0,0,0
133,34,119,6.27,34.36,67.51,2188.77,4,0,1,0,0,0,0,1,1,0,0,0,0,1,0,0,0,0
46,22,117,7.43,30.88,75.63,1631.04,4,0,1,0,0,0,0,1,1,0,0,0,0,1,0,0,0,0
120,32,93,5.97,38.68,60.66,320.82,4,0,1,0,0,0,0,1,1,0,0,0,0,1,0,0,0,0
92,25,102,6.72,13.56,72.03,906.43,4,0,1,0,0,0,0,1,1,0,0,0,0,1,0,0,0,0
162,15,40,6.42,30.53,65.9,1756.24,4,0,1,0,0,0,0,1,1,0,0,0,0,1,0,0,0,0
117,27,123,4.95,19.1,86.12,2704.29,4,0,1,0,0,0,0,1,1,0,0,0,0,1,0,0,0,0
114,53,140,7.19,38.39,82.17,2511.3,4,0,1,0,0,0,0,1,1,0,0,0,0,1,0,0,0,0
129,66,79,5.67,22.36,62.26,2449.33,4,0,1,0,0,0,0,1,1,0,0,0,0,1,0,0,0,0
174,44,113,7.5,28.46,88.52,487.54,4,0,1,0,0,0,0,1,1,0,0,0,0,1,0,0,0,0
164,16,56,7.21,16.66,47.7,2242.77,4,0,1,0,0,0,0,1,1,0,0,0,0,1,0,0,0,0
119,57,61,8.12,11.66,85.07,2463.76,4,0,1,0,0,0,0,1,1,0,0,0,0,1,0,0,0,0
166,79,69,7.5,36.72,39.6,793.48,4,0,1,0,0,0,0,1,1,0,0,0,0,1,0,0,0,0
42,34,57,7.95,24.87,32.31,528.65,4,0,1,0,0,0,0,1,1,0,0,0,0,1,0,0,0,0
110,47,37,5.4,17.28,51.69,909.47,4,0,1,0,0,0,0,1,1,0,0,0,0,1,0,0,0,0
156,46,141,5.55,37.12,30.28,1359.2,4,0,1,0,0,0,0,1,1,0,0,0,0,1,0,0,0,0
118,67,45,5.39,18.88,73.54,957.11,4,0,1,0,0,0,0,1,1,0,0,0,0,1,0,0,0,0
124,25,56,7.69,11.16,81.26,1739.42,4,0,1,0,0,0,0,1,1,0,0,0,0,1,0,0,0,0
118,97,137,6.17,16.05,37.02,1151.37,4,0,1,0,0,0,0,1,1,0,0,0,0,1,0,0,0,0
127,22,131,6.33,13.87,54.2,1451.38,4,0,1,0,0,0,0,1,1,0,0,0,0,1,0,0,0,0
37,65,27,4.99,22.63,68.34,2222.5,4,0,1,0,0,0,0,1,1,0,0,0,0,1,0,0,0,0
80,31,79,6.94,15.02,71.91,444.49,4,0,1,0,0,0,0,1,1,0,0,0,0,1,0,0,0,0
98,94,85,5.01,23.47,36.89,407.62,4,0,1,0,1,0,0,0,0,1,0,0,0,1,0,0,0,0
119,70,44,7.94,20.38,82.95,799.98,4,0,1,0,1,0,0,0,0,1,0,0,0,1,0,0,0,0
66,62,95,7.8,39.01,71.42,2171.35,4,0,1,0,1,0,0,0,0,1,0,0,0,1,0,0,0,0
160,59,102,5.26,16.04,78.35,390.41,4,0,1,0,1,0,0,0,0,1,0,0,0,1,0,0,0,0
97,59,72,7.79,13.17,89.63,1613.16,4,0,1,0,1,0,0,0,0,1,0,0,0,1,0,0,0,0
174,76,64,8.03,29.58,43.82,2653.57,4,0,1,0,1,0,0,0,0,1,0,0,0,1,0,0,0,0
56,44,69,7.82,14.11,38.73,303.48,4,0,1,0,1,0,0,0,0,1,0,0,0,1,0,0,0,0
112,98,114,6.01,35.94,83.42,2390.73,4,0,1,0,1,0,0,0,0,1,0,0,0,1,0,0,0,0
55,21,140,7.59,26.49,37.48,1131.7,4,0,1,0,1,0,0,0,0,1,0,0,0,1,0,0,0,0
66,95,94,8.08,16.44,48.3,1890.2,4,0,1,0,1,0,0,0,0,1,0,0,0,1,0,0,0,0
98,38,41,7.62,24.35,63.58,1730.66,4,0,1,0,1,0,0,0,0,1,0,0,0,1,0,0,0,0
95,45,135,7.74,26.57,68.51,908.55,4,0,1,0,1,0,0,0,0,1,0,0,0,1,0,0,0,0
179,42,24,6.03,29.17,45.97,1715.26,4,0,1,0,1,0,0,0,0,1,0,0,0,1,0,0,0,0
152,15,31,5.22,29.85,53.02,2183.28,4,0,1,0,1,0,0,0,0,1,0,0,0,1,0,0,0,0
141,35,135,5.42,27.69,75.56,1597.31,4,0,1,0,1,0,0,0,0,1,0,0,0,1,0,0,0,0
48,88,85,7.08,21.97,36.94,2095.38,4,0,1,0,1,0,0,0,0,1,0,0,0,1,0,0,0,0
50,83,30,7.02,10.71,87.71,2456.67,4,0,1,0,1,0,0,0,0,1,0,0,0,1,0,0,0,0
176,26,67,7.44,35.5,68.23,1950.66,4,0,1,0,1,0,0,0,0,1,0,0,0,1,0,0,0,0
157,88,72,7.88,15.43,82.19,2276.88,4,0,1,0,1,0,0,0,0,1,0,0,0,1,0,0,0,0
124,89,41,6.38,39.11,53.53,2390.66,4,0,1,0,0,1,0,0,0,1,0,0,0,1,0,0,0,0
99,36,98,6.71,13.32,78.78,1141.01,4,0,1,0,0,1,0,0,0,1,0,0,0,1,0,0,0,0
111,28,121,4.88,17.01,41.36,1227.45,4,0,1,0,0,1,0,0,0,1,0,0,0,1,0,0,0,0
68,28,93,5.57,16.33,78.7,2780.64,4,0,1,0,0,1,0,0,0,1,0,0,0,1,0,0,0,0
122,33,64,5.25,28.92,60.23,1341.81,4,0,1,0,0,1,0,0,0,1,0,0,0,1,0,0,0,0
36,52,97,6.64,38.9,54.36,1528.09,4,0,1,0,0,1,0,0,0,1,0,0,0,1,0,0,0,0
154,36,32,8.06,13.48,84.61,1178.61,4,0,1,0,0,1,0,0,0,1,0,0,0,1,0,0,0,0
178,48,72,5.72,23.36,89.63,884.7,4,0,1,0,0,1,0,0,0,1,0,0,0,1,0,0,0,0
75,58,60,7.9,29.93,56.04,1815.49,4,0,1,0,0,1,0,0,0,1,0,0,0,1,0,0,0,0
74,66,28,7.52,19.46,43.65,336.81,4,0,1,0,0,1,0,0,0,1,0,0,0,1,0,0,0,0
110,92,45,7.12,10.34,87.13,1198.3,4,0,1,0,0,1,0,0,0,1,0,0,0,1,0,0,0,0
90,96,45,6.03,37.08,71.25,1476.89,4,0,1,0,0,1,0,0,0,1,0,0,0,1,0,0,0,0
105,60,30,6.28,23.05,46.23,939.04,4,0,1,0,0,1,0,0,0,1,0,0,0,1,0,0,0,0
170,93,144,8.01,13.94,43.65,393.35,4,0,1,0,0,1,0,0,0,1,0,0,0,1,0,0,0,0
144,88,117,6.25,35.6,73.95,1763.67,4,0,1,0,0,1,0,0,0,1,0,0,0,1,0,0,0,0
154,57,79,7.81,30.6,48.48,1851.22,4,0,1,0,0,1,0,0,0,1,0,0,0,1,0,0,0,0
87,77,63,5.3,23.55,40.96,1777.81,4,0,1,0,0,1,0,0,0,1,0,0,0,1,0,0,0,0
149,49,130,5.28,25.66,65.95,2085.86,4,0,1,0,0,1,0,0,0,1,0,0,0,1,0,0,0,0
119,42,57,5.12,12.18,36.75,1763.72,4,0,1,0,0,1,0,0,0,1,0,0,0,1,0,0,0,0
142,17,28,6.3,37.36,55.7,1270.28,4,0,1,0,0,1,0,0,0,1,0,0,0,1,0,0,0,0
130,74,45,7.24,24.87,51.68,378.58,4,0,1,0,0,1,0,0,0,1,0,0,0,1,0,0,0,0
155,83,134,6.75,31.6,75.41,1823.7,4,0,1,0,0,1,0,0,0,1,0,0,0,1,0,0,0,0
32,62,22,6.65,13.58,84.89,2503.21,4,0,1,0,0,1,0,0,0,1,0,0,0,1,0,0,0,0
138,37,144,6.86,22.79,78.34,1921.75,4,0,1,0,0,1,0,0,0,1,0,0,0,1,0,0,0,0
147,84,91,5.86,31.87,57.86,617.41,4,0,1,0,0,1,0,0,0,1,0,0,0,1,0,0,0,0
58,74,30,5.81,30.24,64.64,1576.09,4,0,1,0,0,1,0,0,0,1,0,0,0,1,0,0,0,0
43,19,91,7.37,11.78,30.76,2192.59,4,0,1,0,0,1,0,0,0,1,0,0,0,1,0,0,0,0
125,54,22,5.27,18.07,32.07,414.8,4,0,1,0,0,1,0,0,0,1,0,0,0,1,0,0,0,0
111,96,121,5.62,36.51,62.15,1029.46,4,0,1,0,0,1,0,0,0,1,0,0,0,1,0,0,0,0
173,86,132,5.65,21.08,78.52,993.53,4,0,1,0,0,1,0,0,0,1,0,0,0,1,0,0,0,0
45,94,126,7.38,37.18,85.1,715.84,4,0,1,0,0,1,0,0,0,1,0,0,0,1,0,0,0,0
156,33,95,5.25,20.08,42.05,477.89,4,0,1,0,0,1,0,0,0,1,0,0,0,1,0,0,0,0
145,38,85,7.48,20.62,53.18,2535.24,4,0,1,0,0,1,0,0,0,1,0,0,0,1,0,0,0,0
138,43,127,6.18,20.39,73.39,2477.3,4,0,1,0,0,1,0,0,0,1,0,0,0,1,0,0,0,0
81,51,122,5.66,13.35,34.86,1973.26,4,0,1,0,0,0,1,0,0,1,0,0,0,0,0,0,0,1
81,71,115,6.74,22.99,81.97,847.13,4,0,1,0,0,0,1,0,0,1,0,0,0,0,0,0,0,1
123,45,113,5.68,37.26,59.9,2355.13,4,0,1,0,0,0,1,0,0,1,0,0,0,0,0,0,0,1
128,36,45,7.97,26.94,46.53,1036.86,4,0,1,0,0,0,1,0,0,1,0,0,0,0,0,0,0,1
90,29,116,5.25,36.83,79.48,2136.9,4,0,1,0,0,0,1,0,0,1,0,0,0,0,0,0,0,1
82,43,27,5.06,19.81,82.07,1394.93,4,0,1,0,0,0,1,0,0,1,0,0,0,0,0,0,0,1
68,44,147,5.32,39.71,58.84,447.33,4,0,1,0,0,0,1,0,0,1,0,0,0,0,0,0,0,1
172,57,106,5.84,11.22,88.85,2212.23,4,0,1,0,0,0,1,0,0,1,0,0,0,0,0,0,0,1
172,34,22,6.73,33.67,58.15,640.87,4,0,1,0,0,0,1,0,0,1,0,0,0,0,0,0,0,1
172,46,130,7.82,23.36,71.15,1832.17,4,0,1,0,0,0,1,0,0,1,0,0,0,0,0,0,0,1
31,52,115,7.09,22.99,55.8,1543.26,4,0,1,0,0,0,1,0,0,1,0,0,0,0,0,0,0,1
175,46,44,6.17,11.54,75.33,2208.77,4,0,1,0,0,0,1,0,0,1,0,0,0,0,0,0,0,1
142,37,101,5.65,26.3,73.45,1997.83,4,0,1,0,0,0,1,0,0,1,0,0,0,0,0,0,0,1
101,71,55,6.17,34.34,33.36,2170.59,4,0,1,0,0,0,1,0,0,1,0,0,0,0,0,0,0,1
71,36,75,5.32,23.83,62.75,2135.67,4,0,1,0,0,0,1,0,0,1,0,0,0,0,0,0,0,1
54,18,69,7.8,32.87,69.49,2641.74,4,0,1,0,0,0,1,0,0,1,0,0,0,0,0,0,0,1
76,31,40,4.98,25.47,77.88,2299.37,4,0,1,0,0,0,1,0,0,1,0,0,0,0,0,0,0,1
61,98,139,6.77,32.2,53.11,790.28,4,0,1,0,0,0,1,0,0,1,0,0,0,0,0,0,0,1
166,89,126,7.91,11.76,44.73,1022.38,4,0,1,0,0,0,1,0,0,1,0,0,0,0,0,0,0,1
78,82,40,5.19,12.63,83.83,2208.24,4,0,1,0,0,0,1,0,0,1,0,0,0,0,0,0,0,1
120,31,67,7.68,33.38,44.67,2374.81,4,0,1,0,0,0,1,0,0,1,0,0,0,0,0,0,0,1
84,20,40,7.04,32.06,58.15,1137.07,4,0,1,0,0,0,1,0,0,1,0,0,0,0,0,0,0,1
124,50,92,4.92,32.62,66.28,2502.7,4,0,1,0,0,0,0,1,0,1,0,0,0,1,0,0,0,0
178,75,37,7.49,32.04,47.92,1097.96,4,0,1,0,0,0,0,1,0,1,0,0,0,1,0,0,0,0
162,47,50,7.3,12.34,89.12,2144.42,4,0,1,0,0,0,0,1,0,1,0,0,0,1,0,0,0,0
169,79,47,4.91,20.47,30.77,600.29,4,0,1,0,0,0,0,1,0,1,0,0,0,1,0,0,0,0
136,65,100,5.03,37.12,38.92,1972.43,4,0,1,0,0,0,0,1,0,1,0,0,0,1,0,0,0,0
46,33,78,5.0,23.93,63.82,2486.6,4,0,1,0,0,0,0,1,0,1,0,0,0,1,0,0,0,0
131,88,127,5.12,36.72,73.45,965.38,4,0,1,0,0,0,0,1,0,1,0,0,0,1,0,0,0,0
178,48,86,6.11,19.92,62.94,2428.53,4,0,1,0,0,0,0,1,0,1,0,0,0,1,0,0,0,0
70,92,71,6.2,18.14,76.49,1536.45,4,0,1,0,0,0,0,1,0,1,0,0,0,1,0,0,0,0
67,22,101,7.98,20.67,52.09,1999.32,4,0,1,0,0,0,0,1,0,1,0,0,0,1,0,0,0,0
107,48,29,6.93,38.82,80.75,1100.34,4,0,1,0,0,0,0,1,0,1,0,0,0,1,0,0,0,0
74,82,88,6.15,28.86,41.16,885.67,4,0,1,0,0,0,0,1,0,1,0,0,0,1,0,0,0,0
144,97,115,7.28,17.67,83.82,1043.31,4,0,1,0,0,0,0,1,0,1,0,0,0,1,0,0,0,0
56,40,111,7.0,21.71,81.08,2215.87,4,0,1,0,0,0,0,1,0,1,0,0,0,1,0,0,0,0
68,18,65,4.87,36.36,44.73,1499.15,4,0,1,0,0,0,0,1,0,1,0,0,0,1,0,0,0,0
140,76,124,7.68,29.59,72.73,494.18,4,0,1,0,0,0,0,1,0,1,0,0,0,1,0,0,0,0
128,69,70,5.8,14.41,76.11,2231.98,4,0,1,0,0,0,0,1,0,1,0,0,0,1,0,0,0,0
114,88,59,5.48,35.35,78.98,2198.94,4,0,1,0,0,0,0,1,0,1,0,0,0,1,0,0,0,0
60,43,61,5.05,26.26,79.77,2415.4,4,0,1,0,0,0,0,1,0,1,0,0,0,1,0,0,0,0
172,32,88,8.2,34.46,56.63,557.83,4,0,1,0,0,0,0,1,0,1,0,0,0,1,0,0,0,0
57,50,108,6.05,38.33,72.68,2164.72,4,0,1,0,0,0,0,1,0,1,0,0,0,1,0,0,0,0
85,70,67,7.44,16.28,42.2,353.96,4,0,1,0,0,0,0,1,0,1,0,0,0,1,0,0,0,0
50,91,83,6.27,22.73,70.06,2424.68,4,0,1,0,0,0,0,1,0,1,0,0,0,1,0,0,0,0
122,44,145,5.28,37.2,65.49,1333.69,4,0,1,0,0,0,0,1,0,1,0,0,0,1,0,0,0,0
45,63,53,7.54,38.24,75.14,2239.81,4,0,1,0,0,0,0,1,0,1,0,0,0,1,0,0,0,0
159,77,68,6.83,14.53,75.23,737.72,4,0,1,0,0,0,0,1,0,1,0,0,0,1,0,0,0,0
55,46,146,6.68,14.88,77.4,1644.07,4,0,1,0,0,0,0,1,0,1,0,0,0,1,0,0,0,0
57,82,34,7.53,26.14,44.56,2380.61,4,0,1,0,0,0,0,1,0,1,0,0,0,1,0,0,0,0
74,24,60,6.47,28.66,86.28,1109.18,4,0,1,0,0,0,0,1,0,1,0,0,0,1,0,0,0,0
63,85,45,8.11,27.1,74.01,447.36,4,0,1,0,0,0,0,1,0,1,0,0,0,1,0,0,0,0
78,90,129,6.24,28.59,60.82,1947.75,4,0,1,0,0,0,0,1,0,1,0,0,0,1,0,0,0,0
105,83,62,6.71,27.84,42.0,2219.65,4,0,1,0,0,0,0,1,0,1,0,0,0,1,0,0,0,0
93,60,26,6.98,30.84,35.92,432.81,4,0,1,0,0,0,0,1,0,1,0,0,0,1,0,0,0,0
170,62,131,7.76,17.15,60.48,1814.86,4,0,1,0,0,0,0,1,0,1,0,0,0,1,0,0,0,0
160,87,103,7.08,33.48,62.46,1473.24,4,0,1,0,0,0,0,1,0,1,0,0,0,1,0,0,0,0
35,34,107,6.5,28.99,86.18,1123.43,4,0,1,0,0,0,0,1,0,1,0,0,0,1,0,0,0,0
131,44,33,5.9,32.25,73.03,767.22,4,0,1,0,0,0,0,1,0,1,0,0,0,1,0,0,0,0
117,90,86,7.21,15.14,42.03,1045.25,4,0,1,0,1,0,0,0,0,0,1,0,0,1,0,0,0,0
68,32,115,5.62,30.57,42.3,2619.5,4,0,1,0,1,0,0,0,0,0,1,0,0,1,0,0,0,0
128,33,60,6.79,29.33,49.54,1545.48,4,0,1,0,1,0,0,0,0,0,1,0,0,1,0,0,0,0
57,48,85,6.34,14.74,39.89,2593.58,4,0,1,0,1,0,0,0,0,0,1,0,0,1,0,0,0,0
162,22,67,5.64,32.45,81.83,524.05,4,0,1,0,1,0,0,0,0,0,1,0,0,1,0,0,0,0
46,32,49,7.79,30.77,78.41,1710.13,4,0,1,0,1,0,0,0,0,0,1,0,0,1,0,0,0,0
70,28,116,8.07,33.42,79.12,1622.15,4,0,1,0,1,0,0,0,0,0,1,0,0,1,0,0,0,0
59,96,91,5.84,19.59,50.31,1013.48,4,0,1,0,1,0,0,0,0,0,1,0,0,1,0,0,0,0
52,80,131,7.0,15.56,35.07,501.8,4,0,1,0,1,0,0,0,0,0,1,0,0,1,0,0,0,0
130,57,78,6.99,19.4,68.64,1180.38,4,0,1,0,1,0,0,0,0,0,1,0,0,1,0,0,0,0
163,49,129,6.72,21.55,88.42,2613.64,4,0,1,0,1,0,0,0,0,0,1,0,0,1,0,0,0,0
135,44,100,7.5,13.11,46.12,425.58,4,0,1,0,1,0,0,0,0,0,1,0,0,1,0,0,0,0
157,56,47,5.82,30.75,41.56,1415.79,4,0,1,0,1,0,0,0,0,0,1,0,0,1,0,0,0,0
128,78,72,6.73,38.54,88.19,1219.64,4,0,1,0,1,0,0,0,0,0,1,0,0,1,0,0,0,0
131,84,131,5.62,19.66,58.36,896.42,4,0,1,0,1,0,0,0,0,0,1,0,0,1,0,0,0,0
38,67,106,5.94,35.6,70.58,1117.12,4,0,1,0,1,0,0,0,0,0,1,0,0,1,0,0,0,0
95,84,35,5.02,20.72,83.33,782.69,4,0,1,0,1,0,0,0,0,0,1,0,0,1,0,0,0,0
111,22,44,5.51,33.83,64.57,2137.3,4,0,1,0,1,0,0,0,0,0,1,0,0,1,0,0,0,0
133,56,90,6.14,19.73,69.84,1834.6,4,0,1,0,1,0,0,0,0,0,1,0,0,1,0,0,0,0
127,52,27,7.14,17.24,77.49,2708.57,4,0,1,0,1,0,0,0,0,0,1,0,0,1,0,0,0,0
177,86,53,7.89,10.75,89.64,727.14,4,0,1,0,1,0,0,0,0,0,1,0,0,1,0,0,0,0
36,17,116,6.81,19.31,61.69,1725.26,4,0,1,0,1,0,0,0,0,0,1,0,0,1,0,0,0,0
69,65,106,7.58,32.4,56.32,1627.04,4,0,1,0,1,0,0,0,0,0,1,0,0,1,0,0,0,0
40,56,49,7.49,25.99,84.3,2085.48,4,0,1,0,1,0,0,0,0,0,1,0,0,1,0,0,0,0
106,59,137,6.08,23.92,52.43,1674.39,4,0,1,0,1,0,0,0,0,0,1,0,0,1,0,0,0,0
41,84,132,7.81,11.03,62.39,343.25,4,0,1,0,1,0,0,0,0,0,1,0,0,1,0,0,0,0
168,20,104,5.92,37.62,85.64,2710.12,4,0,1,0,1,0,0,0,0,0,1,0,0,1,0,0,0,0
75,77,108,5.38,20.67,31.84,765.09,4,0,1,0,1,0,0,0,0,0,1,0,0,1,0,0,0,0
116,43,141,6.27,27.56,63.99,541.96,4,0,1,0,1,0,0,0,0,0,1,0,0,1,0,0,0,0
116,82,83,4.8,38.72,66.71,1486.88,4,0,1,0,1,0,0,0,0,0,1,0,0,1,0,0,0,0
33,56,124,7.85,28.77,77.68,401.03,4,0,1,0,0,1,0,0,0,0,1,0,0,1,0,0,0,0
50,37,128,7.79,31.63,83.55,2019.75,4,0,1,0,0,1,0,0,0,0,1,0,0,1,0,0,0,0
33,48,71,7.27,27.91,64.05,2304.62,4,0,1,0,0,1,0,0,0,0,1,0,0,1,0,0,0,0
127,70,139,5.58,22.35,44.34,2707.04,4,0,1,0,0,1,0,0,0,0,1,0,0,1,0,0,0,0
40,62,61,7.25,37.15,70.93,2719.35,4,0,1,0,0,1,0,0,0,0,1,0,0,1,0,0,0,0
179,26,79,7.14,27.08,60.96,1623.03,4,0,1,0,0,1,0,0,0,0,1,0,0,1,0,0,0,0
117,44,81,7.9,10.97,64.35,2512.09,4,0,1,0,0,1,0,0,0,0,1,0,0,1,0,0,0,0
178,44,48,6.29,17.41,48.03,638.02,4,0,1,0,0,1,0,0,0,0,1,0,0,1,0,0,0,0
172,61,88,5.35,22.19,39.57,621.5,4,0,1,0,0,1,0,0,0,0,1,0,0,1,0,0,0,0
32,71,138,7.22,34.1,57.27,826.55,4,0,1,0,0,1,0,0,0,0,1,0,0,1,0,0,0,0
42,99,40,6.38,11.55,58.3,1874.96,4,0,1,0,0,1,0,0,0,0,1,0,0,1,0,0,0,0
35,23,120,7.27,20.83,69.82,2521.4,4,0,1,0,0,1,0,0,0,0,1,0,0,1,0,0,0,0
124,98,97,6.7,24.44,47.33,1321.37,4,0,1,0,0,1,0,0,0,0,1,0,0,1,0,0,0,0
161,98,37,7.0,34.61,51.6,993.1,4,0,1,0,0,1,0,0,0,0,1,0,0,1,0,0,0,0
117,77,101,7.07,33.62,81.35,2597.81,4,0,1,0,0,1,0,0,0,0,1,0,0,1,0,0,0,0
135,41,143,8.08,24.48,49.42,1282.7,4,0,1,0,0,1,0,0,0,0,1,0,0,1,0,0,0,0
70,97,28,6.01,10.63,41.4,529.78,4,0,1,0,0,1,0,0,0,0,1,0,0,1,0,0,0,0
36,44,78,5.15,36.42,32.46,1858.04,4,0,1,0,0,1,0,0,0,0,1,0,0,1,0,0,0,0
139,73,41,6.0,27.79,39.87,2475.95,4,0,1,0,0,1,0,0,0,0,1,0,0,1,0,0,0,0
163,34,49,5.6,22.4,83.92,481.59,4,0,1,0,0,1,0,0,0,0,1,0,0,1,0,0,0,0
115,24,65,4.82,37.2,71.1,2662.69,4,0,1,0,0,1,0,0,0,0,1,0,0,1,0,0,0,0
69,91,139,4.93,38.15,86.17,2314.17,4,0,1,0,0,1,0,0,0,0,1,0,0,1,0,0,0,0
124,21,105,7.85,38.63,37.21,742.78,4,0,1,0,0,1,0,0,0,0,1,0,0,1,0,0,0,0
140,44,146,7.24,20.92,60.61,2538.28,4,0,1,0,0,1,0,0,0,0,1,0,0,1,0,0,0,0
71,22,102,5.86,38.11,50.82,380.19,4,0,1,0,0,1,0,0,0,0,1,0,0,1,0,0,0,0
165,17,82,7.24,33.94,81.94,450.64,4,0,1,0,0,1,0,0,0,0,1,0,0,1,0,0,0,0
88,77,145,6.24,34.97,59.63,2794.73,4,0,1,0,0,1,0,0,0,0,1,0,0,1,0,0,0,0
66,61,125,6.42,17.82,37.01,982.8,4,0,1,0,0,1,0,0,0,0,1,0,0,1,0,0,0,0
38,35,78,6.56,36.53,57.26,2605.85,4,0,1,0,0,1,0,0,0,0,1,0,0,1,0,0,0,0
52,34,71,7.92,36.12,32.28,2188.56,4,0,1,0,0,0,1,0,0,0,1,0,0,0,0,0,1,0
115,55,89,5.11,14.74,59.79,2130.71,4,0,1,0,0,0,1,0,0,0,1,0,0,0,0,0,1,0
90,68,62,7.96,16.3,73.25,1159.27,4,0,1,0,0,0,1,0,0,0,1,0,0,0,0,0,1,0
84,98,95,5.33,26.89,41.42,350.71,4,0,1,0,0,0,1,0,0,0,1,0,0,0,0,0,1,0
32,66,81,7.63,39.5,61.73,2569.55,4,0,1,0,0,0,1,0,0,0,1,0,0,0,0,0,1,0
91,91,143,7.72,26.9,89.63,1154.02,4,0,1,0,0,0,1,0,0,0,1,0,0,0,0,0,1,0
118,74,54,6.16,26.97,68.08,1043.0,4,0,1,0,0,0,1,0,0,0,1,0,0,0,0,0,1,0
53,22,69,6.18,24.03,45.55,1546.4,4,0,1,0,0,0,1,0,0,0,1,0,0,0,0,0,1,0
141,39,99,5.53,25.26,77.62,1849.07,4,0,1,0,0,0,1,0,0,0,1,0,0,0,0,0,1,0
71,28,94,7.71,37.67,37.04,2692.95,4,0,1,0,0,0,1,0,0,0,1,0,0,0,0,0,1,0
82,50,43,5.67,18.46,56.46,2164.11,4,0,1,0,0,0,1,0,0,0,1,0,0,0,0,0,1,0
106,31,60,8.11,23.96,82.67,1045.25,4,0,1,0,0,0,1,0,0,0,1,0,0,0,0,0,1,0
154,26,146,5.99,35.19,39.76,1228.55,4,0,1,0,0,0,1,0,0,0,1,0,0,0,0,0,1,0
122,30,63,5.84,11.3,34.85,2006.74,4,0,1,0,0,0,1,0,0,0,1,0,0,0,0,0,1,0
62,45,57,4.81,12.64,79.7,498.09,4,0,1,0,0,0,1,0,0,0,1,0,0,0,0,0,1,0
49,29,116,7.24,16.04,73.48,1405.53,4,0,1,0,0,0,1,0,0,0,1,0,0,0,0,0,1,0
75,78,108,4.8,16.78,83.57,1502.59,4,0,1,0,0,0,1,0,0,0,1,0,0,0,0,0,1,0
102,38,88,7.41,26.25,50.77,1322.62,4,0,1,0,0,0,1,0,0,0,1,0,0,0,0,0,1,0
172,43,77,5.62,25.86,79.54,1512.76,4,0,1,0,0,0,1,0,0,0,1,0,0,0,0,0,1,0
121,18,117,4.87,12.03,86.52,1222.35,4,0,1,0,0,0,1,0,0,0,1,0,0,0,0,0,1,0
60,27,113,6.49,16.26,41.99,664.86,4,0,1,0,0,0,1,0,0,0,1,0,0,0,0,0,1,0
89,35,102,6.56,39.73,57.69,2185.57,4,0,1,0,0,0,1,0,0,0,1,0,0,0,0,0,1,0
34,77,27,5.61,38.27,77.58,745.23,4,0,1,0,0,0,1,0,0,0,1,0,0,0,0,0,1,0
68,19,32,6.95,31.7,62.08,1110.63,4,0,1,0,0,0,1,0,0,0,1,0,0,0,0,0,1,0
167,72,37,6.62,13.58,86.2,2201.91,4,0,1,0,0,0,1,0,0,0,1,0,0,0,0,0,1,0
163,23,30,7.02,36.2,86.29,2739.76,4,0,1,0,0,0,1,0,0,0,1,0,0,0,0,0,1,0
117,98,69,6.54,21.01,74.51,2212.57,4,0,1,0,0,0,1,0,0,0,1,0,0,0,0,0,1,0
120,69,45,5.88,39.22,88.5,359.26,4,0,1,0,0,0,0,1,0,0,1,0,0,1,0,0,0,0
137,66,44,5.3,23.58,73.85,1924.24,4,0,1,0,0,0,0,1,0,0,1,0,0,1,0,0,0,0
114,86,24,6.23,22.72,72.94,1913.79,4,0,1,0,0,0,0,1,0,0,1,0,0,1,0,0,0,0
177,86,108,7.33,25.19,39.58,1742.15,4,0,1,0,0,0,0,1,0,0,1,0,0,1,0,0,0,0
131,54,27,7.0,24.61,64.74,2696.18,4,0,1,0,0,0,0,1,0,0,1,0,0,1,0,0,0,0
119,42,70,7.0,39.37,37.38,1684.33,4,0,1,0,0,0,0,1,0,0,1,0,0,1,0,0,0,0
120,60,147,5.69,15.93,32.86,822.84,4,0,1,0,0,0,0,1,0,0,1,0,0,1,0,0,0,0
49,26,55,7.42,16.38,81.44,1210.6,4,0,1,0,0,0,0,1,0,0,1,0,0,1,0,0,0,0
126,66,27,6.96,12.38,84.12,1986.08,4,0,1,0,0,0,0,1,0,0,1,0,0,1,0,0,0,0
95,90,143,5.11,32.1,66.8,987.14,4,0,1,0,0,0,0,1,0,0,1,0,0,1,0,0,0,0
164,69,94,5.97,12.82,30.48,1224.56,4,0,1,0,0,0,0,1,0,0,1,0,0,1,0,0,0,0
137,47,133,7.29,38.65,33.73,1534.18,4,0,1,0,0,0,0,1,0,0,1,0,0,1,0,0,0,0
58,49,124,6.63,30.13,68.26,1946.88,4,0,1,0,0,0,0,1,0,0,1,0,0,1,0,0,0,0
51,77,52,6.66,24.11,39.96,1479.35,4,0,1,0,0,0,0,1,0,0,1,0,0,1,0,0,0,0
90,29,136,6.21,26.89,43.33,1627.29,4,0,1,0,0,0,0,1,0,0,1,0,0,1,0,0,0,0
143,81,31,4.85,14.56,67.18,2355.45,4,0,1,0,0,0,0,1,0,0,1,0,0,1,0,0,0,0
38,53,77,5.2,24.73,67.74,1963.06,4,0,1,0,0,0,0,1,0,0,1,0,0,1,0,0,0,0
88,43,62,7.31,24.46,66.24,1246.21,4,0,1,0,1,0,0,0,0,0,0,1,0,0,1,0,0,0
33,30,59,6.83,26.51,41.83,1495.35,4,0,1,0,1,0,0,0,0,0,0,1,0,0,1,0,0,0
75,76,106,7.53,39.61,82.34,1269.19,4,0,1,0,1,0,0,0,0,0,0,1,0,0,1,0,0,0
137,39,25,6.68,38.81,57.47,1901.49,4,0,1,0,1,0,0,0,0,0,0,1,0,0,1,0,0,0
130,98,50,6.53,39.51,36.24,503.71,4,0,1,0,1,0,0,0,0,0,0,1,0,0,1,0,0,0
156,93,80,5.24,26.56,46.92,930.89,4,0,1,0,1,0,0,0,0,0,0,1,0,0,1,0,0,0
112,20,143,5.38,32.89,68.81,640.15,4,0,1,0,1,0,0,0,0,0,0,1,0,0,1,0,0,0
128,46,25,6.0,29.07,64.34,1282.18,4,0,1,0,1,0,0,0,0,0,0,1,0,0,1,0,0,0
167,65,44,8.13,32.72,78.0,2405.64,4,0,1,0,1,0,0,0,0,0,0,1,0,0,1,0,0,0
65,98,128,5.3,37.57,39.31,2539.82,4,0,1,0,1,0,0,0,0,0,0,1,0,0,1,0,0,0
37,64,71,5.3,16.29,77.07,695.93,4,0,1,0,1,0,0,0,0,0,0,1,0,0,1,0,0,0
152,42,62,7.79,30.76,63.26,1359.69,4,0,1,0,1,0,0,0,0,0,0,1,0,0,1,0,0,0
52,29,55,7.37,26.63,45.49,2072.39,4,0,1,0,1,0,0,0,0,0,0,1,0,0,1,0,0,0
175,68,125,5.24,29.93,57.03,979.55,4,0,1,0,1,0,0,0,0,0,0,1,0,0,1,0,0,0
171,89,98,6.39,20.78,51.19,504.32,4,0,1,0,1,0,0,0,0,0,0,1,0,0,1,0,0,0
60,65,75,7.42,26.61,75.47,433.38,4,0,1,0,1,0,0,0,0,0,0,1,0,0,1,0,0,0
35,90,35,5.89,16.59,42.98,493.02,4,0,1,0,1,0,0,0,0,0,0,1,0,0,1,0,0,0
167,53,85,6.78,22.04,65.9,661.95,4,0,1,0,1,0,0,0,0,0,0,1,0,0,1,0,0,0
30,30,49,5.73,31.75,57.39,341.37,4,0,1,0,1,0,0,0,0,0,0,1,0,0,1,0,0,0
59,70,72,5.65,35.13,51.39,1875.07,4,0,1,0,1,0,0,0,0,0,0,1,0,0,1,0,0,0
164,32,26,7.24,12.84,77.34,2158.27,4,0,1,0,1,0,0,0,0,0,0,1,0,0,1,0,0,0
51,30,113,7.67,13.82,64.08,754.8,4,0,1,0,0,1,0,0,0,0,0,1,0,0,1,0,0,0
107,40,97,7.43,20.71,85.33,777.96,4,0,1,0,0,1,0,0,0,0,0,1,0,0,1,0,0,0
154,59,94,7.97,25.39,84.05,1563.08,4,0,1,0,0,1,0,0,0,0,0,1,0,0,1,0,0,0
87,72,117,5.86,34.32,30.72,743.97,4,0,1,0,0,1,0,0,0,0,0,1,0,0,1,0,0,0
142,53,57,7.72,15.84,42.51,1699.6,4,0,1,0,0,1,0,0,0,0,0,1,0,0,1,0,0,0
170,21,92,7.82,37.08,87.68,2662.3,4,0,1,0,0,1,0,0,0,0,0,1,0,0,1,0,0,0
134,46,41,5.04,33.18,49.55,1675.34,4,0,1,0,0,1,0,0,0,0,0,1,0,0,1,0,0,0
91,72,148,5.68,15.95,63.97,1469.69,4,0,1,0,0,1,0,0,0,0,0,1,0,0,1,0,0,0
87,99,96,7.78,25.19,46.21,1995.27,4,0,1,0,0,1,0,0,0,0,0,1,0,0,1,0,0,0
154,78,27,7.73,33.66,55.78,1657.76,4,0,1,0,0,1,0,0,0,0,0,1,0,0,1,0,0,0
170,85,111,5.72,23.93,33.23,2105.88,4,0,1,0,0,1,0,0,0,0,0,1,0,0,1,0,0,0
81,81,85,7.42,27.73,36.32,1051.98,4,0,1,0,0,1,0,0,0,0,0,1,0,0,1,0,0,0
114,72,24,5.57,35.28,35.09,977.12,4,0,1,0,0,1,0,0,0,0,0,1,0,0,1,0,0,0
85,24,81,5.37,10.49,86.72,2762.37,4,0,1,0,0,1,0,0,0,0,0,1,0,0,1,0,0,0
71,79,129,5.46,29.3,60.99,2333.2,4,0,1,0,0,1,0,0,0,0,0,1,0,0,1,0,0,0
81,37,104,6.56,32.18,59.5,806.25,4,0,1,0,0,1,0,0,0,0,0,1,0,0,1,0,0,0
40,66,106,4.89,15.55,30.87,519.89,4,0,1,0,0,1,0,0,0,0,0,1,0,0,1,0,0,0
162,40,38,7.68,25.58,38.11,659.45,4,0,1,0,0,1,0,0,0,0,0,1,0,0,1,0,0,0
144,29,130,5.68,16.21,72.94,644.9,4,0,1,0,0,1,0,0,0,0,0,1,0,0,1,0,0,0
142,57,82,5.21,35.08,44.99,304.07,4,0,1,0,0,1,0,0,0,0,0,1,0,0,1,0,0,0
94,48,58,6.97,28.25,81.4,634.93,4,0,1,0,0,1,0,0,0,0,0,1,0,0,1,0,0,0
129,95,97,7.82,27.78,76.7,2790.81,4,0,1,0,0,1,0,0,0,0,0,1,0,0,1,0,0,0
160,18,121,5.74,37.19,50.75,2083.98,4,0,1,0,0,1,0,0,0,0,0,1,0,0,1,0,0,0
86,72,109,6.05,25.55,61.51,1007.84,4,0,1,0,0,1,0,0,0,0,0,1,0,0,1,0,0,0
36,67,77,5.57,11.99,73.13,1435.18,4,0,1,0,0,1,0,0,0,0,0,1,0,0,1,0,0,0
70,84,148,5.51,20.68,49.28,2584.06,4,0,1,0,0,1,0,0,0,0,0,1,0,0,1,0,0,0
50,60,100,5.59,32.06,39.24,2601.96,4,0,1,0,0,1,0,0,0,0,0,1,0,0,1,0,0,0
110,97,25,5.83,30.83,53.63,1418.87,4,0,1,0,0,1,0,0,0,0,0,1,0,0,1,0,0,0
130,48,52,6.13,21.64,47.94,1702.9,4,0,1,0,0,0,1,0,0,0,0,1,0,0,0,0,0,1
170,92,90,4.83,36.1,49.24,1385.61,4,0,1,0,0,0,1,0,0,0,0,1,0,0,0,0,0,1
70,24,79,7.05,25.36,49.04,1552.07,4,0,1,0,0,0,1,0,0,0,0,1,0,0,0,0,0,1
65,64,102,5.55,33.17,83.92,692.29,4,0,1,0,0,0,1,0,0,0,0,1,0,0,0,0,0,1
94,69,102,6.42,28.64,33.11,1449.0,4,0,1,0,0,0,1,0,0,0,0,1,0,0,0,0,0,1
53,27,143,5.91,18.02,82.5,2345.96,4,0,1,0,0,0,1,0,0,0,0,1,0,0,0,0,0,1
157,48,56,6.1,37.71,59.96,2021.82,4,0,1,0,0,0,1,0,0,0,0,1,0,0,0,0,0,1
78,79,39,5.0,34.08,70.75,2242.44,4,0,1,0,0,0,1,0,0,0,0,1,0,0,0,0,0,1
53,39,52,4.87,10.25,53.57,987.54,4,0,1,0,0,0,1,0,0,0,0,1,0,0,0,0,0,1
37,31,31,8.18,31.27,57.66,1265.62,4,0,1,0,0,0,1,0,0,0,0,1,0,0,0,0,0,1
126,74,63,8.13,20.67,68.83,2780.55,4,0,1,0,0,0,1,0,0,0,0,1,0,0,0,0,0,1
159,86,149,8.14,24.24,43.42,2055.0,4,0,1,0,0,0,1,0,0,0,0,1,0,0,0,0,0,1
159,99,143,6.06,15.06,37.96,1748.3,4,0,1,0,0,0,1,0,0,0,0,1,0,0,0,0,0,1
47,68,92,5.83,24.04,54.25,1246.76,4,0,1,0,0,0,1,0,0,0,0,1,0,0,0,0,0,1
141,80,47,6.55,27.66,82.07,935.86,4,0,1,0,0,0,1,0,0,0,0,1,0,0,0,0,0,1
42,86,56,6.78,36.75,56.59,1059.22,4,0,1,0,0,0,1,0,0,0,0,1,0,0,0,0,0,1
117,42,73,5.95,36.33,54.31,435.76,4,0,1,0,0,0,1,0,0,0,0,1,0,0,0,0,0,1
144,48,125,5.24,16.04,59.7,1485.22,4,0,1,0,0,0,1,0,0,0,0,1,0,0,0,0,0,1
68,40,133,8.05,33.27,41.32,404.7,4,0,1,0,0,0,1,0,0,0,0,1,0,0,0,0,0,1
177,25,66,6.01,11.24,82.12,710.1,4,0,1,0,0,0,1,0,0,0,0,1,0,0,0,0,0,1
118,29,53,5.74,20.4,72.57,1415.9,4,0,1,0,0,0,1,0,0,0,0,1,0,0,0,0,0,1
175,78,114,5.2,24.49,88.89,2151.83,4,0,1,0,0,0,1,0,0,0,0,1,0,0,0,0,0,1
115,23,114,7.95,36.75,83.0,1820.68,4,0,1,0,0,0,1,0,0,0,0,1,0,0,0,0,0,1
122,47,131,7.4,20.18,51.04,729.85,4,0,1,0,0,0,1,0,0,0,0,1,0,0,0,0,0,1
32,70,147,5.7,39.33,72.19,817.43,4,0,1,0,0,0,1,0,0,0,0,1,0,0,0,0,0,1
170,30,98,6.83,31.89,61.98,2264.78,4,0,1,0,0,0,1,0,0,0,0,1,0,0,0,0,0,1
122,54,25,7.49,30.86,53.43,1092.49,4,0,1,0,0,0,1,0,0,0,0,1,0,0,0,0,0,1
83,58,105,7.68,20.08,59.81,2651.88,4,0,1,0,0,0,0,1,0,0,0,1,0,1,0,0,0,0
85,23,78,5.3,14.36,67.24,995.88,4,0,1,0,0,0,0,1,0,0,0,1,0,1,0,0,0,0
140,61,53,8.0,19.02,69.15,846.64,4,0,1,0,0,0,0,1,0,0,0,1,0,1,0,0,0,0
166,94,106,7.08,11.43,76.5,1054.21,4,0,1,0,0,0,0,1,0,0,0,1,0,1,0,0,0,0
68,89,140,7.45,20.74,72.42,1511.74,4,0,1,0,0,0,0,1,0,0,0,1,0,1,0,0,0,0
117,80,149,7.65,20.65,78.88,2521.36,4,0,1,0,0,0,0,1,0,0,0,1,0,1,0,0,0,0
72,22,109,7.12,33.8,30.46,522.98,4,0,1,0,0,0,0,1,0,0,0,1,0,1,0,0,0,0
177,87,92,5.34,31.18,35.19,621.31,4,0,1,0,0,0,0,1,0,0,0,1,0,1,0,0,0,0
156,16,138,7.76,22.37,66.34,2012.08,4,0,1,0,0,0,0,1,0,0,0,1,0,1,0,0,0,0
171,28,97,6.94,12.93,73.82,1686.06,4,0,1,0,0,0,0,1,0,0,0,1,0,1,0,0,0,0
127,25,68,6.26,16.01,63.34,899.99,4,0,1,0,0,0,0,1,0,0,0,1,0,1,0,0,0,0
54,45,70,7.49,22.55,47.41,2529.29,4,0,1,0,0,0,0,1,0,0,0,1,0,1,0,0,0,0
141,79,143,4.84,27.08,52.93,1275.56,4,0,1,0,0,0,0,1,0,0,0,1,0,1,0,0,0,0
75,41,41,7.69,20.83,61.58,1251.82,4,0,1,0,0,0,0,1,0,0,0,1,0,1,0,0,0,0
78,49,93,4.85,32.54,68.74,1872.14,4,0,1,0,0,0,0,1,0,0,0,1,0,1,0,0,0,0
113,51,22,6.54,38.52,75.55,1313.27,4,0,1,0,0,0,0,1,0,0,0,1,0,1,0,0,0,0
43,59,143,7.56,27.96,55.63,2724.29,4,0,1,0,0,0,0,1,0,0,0,1,0,1,0,0,0,0
137,52,35,5.95,12.53,30.47,379.32,4,0,1,0,0,0,0,1,0,0,0,1,0,1,0,0,0,0
88,93,81,5.58,36.76,56.16,1640.28,4,0,1,0,0,0,0,1,0,0,0,1,0,1,0,0,0,0
114,62,98,7.81,10.23,64.96,2005.58,4,0,1,0,0,0,0,1,0,0,0,1,0,1,0,0,0,0
152,83,103,7.33,26.74,73.46,2343.48,4,0,1,0,0,0,0,1,0,0,0,1,0,1,0,0,0,0
58,41,145,7.83,32.26,71.75,580.17,4,0,1,0,0,0,0,1,0,0,0,1,0,1,0,0,0,0
54,29,106,5.42,15.37,86.81,1616.22,4,0,1,0,0,0,0,1,0,0,0,1,0,1,0,0,0,0
153,96,68,5.52,12.92,76.38,2029.6,4,0,1,0,0,0,0,1,0,0,0,1,0,1,0,0,0,0
155,20,32,5.95,31.12,60.71,2382.43,4,0,1,0,0,0,0,1,0,0,0,1,0,1,0,0,0,0
122,92,92,5.39,14.99,69.84,1448.36,4,0,1,0,0,0,0,1,0,0,0,1,0,1,0,0,0,0
63,95,67,6.84,10.08,52.04,2380.12,4,0,1,0,0,0,0,1,0,0,0,1,0,1,0,0,0,0
72,64,142,6.95,38.07,83.66,1105.11,4,0,1,0,0,0,0,1,0,0,0,1,0,1,0,0,0,0
114,80,42,5.11,27.52,46.77,2254.24,4,0,1,0,0,0,0,1,0,0,0,1,0,1,0,0,0,0
155,86,137,6.97,17.15,36.71,2139.89,4,0,1,0,0,0,0,1,0,0,0,1,0,1,0,0,0,0
80,76,64,7.9,17.49,52.5,1226.86,4,0,1,0,0,0,0,1,0,0,0,1,0,1,0,0,0,0
155,25,60,6.75,32.37,66.5,1702.52,4,0,1,0,0,0,0,1,0,0,0,1,0,1,0,0,0,0
78,25,79,6.13,22.45,47.41,2213.7,4,0,1,0,0,0,0,1,0,0,0,1,0,1,0,0,0,0
60,52,70,7.67,38.59,68.07,2022.86,4,0,1,0,0,0,0,1,0,0,0,1,0,1,0,0,0,0
170,33,116,7.75,16.79,85.02,586.56,4,0,1,0,0,0,0,1,0,0,0,1,0,1,0,0,0,0
136,50,133,6.08,39.51,40.18,2467.86,4,0,1,0,0,0,0,1,0,0,0,1,0,1,0,0,0,0
152,91,75,5.79,14.14,31.2,484.07,4,0,1,0,1,0,0,0,0,0,0,0,1,0,1,0,0,0
166,78,141,8.08,15.96,38.12,2457.86,4,0,1,0,1,0,0,0,0,0,0,0,1,0,1,0,0,0
103,38,143,6.14,38.65,88.28,902.0,4,0,1,0,1,0,0,0,0,0,0,0,1,0,1,0,0,0
123,81,149,7.69,17.01,38.83,570.67,4,0,1,0,1,0,0,0,0,0,0,0,1,0,1,0,0,0
172,88,58,7.89,31.81,63.41,1347.08,4,0,1,0,1,0,0,0,0,0,0,0,1,0,1,0,0,0
57,95,103,5.66,15.34,77.59,652.63,4,0,1,0,1,0,0,0,0,0,0,0,1,0,1,0,0,0
154,73,88,7.24,20.13,80.11,1506.29,4,0,1,0,1,0,0,0,0,0,0,0,1,0,1,0,0,0
103,80,35,6.99,28.26,47.69,1331.23,4,0,1,0,1,0,0,0,0,0,0,0,1,0,1,0,0,0
111,26,83,7.24,25.17,54.17,1259.5,4,0,1,0,1,0,0,0,0,0,0,0,1,0,1,0,0,0
79,22,66,6.79,29.29,78.38,2294.22,4,0,1,0,1,0,0,0,0,0,0,0,1,0,1,0,0,0
172,34,23,5.84,31.71,85.92,888.66,4,0,1,0,1,0,0,0,0,0,0,0,1,0,1,0,0,0
84,17,35,5.71,29.91,69.33,2617.59,4,0,1,0,1,0,0,0,0,0,0,0,1,0,1,0,0,0
99,43,63,5.46,26.52,44.57,865.24,4,0,1,0,1,0,0,0,0,0,0,0,1,0,1,0,0,0
86,66,120,5.74,33.18,72.49,2587.14,4,0,1,0,1,0,0,0,0,0,0,0,1,0,1,0,0,0
85,70,77,6.37,21.63,58.33,2707.86,4,0,1,0,1,0,0,0,0,0,0,0,1,0,1,0,0,0
146,38,55,6.83,33.19,41.01,2583.88,4,0,1,0,1,0,0,0,0,0,0,0,1,0,1,0,0,0
144,69,124,5.06,18.34,80.57,548.52,4,0,1,0,1,0,0,0,0,0,0,0,1,0,1,0,0,0
54,58,24,6.55,31.49,79.93,2123.35,4,0,1,0,1,0,0,0,0,0,0,0,1,0,1,0,0,0
107,93,140,7.63,17.58,36.6,1232.19,4,0,1,0,1,0,0,0,0,0,0,0,1,0,1,0,0,0
52,51,144,7.65,17.96,59.36,2666.93,4,0,1,0,1,0,0,0,0,0,0,0,1,0,1,0,0,0
54,29,39,5.83,29.11,61.4,1399.38,4,0,1,0,1,0,0,0,0,0,0,0,1,0,1,0,0,0
134,37,86,4.97,11.72,46.68,2132.56,4,0,1,0,1,0,0,0,0,0,0,0,1,0,1,0,0,0
169,55,24,7.12,23.13,39.77,2002.09,4,0,1,0,1,0,0,0,0,0,0,0,1,0,1,0,0,0
113,29,56,4.84,15.14,31.72,1346.19,4,0,1,0,1,0,0,0,0,0,0,0,1,0,1,0,0,0
111,88,114,6.99,21.3,42.41,2721.75,4,0,1,0,1,0,0,0,0,0,0,0,1,0,1,0,0,0
72,63,51,6.95,16.43,47.9,1783.34,4,0,1,0,1,0,0,0,0,0,0,0,1,0,1,0,0,0
164,87,106,5.24,16.25,54.66,1005.4,4,0,1,0,1,0,0,0,0,0,0,0,1,0,1,0,0,0
138,51,29,7.68,19.82,45.86,843.07,4,0,1,0,1,0,0,0,0,0,0,0,1,0,1,0,0,0
158,29,88,6.02,16.8,47.27,1648.77,4,0,1,0,1,0,0,0,0,0,0,0,1,0,1,0,0,0
91,93,76,5.39,17.12,71.89,1578.64,4,0,1,0,1,0,0,0,0,0,0,0,1,0,1,0,0,0
117,46,45,7.99,12.45,87.11,1337.82,4,0,1,0,1,0,0,0,0,0,0,0,1,0,1,0,0,0
154,55,24,8.04,19.22,61.3,1640.94,4,0,1,0,1,0,0,0,0,0,0,0,1,0,1,0,0,0
141,21,52,4.87,33.75,61.25,1890.36,4,0,1,0,1,0,0,0,0,0,0,0,1,0,1,0,0,0
119,17,108,5.15,15.13,75.37,1576.69,4,0,1,0,1,0,0,0,0,0,0,0,1,0,1,0,0,0
67,30,82,7.03,37.42,53.39,1316.43,4,0,1,0,1,0,0,0,0,0,0,0,1,0,1,0,0,0
147,91,56,7.28,26.25,45.93,1417.43,4,0,1,0,1,0,0,0,0,0,0,0,1,0,1,0,0,0
75,96,44,6.92,19.6,74.65,985.49,4,0,1,0,1,0,0,0,0,0,0,0,1,0,1,0,0,0
170,93,41,6.78,12.65,72.43,1762.75,4,0,1,0,1,0,0,0,0,0,0,0,1,0,1,0,0,0
112,95,124,5.49,22.39,69.58,920.42,4,0,1,0,1,0,0,0,0,0,0,0,1,0,1,0,0,0
137,82,106,4.97,38.56,61.75,2215.22,4,0,1,0,1,0,0,0,0,0,0,0,1,0,1,0,0,0
177,40,140,6.87,15.89,60.4,2072.96,4,0,1,0,1,0,0,0,0,0,0,0,1,0,1,0,0,0
82,25,106,4.91,31.16,47.17,340.72,4,0,1,0,0,1,0,0,0,0,0,0,1,0,1,0,0,0
146,54,70,6.43,30.17,62.12,2628.67,4,0,1,0,0,1,0,0,0,0,0,0,1,0,1,0,0,0
158,58,83,5.21,13.61,58.95,1543.09,4,0,1,0,0,1,0,0,0,0,0,0,1,0,1,0,0,0
65,28,116,7.01,24.57,74.14,2351.34,4,0,1,0,0,1,0,0,0,0,0,0,1,0,1,0,0,0
92,74,143,7.35,10.32,34.03,383.55,4,0,1,0,0,1,0,0,0,0,0,0,1,0,1,0,0,0
76,24,56,7.4,24.19,31.77,1023.16,4,0,1,0,0,1,0,0,0,0,0,0,1,0,1,0,0,0
77,48,61,5.25,24.99,80.33,2436.88,4,0,1,0,0,1,0,0,0,0,0,0,1,0,1,0,0,0
32,58,112,5.25,28.26,32.97,2358.22,4,0,1,0,0,1,0,0,0,0,0,0,1,0,1,0,0,0
133,21,130,6.47,39.03,75.48,705.7,4,0,1,0,0,1,0,0,0,0,0,0,1,0,1,0,0,0
61,36,23,8.15,25.69,37.75,2639.06,4,0,1,0,0,1,0,0,0,0,0,0,1,0,1,0,0,0
106,39,49,4.9,39.05,42.11,1375.16,4,0,1,0,0,1,0,0,0,0,0,0,1,0,1,0,0,0
179,82,45,8.07,14.54,32.41,1311.95,4,0,1,0,0,1,0,0,0,0,0,0,1,0,1,0,0,0
148,29,139,6.74,33.57,64.41,1383.33,4,0,1,0,0,1,0,0,0,0,0,0,1,0,1,0,0,0
107,29,77,7.52,33.66,53.27,869.04,4,0,1,0,0,1,0,0,0,0,0,0,1,0,1,0,0,0
178,24,89,7.38,21.0,65.47,1969.79,4,0,1,0,0,1,0,0,0,0,0,0,1,0,1,0,0,0
40,32,52,6.49,38.14,68.56,1663.25,4,0,1,0,0,1,0,0,0,0,0,0,1,0,1,0,0,0
147,62,101,7.24,28.65,35.14,2111.91,4,0,1,0,0,1,0,0,0,0,0,0,1,0,1,0,0,0
80,62,68,6.2,16.19,61.75,1320.72,4,0,1,0,0,1,0,0,0,0,0,0,1,0,1,0,0,0
51,57,43,6.4,28.33,51.88,831.28,4,0,1,0,0,1,0,0,0,0,0,0,1,0,1,0,0,0
81,97,54,5.86,32.65,30.08,1853.3,4,0,1,0,0,1,0,0,0,0,0,0,1,0,1,0,0,0
68,44,22,5.08,32.76,72.47,2356.09,4,0,1,0,0,1,0,0,0,0,0,0,1,0,1,0,0,0
162,31,61,7.56,26.67,53.58,2001.97,4,0,1,0,0,1,0,0,0,0,0,0,1,0,1,0,0,0
74,58,126,5.37,34.07,72.9,2595.22,4,0,1,0,0,1,0,0,0,0,0,0,1,0,1,0,0,0
65,24,20,6.74,10.42,76.5,2691.57,4,0,1,0,0,1,0,0,0,0,0,0,1,0,1,0,0,0
78,85,139,6.79,26.16,50.58,1106.04,4,0,1,0,0,1,0,0,0,0,0,0,1,0,1,0,0,0
137,32,113,7.2,34.26,81.62,1607.79,4,0,1,0,0,1,0,0,0,0,0,0,1,0,1,0,0,0
150,15,79,5.09,26.4,41.13,2091.64,4,0,1,0,0,1,0,0,0,0,0,0,1,0,1,0,0,0
155,78,48,6.32,15.16,55.5,427.38,4,0,1,0,0,1,0,0,0,0,0,0,1,0,1,0,0,0
174,90,69,6.01,24.91,71.87,2614.73,4,0,1,0,0,1,0,0,0,0,0,0,1,0,1,0,0,0
160,42,131,5.18,16.92,48.27,1876.97,4,0,1,0,0,1,0,0,0,0,0,0,1,0,1,0,0,0
89,22,29,6.47,16.68,50.82,2186.87,4,0,1,0,0,1,0,0,0,0,0,0,1,0,1,0,0,0
39,34,130,5.56,37.06,52.26,985.82,4,0,1,0,0,1,0,0,0,0,0,0,1,0,1,0,0,0
141,28,56,5.74,13.06,35.41,2330.35,4,0,1,0,0,1,0,0,0,0,0,0,1,0,1,0,0,0
69,98,145,6.45,36.98,42.17,1483.58,4,0,1,0,0,1,0,0,0,0,0,0,1,0,1,0,0,0
118,76,48,5.68,25.91,86.89,2280.23,4,0,1,0,0,1,0,0,0,0,0,0,1,0,1,0,0,0
168,94,79,6.55,37.56,60.79,1770.07,4,0,1,0,0,1,0,0,0,0,0,0,1,0,1,0,0,0
171,17,118,5.77,33.06,33.26,2601.39,4,0,1,0,0,1,0,0,0,0,0,0,1,0,1,0,0,0
43,31,47,5.39,27.87,60.7,2793.12,4,0,1,0,0,0,1,0,0,0,0,0,1,0,0,0,1,0
177,62,34,6.01,23.92,66.62,883.57,4,0,1,0,0,0,1,0,0,0,0,0,1,0,0,0,1,0
61,81,67,4.99,26.36,34.86,2641.73,4,0,1,0,0,0,1,0,0,0,0,0,1,0,0,0,1,0
145,82,41,8.01,18.14,42.88,1705.19,4,0,1,0,0,0,1,0,0,0,0,0,1,0,0,0,1,0
81,59,109,6.78,12.57,81.19,1966.96,4,0,1,0,0,0,1,0,0,0,0,0,1,0,0,0,1,0
176,32,69,7.04,37.87,36.73,1487.96,4,0,1,0,0,0,1,0,0,0,0,0,1,0,0,0,1,0
38,95,85,5.03,15.3,78.64,1444.87,4,0,1,0,0,0,1,0,0,0,0,0,1,0,0,0,1,0
64,70,123,8.2,30.18,76.99,2223.8,4,0,1,0,0,0,1,0,0,0,0,0,1,0,0,0,1,0
71,45,81,5.96,36.37,67.58,548.47,4,0,1,0,0,0,1,0,0,0,0,0,1,0,0,0,1,0
92,66,36,5.01,17.45,72.5,945.54,4,0,1,0,0,0,1,0,0,0,0,0,1,0,0,0,1,0
106,30,45,4.9,38.57,39.02,528.86,4,0,1,0,0,0,1,0,0,0,0,0,1,0,0,0,1,0
163,60,78,7.31,24.01,88.14,2653.59,4,0,1,0,0,0,1,0,0,0,0,0,1,0,0,0,1,0
96,94,142,6.44,28.22,84.32,2323.56,4,0,1,0,0,0,1,0,0,0,0,0,1,0,0,0,1,0
70,35,125,7.08,21.32,77.7,1795.96,4,0,1,0,0,0,1,0,0,0,0,0,1,0,0,0,1,0
74,65,102,5.07,29.22,80.76,578.34,4,0,1,0,0,0,1,0,0,0,0,0,1,0,0,0,1,0
168,48,104,5.29,16.06,58.37,1069.1,4,0,1,0,0,0,1,0,0,0,0,0,1,0,0,0,1,0
112,83,132,6.38,13.58,38.59,1765.93,4,0,1,0,0,0,1,0,0,0,0,0,1,0,0,0,1,0
115,44,125,5.77,30.94,60.72,518.09,4,0,1,0,0,0,1,0,0,0,0,0,1,0,0,0,1,0
97,49,143,7.43,33.6,46.7,2177.49,4,0,1,0,0,0,1,0,0,0,0,0,1,0,0,0,1,0
69,77,101,5.91,30.03,88.5,2119.33,4,0,1,0,0,0,0,1,0,0,0,0,1,1,0,0,0,0
167,24,137,7.22,27.05,57.8,1316.1,4,0,1,0,0,0,0,1,0,0,0,0,1,1,0,0,0,0
95,91,122,7.17,11.37,68.05,731.01,4,0,1,0,0,0,0,1,0,0,0,0,1,1,0,0,0,0
144,50,77,6.51,14.77,87.21,1677.75,4,0,1,0,0,0,0,1,0,0,0,0,1,1,0,0,0,0
71,94,54,7.81,16.01,82.68,1066.27,4,0,1,0,0,0,0,1,0,0,0,0,1,1,0,0,0,0
171,53,122,5.46,12.23,30.09,541.73,4,0,1,0,0,0,0,1,0,0,0,0,1,1,0,0,0,0
77,30,145,7.12,39.57,45.6,1669.17,4,0,1,0,0,0,0,1,0,0,0,0,1,1,0,0,0,0
64,93,83,5.89,29.56,41.23,1586.83,4,0,1,0,0,0,0,1,0,0,0,0,1,1,0,0,0,0
81,27,149,5.7,27.25,35.84,2704.24,4,0,1,0,0,0,0,1,0,0,0,0,1,1,0,0,0,0
156,62,128,8.09,15.4,63.02,2730.94,4,0,1,0,0,0,0,1,0,0,0,0,1,1,0,0,0,0
155,58,64,6.55,13.42,41.1,1440.37,4,0,1,0,0,0,0,1,0,0,0,0,1,1,0,0,0,0
177,78,32,7.31,29.54,54.13,464.37,4,0,1,0,0,0,0,1,0,0,0,0,1,1,0,0,0,0
115,50,49,6.09,17.39,35.09,1540.88,4,0,1,0,0,0,0,1,0,0,0,0,1,1,0,0,0,0
134,44,116,7.74,21.88,61.75,2136.63,4,0,1,0,0,0,0,1,0,0,0,0,1,1,0,0,0,0
57,43,23,5.37,29.7,89.99,1263.1,4,0,1,0,0,0,0,1,0,0,0,0,1,1,0,0,0,0
179,69,107,7.79,22.88,59.84,764.51,4,0,1,0,0,0,0,1,0,0,0,0,1,1,0,0,0,0
153,77,73,8.13,39.58,86.21,2010.2,4,0,1,0,0,0,0,1,0,0,0,0,1,1,0,0,0,0
143,89,134,4.86,18.58,37.82,2056.34,4,0,1,0,0,0,0,1,0,0,0,0,1,1,0,0,0,0
58,42,103,6.06,20.27,66.61,2486.95,4,0,1,0,0,0,0,1,0,0,0,0,1,1,0,0,0,0
34,20,137,7.85,16.02,75.5,2606.28,4,0,1,0,0,0,0,1,0,0,0,0,1,1,0,0,0,0
138,67,88,5.03,12.36,46.63,1835.62,4,0,1,0,0,0,0,1,0,0,0,0,1,1,0,0,0,0
44,28,129,6.83,25.64,49.6,1076.46,4,0,1,0,0,0,0,1,0,0,0,0,1,1,0,0,0,0
31,49,26,7.12,29.51,41.53,809.7,4,0,1,0,0,0,0,1,0,0,0,0,1,1,0,0,0,0
127,92,140,5.06,37.58,58.12,1455.92,4,0,1,0,0,0,0,1,0,0,0,0,1,1,0,0,0,0
47,83,77,5.64,25.81,35.78,616.87,4,0,1,0,0,0,0,1,0,0,0,0,1,1,0,0,0,0
141,28,115,6.45,20.54,56.09,536.21,4,0,1,0,0,0,0,1,0,0,0,0,1,1,0,0,0,0
37,36,118,5.4,29.9,52.88,1874.2,4,0,1,0,0,0,0,1,0,0,0,0,1,1,0,0,0,0
130,72,98,4.91,24.26,56.02,1207.11,4,0,1,0,0,0,0,1,0,0,0,0,1,1,0,0,0,0
108,57,100,7.72,31.6,62.03,638.18,4,0,1,0,0,0,0,1,0,0,0,0,1,1,0,0,0,0
49,99,58,7.76,27.71,61.95,2059.02,4,0,1,0,0,0,0,1,0,0,0,0,1,1,0,0,0,0
154,90,94,6.75,27.83,88.42,1393.68,4,0,1,0,0,0,0,1,0,0,0,0,1,1,0,0,0,0
130,15,79,6.42,38.87,52.64,2498.26,4,0,1,0,0,0,0,1,0,0,0,0,1,1,0,0,0,0
45,87,53,5.66,20.13,42.32,2696.14,4,0,1,0,0,0,0,1,0,0,0,0,1,1,0,0,0,0
56,66,60,7.03,35.78,81.23,983.69,4,0,1,0,0,0,0,1,0,0,0,0,1,1,0,0,0,0
137,51,80,6.82,26.05,71.88,474.07,4,0,0,1,1,0,0,0,1,0,0,0,0,0,1,0,0,0
164,28,96,6.2,37.91,67.63,307.14,4,0,0,1,1,0,0,0,1,0,0,0,0,0,1,0,0,0
133,69,61,6.65,21.89,80.29,2752.35,4,0,0,1,1,0,0,0,1,0,0,0,0,0,1,0,0,0
177,31,139,6.1,21.39,87.07,1838.68,4,0,0,1,1,0,0,0,1,0,0,0,0,0,1,0,0,0
135,43,59,7.69,32.93,38.55,592.61,4,0,0,1,1,0,0,0,1,0,0,0,0,0,1,0,0,0
162,94,70,5.42,12.31,78.89,1200.54,4,0,0,1,1,0,0,0,1,0,0,0,0,0,1,0,0,0
105,91,131,7.82,30.91,47.91,486.09,4,0,0,1,1,0,0,0,1,0,0,0,0,0,1,0,0,0
57,75,46,6.56,19.68,42.56,1205.26,4,0,0,1,1,0,0,0,1,0,0,0,0,0,1,0,0,0
163,59,120,5.44,28.09,35.67,1327.16,4,0,0,1,1,0,0,0,1,0,0,0,0,0,1,0,0,0
154,65,41,7.53,22.64,60.6,2705.36,4,0,0,1,1,0,0,0,1,0,0,0,0,0,1,0,0,0
166,47,136,7.16,24.75,89.28,685.63,4,0,0,1,1,0,0,0,1,0,0,0,0,0,1,0,0,0
145,89,132,6.01,35.28,88.76,2200.03,4,0,0,1,1,0,0,0,1,0,0,0,0,0,1,0,0,0
108,20,149,8.07,37.58,30.57,1301.61,4,0,0,1,1,0,0,0,1,0,0,0,0,0,1,0,0,0
94,44,46,7.37,12.76,46.24,2375.18,4,0,0,1,1,0,0,0,1,0,0,0,0,0,1,0,0,0
146,62,57,6.91,13.01,73.06,1702.39,4,0,0,1,1,0,0,0,1,0,0,0,0,0,1,0,0,0
157,65,44,7.12,36.91,57.48,1399.82,4,0,0,1,1,0,0,0,1,0,0,0,0,0,1,0,0,0
103,79,55,6.71,12.64,65.43,1744.53,4,0,0,1,1,0,0,0,1,0,0,0,0,0,1,0,0,0
175,29,135,5.8,21.52,76.95,849.18,4,0,0,1,1,0,0,0,1,0,0,0,0,0,1,0,0,0
91,60,94,5.37,38.39,51.88,1565.46,4,0,0,1,1,0,0,0,1,0,0,0,0,0,1,0,0,0
175,17,89,8.04,10.57,74.93,2017.48,4,0,0,1,1,0,0,0,1,0,0,0,0,0,1,0,0,0
103,62,87,7.59,37.12,65.97,1079.72,4,0,0,1,1,0,0,0,1,0,0,0,0,0,1,0,0,0
44,56,144,5.56,20.14,55.7,2352.53,4,0,0,1,0,1,0,0,1,0,0,0,0,1,0,0,0,0
140,30,126,5.89,12.82,49.25,885.41,4,0,0,1,0,1,0,0,1,0,0,0,0,1,0,0,0,0
133,78,93,6.87,34.76,31.66,754.6,4,0,0,1,0,1,0,0,1,0,0,0,0,1,0,0,0,0
161,50,91,5.38,11.11,86.6,2684.93,4,0,0,1,0,1,0,0,1,0,0,0,0,1,0,0,0,0
161,56,138,4.95,35.71,84.17,1048.53,4,0,0,1,0,1,0,0,1,0,0,0,0,1,0,0,0,0
57,18,82,7.21,32.36,57.81,807.54,4,0,0,1,0,1,0,0,1,0,0,0,0,1,0,0,0,0
177,97,83,6.24,38.87,83.38,1662.16,4,0,0,1,0,1,0,0,1,0,0,0,0,1,0,0,0,0
131,19,97,6.83,22.79,71.82,2462.23,4,0,0,1,0,1,0,0,1,0,0,0,0,1,0,0,0,0
131,55,69,7.47,13.73,57.22,1210.99,4,0,0,1,0,1,0,0,1,0,0,0,0,1,0,0,0,0
146,20,103,7.39,23.03,71.87,2276.81,4,0,0,1,0,1,0,0,1,0,0,0,0,1,0,0,0,0
122,62,73,6.09,29.72,36.25,716.34,4,0,0,1,0,1,0,0,1,0,0,0,0,1,0,0,0,0
98,97,112,5.51,12.59,83.02,1588.97,4,0,0,1,0,1,0,0,1,0,0,0,0,1,0,0,0,0
55,60,80,8.02,32.72,73.63,1565.45,4,0,0,1,0,1,0,0,1,0,0,0,0,1,0,0,0,0
46,17,119,6.0,37.2,39.24,1612.3,4,0,0,1,0,1,0,0,1,0,0,0,0,1,0,0,0,0
31,16,110,5.1,37.05,64.91,606.68,4,0,0,1,0,1,0,0,1,0,0,0,0,1,0,0,0,0
166,48,43,6.19,19.93,74.53,963.34,4,0,0,1,0,1,0,0,1,0,0,0,0,1,0,0,0,0
42,80,146,7.86,14.68,57.8,2345.22,4,0,0,1,0,1,0,0,1,0,0,0,0,1,0,0,0,0
55,21,144,6.83,11.03,73.96,964.22,4,0,0,1,0,1,0,0,1,0,0,0,0,1,0,0,0,0
162,90,87,5.28,14.64,30.08,1667.76,4,0,0,1,0,1,0,0,1,0,0,0,0,1,0,0,0,0
173,62,114,7.11,29.26,80.8,580.57,4,0,0,1,0,1,0,0,1,0,0,0,0,1,0,0,0,0
79,93,82,8.13,28.38,51.19,2448.57,4,0,0,1,0,1,0,0,1,0,0,0,0,1,0,0,0,0
151,63,85,7.47,36.79,71.11,2309.73,4,0,0,1,0,1,0,0,1,0,0,0,0,1,0,0,0,0
114,61,121,5.2,23.58,43.25,1715.69,4,0,0,1,0,1,0,0,1,0,0,0,0,1,0,0,0,0
117,89,61,6.34,12.7,58.51,693.05,4,0,0,1,0,1,0,0,1,0,0,0,0,1,0,0,0,0
102,54,91,7.28,24.5,74.52,1194.75,4,0,0,1,0,1,0,0,1,0,0,0,0,1,0,0,0,0
161,61,140,6.47,24.58,50.04,1739.4,4,0,0,1,0,1,0,0,1,0,0,0,0,1,0,0,0,0
159,36,124,7.56,22.43,72.22,2722.53,4,0,0,1,0,1,0,0,1,0,0,0,0,1,0,0,0,0
152,90,54,5.11,24.51,76.68,554.34,4,0,0,1,0,1,0,0,1,0,0,0,0,1,0,0,0,0
136,17,90,6.74,21.57,59.58,765.33,4,0,0,1,0,1,0,0,1,0,0,0,0,1,0,0,0,0
53,97,48,5.56,19.15,52.36,708.86,4,0,0,1,0,1,0,0,1,0,0,0,0,1,0,0,0,0
75,51,62,5.01,12.23,58.69,357.85,4,0,0,1,0,0,1,0,1,0,0,0,0,0,0,0,0,1
38,38,23,5.68,32.86,48.74,341.21,4,0,0,1,0,0,1,0,1,0,0,0,0,0,0,0,0,1
149,91,56,6.6,18.23,49.44,1712.74,4,0,0,1,0,0,1,0,1,0,0,0,0,0,0,0,0,1
32,33,109,6.68,24.51,47.48,2072.44,4,0,0,1,0,0,1,0,1,0,0,0,0,0,0,0,0,1
69,54,122,6.68,12.06,79.98,1924.14,4,0,0,1,0,0,1,0,1,0,0,0,0,0,0,0,0,1
87,79,149,6.41,23.79,54.09,335.18,4,0,0,1,0,0,1,0,1,0,0,0,0,0,0,0,0,1
167,69,91,5.08,23.35,60.51,1339.97,4,0,0,1,0,0,1,0,1,0,0,0,0,0,0,0,0,1
134,68,139,7.8,21.82,85.32,1271.19,4,0,0,1,0,0,1,0,1,0,0,0,0,0,0,0,0,1
34,69,128,7.35,18.93,54.77,1499.31,4,0,0,1,0,0,1,0,1,0,0,0,0,0,0,0,0,1
94,74,29,6.38,34.59,59.98,1488.45,4,0,0,1,0,0,1,0,1,0,0,0,0,0,0,0,0,1
164,88,90,7.47,11.67,67.64,1083.78,4,0,0,1,0,0,1,0,1,0,0,0,0,0,0,0,0,1
113,33,75,7.32,16.08,55.94,1441.12,4,0,0,1,0,0,1,0,1,0,0,0,0,0,0,0,0,1
46,64,91,7.69,13.91,75.57,1341.11,4,0,0,1,0,0,1,0,1,0,0,0,0,0,0,0,0,1
91,32,89,6.11,24.76,59.77,1741.56,4,0,0,1,0,0,1,0,1,0,0,0,0,0,0,0,0,1
83,20,107,5.37,13.85,51.76,1498.04,4,0,0,1,0,0,1,0,1,0,0,0,0,0,0,0,0,1
60,50,107,7.95,34.66,38.82,2173.24,4,0,0,1,0,0,1,0,1,0,0,0,0,0,0,0,0,1
53,34,59,7.1,30.65,46.71,1870.98,4,0,0,1,0,0,1,0,1,0,0,0,0,0,0,0,0,1
118,62,52,8.06,10.96,44.76,651.22,4,0,0,1,0,0,1,0,1,0,0,0,0,0,0,0,0,1
62,40,54,6.67,35.11,78.41,1426.17,4,0,0,1,0,0,1,0,1,0,0,0,0,0,0,0,0,1
60,80,47,5.83,27.67,75.47,1838.96,4,0,0,1,0,0,1,0,1,0,0,0,0,0,0,0,0,1
138,93,123,7.23,30.97,72.47,1776.39,4,0,0,1,0,0,1,0,1,0,0,0,0,0,0,0,0,1
45,17,80,4.97,22.09,36.76,1838.96,4,0,0,1,0,0,1,0,1,0,0,0,0,0,0,0,0,1
53,58,73,7.96,25.53,34.97,1973.54,4,0,0,1,0,0,1,0,1,0,0,0,0,0,0,0,0,1
100,99,24,7.18,11.36,56.64,1965.34,4,0,0,1,0,0,1,0,1,0,0,0,0,0,0,0,0,1
65,17,48,7.59,15.77,37.46,1307.37,4,0,0,1,0,0,0,1,1,0,0,0,0,1,0,0,0,0
121,67,132,6.71,24.76,32.91,1550.12,4,0,0,1,0,0,0,1,1,0,0,0,0,1,0,0,0,0
157,68,89,5.14,27.65,46.75,2549.99,4,0,0,1,0,0,0,1,1,0,0,0,0,1,0,0,0,0
121,55,44,6.06,37.51,61.95,1870.1,4,0,0,1,0,0,0,1,1,0,0,0,0,1,0,0,0,0
118,86,29,7.07,22.37,69.54,1231.78,4,0,0,1,0,0,0,1,1,0,0,0,0,1,0,0,0,0
49,80,37,7.4,15.12,78.92,363.7,4,0,0,1,0,0,0,1,1,0,0,0,0,1,0,0,0,0
62,96,33,7.61,32.38,88.23,2621.63,4,0,0,1,0,0,0,1,1,0,0,0,0,1,0,0,0,0
46,56,107,6.97,38.39,89.14,2498.24,4,0,0,1,0,0,0,1,1,0,0,0,0,1,0,0,0,0
178,46,65,8.08,38.13,32.83,1915.99,4,0,0,1,0,0,0,1,1,0,0,0,0,1,0,0,0,0
31,48,141,5.98,38.51,37.96,2653.79,4,0,0,1,0,0,0,1,1,0,0,0,0,1,0,0,0,0
153,59,91,7.97,21.37,75.49,2262.82,4,0,0,1,0,0,0,1,1,0,0,0,0,1,0,0,0,0
38,32,119,5.33,20.13,59.53,1579.27,4,0,0,1,0,0,0,1,1,0,0,0,0,1,0,0,0,0
83,90,105,5.64,20.37,39.1,1666.22,4,0,0,1,0,0,0,1,1,0,0,0,0,1,0,0,0,0
37,78,144,6.95,36.65,38.62,825.9,4,0,0,1,0,0,0,1,1,0,0,0,0,1,0,0,0,0
42,38,41,7.61,17.05,40.81,437.98,4,0,0,1,0,0,0,1,1,0,0,0,0,1,0,0,0,0
57,90,77,5.35,12.43,47.27,311.68,4,0,0,1,0,0,0,1,1,0,0,0,0,1,0,0,0,0
60,18,112,7.15,11.65,69.69,1629.56,4,0,0,1,0,0,0,1,1,0,0,0,0,1,0,0,0,0
124,69,35,6.87,19.42,78.47,2744.21,4,0,0,1,0,0,0,1,1,0,0,0,0,1,0,0,0,0
159,25,46,5.27,26.3,43.11,1288.18,4,0,0,1,0,0,0,1,1,0,0,0,0,1,0,0,0,0
49,21,121,6.07,27.26,32.47,2075.57,4,0,0,1,0,0,0,1,1,0,0,0,0,1,0,0,0,0
125,82,61,6.62,28.48,50.17,1291.53,4,0,0,1,0,0,0,1,1,0,0,0,0,1,0,0,0,0
128,33,35,5.43,11.06,75.4,2761.02,4,0,0,1,0,0,0,1,1,0,0,0,0,1,0,0,0,0
86,52,118,6.22,39.97,78.72,1636.38,4,0,0,1,0,0,0,1,1,0,0,0,0,1,0,0,0,0
47,52,66,7.73,11.04,50.97,2340.98,4,0,0,1,0,0,0,1,1,0,0,0,0,1,0,0,0,0
113,60,27,7.97,20.5,78.59,2196.62,4,0,0,1,0,0,0,1,1,0,0,0,0,1,0,0,0,0
142,35,69,4.92,34.69,80.6,1208.47,4,0,0,1,0,0,0,1,1,0,0,0,0,1,0,0,0,0
72,27,101,7.13,34.84,31.53,2131.33,4,0,0,1,0,0,0,1,1,0,0,0,0,1,0,0,0,0
50,15,70,5.69,16.52,54.59,2164.77,4,0,0,1,0,0,0,1,1,0,0,0,0,1,0,0,0,0
135,89,67,5.68,29.92,85.76,2535.63,4,0,0,1,0,0,0,1,1,0,0,0,0,1,0,0,0,0
109,20,136,7.42,39.0,68.89,2719.86,4,0,0,1,0,0,0,1,1,0,0,0,0,1,0,0,0,0
146,75,82,7.93,29.25,33.77,645.97,4,0,0,1,0,0,0,1,1,0,0,0,0,1,0,0,0,0
160,83,88,7.88,30.96,84.17,2550.33,4,0,0,1,1,0,0,0,0,1,0,0,0,1,0,0,0,0
41,17,77,5.8,22.83,79.04,2618.96,4,0,0,1,1,0,0,0,0,1,0,0,0,1,0,0,0,0
53,92,85,6.55,35.66,30.75,1590.21,4,0,0,1,1,0,0,0,0,1,0,0,0,1,0,0,0,0
162,73,79,7.68,19.32,51.38,895.58,4,0,0,1,1,0,0,0,0,1,0,0,0,1,0,0,0,0
55,33,58,6.81,27.56,80.66,1254.21,4,0,0,1,1,0,0,0,0,1,0,0,0,1,0,0,0,0
91,45,40,6.83,25.57,39.6,1808.51,4,0,0,1,1,0,0,0,0,1,0,0,0,1,0,0,0,0
91,24,46,5.79,29.49,41.49,1639.86,4,0,0,1,1,0,0,0,0,1,0,0,0,1,0,0,0,0
101,27,27,5.01,36.37,64.63,1222.64,4,0,0,1,1,0,0,0,0,1,0,0,0,1,0,0,0,0
170,45,140,6.69,32.81,40.24,2785.3,4,0,0,1,1,0,0,0,0,1,0,0,0,1,0,0,0,0
67,74,109,7.01,29.5,67.8,511.1,4,0,0,1,1,0,0,0,0,1,0,0,0,1,0,0,0,0
89,33,114,7.79,26.71,69.02,999.5,4,0,0,1,1,0,0,0,0,1,0,0,0,1,0,0,0,0
96,48,138,6.76,20.48,58.08,922.77,4,0,0,1,1,0,0,0,0,1,0,0,0,1,0,0,0,0
52,88,143,5.72,38.51,43.51,2028.0,4,0,0,1,1,0,0,0,0,1,0,0,0,1,0,0,0,0
88,16,92,5.66,37.91,45.68,382.48,4,0,0,1,1,0,0,0,0,1,0,0,0,1,0,0,0,0
162,82,115,6.13,39.19,71.36,2573.71,4,0,0,1,1,0,0,0,0,1,0,0,0,1,0,0,0,0
138,30,95,6.74,25.31,57.46,2634.44,4,0,0,1,1,0,0,0,0,1,0,0,0,1,0,0,0,0
102,45,40,6.04,36.53,89.99,1769.71,4,0,0,1,1,0,0,0,0,1,0,0,0,1,0,0,0,0
159,79,49,4.88,20.94,71.84,544.45,4,0,0,1,1,0,0,0,0,1,0,0,0,1,0,0,0,0
99,59,41,6.45,34.45,42.25,1172.07,4,0,0,1,1,0,0,0,0,1,0,0,0,1,0,0,0,0
114,76,85,5.17,34.65,55.92,1859.57,4,0,0,1,1,0,0,0,0,1,0,0,0,1,0,0,0,0
179,15,136,7.34,20.57,47.17,1969.31,4,0,0,1,1,0,0,0,0,1,0,0,0,1,0,0,0,0
65,79,130,6.53,34.87,65.8,2689.46,4,0,0,1,1,0,0,0,0,1,0,0,0,1,0,0,0,0
163,53,58,6.11,18.53,50.19,2051.27,4,0,0,1,1,0,0,0,0,1,0,0,0,1,0,0,0,0
88,28,22,5.52,17.35,39.07,1526.13,4,0,0,1,1,0,0,0,0,1,0,0,0,1,0,0,0,0
112,49,25,5.53,23.56,45.31,1153.75,4,0,0,1,1,0,0,0,0,1,0,0,0,1,0,0,0,0
127,46,85,6.06,30.14,52.28,2463.49,4,0,0,1,1,0,0,0,0,1,0,0,0,1,0,0,0,0
176,61,78,5.69,31.78,36.73,2494.12,4,0,0,1,1,0,0,0,0,1,0,0,0,1,0,0,0,0
67,80,28,6.9,17.59,56.42,2378.87,4,0,0,1,1,0,0,0,0,1,0,0,0,1,0,0,0,0
55,47,34,5.63,13.19,76.48,1418.76,4,0,0,1,1,0,0,0,0,1,0,0,0,1,0,0,0,0
142,24,122,6.7,15.62,43.23,1168.34,4,0,0,1,1,0,0,0,0,1,0,0,0,1,0,0,0,0
77,38,89,7.35,27.42,57.37,2583.97,4,0,0,1,1,0,0,0,0,1,0,0,0,1,0,0,0,0
117,88,100,6.67,25.91,35.34,747.04,4,0,0,1,1,0,0,0,0,1,0,0,0,1,0,0,0,0
111,34,115,6.2,29.84,38.69,2521.74,4,0,0,1,0,1,0,0,0,1,0,0,0,1,0,0,0,0
152,83,51,7.94,31.83,70.54,2653.38,4,0,0,1,0,1,0,0,0,1,0,0,0,1,0,0,0,0
46,85,125,6.25,14.96,71.07,1038.79,4,0,0,1,0,1,0,0,0,1,0,0,0,1,0,0,0,0
40,35,135,7.88,27.4,56.63,2754.13,4,0,0,1,0,1,0,0,0,1,0,0,0,1,0,0,0,0
85,58,35,5.19,33.72,30.63,777.92,4,0,0,1,0,1,0,0,0,1,0,0,0,1,0,0,0,0
118,90,99,7.02,32.51,46.94,2368.9,4,0,0,1,0,1,0,0,0,1,0,0,0,1,0,0,0,0
84,61,104,4.84,12.07,60.12,388.42,4,0,0,1,0,1,0,0,0,1,0,0,0,1,0,0,0,0
171,64,114,7.31,10.13,62.13,2411.14,4,0,0,1,0,1,0,0,0,1,0,0,0,1,0,0,0,0
132,72,133,5.53,15.85,42.03,952.23,4,0,0,1,0,1,0,0,0,1,0,0,0,1,0,0,0,0
35,71,65,6.34,25.3,61.22,395.36,4,0,0,1,0,1,0,0,0,1,0,0,0,1,0,0,0,0
112,73,45,7.79,38.97,49.4,1432.72,4,0,0,1,0,1,0,0,0,1,0,0,0,1,0,0,0,0
133,23,110,7.04,21.26,84.15,2529.91,4,0,0,1,0,1,0,0,0,1,0,0,0,1,0,0,0,0
111,23,51,5.53,35.6,67.69,607.7,4,0,0,1,0,1,0,0,0,1,0,0,0,1,0,0,0,0
46,23,23,7.85,18.11,87.62,1059.05,4,0,0,1,0,1,0,0,0,1,0,0,0,1,0,0,0,0
43,97,149,7.24,37.09,43.08,1124.07,4,0,0,1,0,1,0,0,0,1,0,0,0,1,0,0,0,0
165,44,52,6.63,15.78,30.3,1025.01,4,0,0,1,0,1,0,0,0,1,0,0,0,1,0,0,0,0
108,61,53,5.59,17.51,89.66,474.56,4,0,0,1,0,1,0,0,0,1,0,0,0,1,0,0,0,0
113,48,122,7.21,35.58,41.68,571.27,4,0,0,1,0,1,0,0,0,1,0,0,0,1,0,0,0,0
42,73,111,4.82,33.33,89.19,2512.49,4,0,0,1,0,1,0,0,0,1,0,0,0,1,0,0,0,0
45,18,31,5.69,39.35,35.77,2526.07,4,0,0,1,0,1,0,0,0,1,0,0,0,1,0,0,0,0
168,36,36,6.45,37.19,38.78,2490.54,4,0,0,1,0,1,0,0,0,1,0,0,0,1,0,0,0,0
138,78,101,6.62,27.76,63.51,1703.22,4,0,0,1,0,0,1,0,0,1,0,0,0,0,0,0,0,1
96,95,123,6.29,14.86,30.23,1780.92,4,0,0,1,0,0,1,0,0,1,0,0,0,0,0,0,0,1
177,97,91,6.99,28.92,40.14,1774.22,4,0,0,1,0,0,1,0,0,1,0,0,0,0,0,0,0,1
54,64,144,8.2,37.41,37.43,1673.33,4,0,0,1,0,0,1,0,0,1,0,0,0,0,0,0,0,1
120,46,79,6.28,12.4,80.56,2530.83,4,0,0,1,0,0,1,0,0,1,0,0,0,0,0,0,0,1
176,63,23,5.92,17.44,76.81,1926.99,4,0,0,1,0,0,1,0,0,1,0,0,0,0,0,0,0,1
73,92,43,8.17,25.78,65.22,1837.24,4,0,0,1,0,0,1,0,0,1,0,0,0,0,0,0,0,1
40,83,145,7.44,26.18,34.07,523.09,4,0,0,1,0,0,1,0,0,1,0,0,0,0,0,0,0,1
138,47,67,6.47,35.3,79.42,607.32,4,0,0,1,0,0,1,0,0,1,0,0,0,0,0,0,0,1
77,48,46,8.1,30.45,40.98,1879.46,4,0,0,1,0,0,1,0,0,1,0,0,0,0,0,0,0,1
152,42,54,6.6,31.62,84.38,2205.48,4,0,0,1,0,0,1,0,0,1,0,0,0,0,0,0,0,1
51,29,100,7.24,35.28,55.09,2447.85,4,0,0,1,0,0,1,0,0,1,0,0,0,0,0,0,0,1
91,76,144,5.86,20.3,76.21,854.85,4,0,0,1,0,0,1,0,0,1,0,0,0,0,0,0,0,1
51,15,45,5.61,11.59,43.27,1923.68,4,0,0,1,0,0,1,0,0,1,0,0,0,0,0,0,0,1
168,18,39,7.38,14.77,87.85,554.22,4,0,0,1,0,0,1,0,0,1,0,0,0,0,0,0,0,1
170,18,140,7.67,32.02,89.5,1742.95,4,0,0,1,0,0,1,0,0,1,0,0,0,0,0,0,0,1
65,84,94,5.77,15.63,46.71,1435.1,4,0,0,1,0,0,1,0,0,1,0,0,0,0,0,0,0,1
134,65,61,6.07,27.81,66.07,483.91,4,0,0,1,0,0,1,0,0,1,0,0,0,0,0,0,0,1
131,47,76,7.01,22.42,57.95,542.26,4,0,0,1,0,0,1,0,0,1,0,0,0,0,0,0,0,1
130,91,118,5.24,12.37,36.26,882.56,4,0,0,1,0,0,1,0,0,1,0,0,0,0,0,0,0,1
94,30,31,5.05,23.08,64.21,2416.58,4,0,0,1,0,0,1,0,0,1,0,0,0,0,0,0,0,1
125,95,57,5.79,18.82,48.46,1158.89,4,0,0,1,0,0,1,0,0,1,0,0,0,0,0,0,0,1
106,68,129,5.61,26.75,30.14,419.15,4,0,0,1,0,0,1,0,0,1,0,0,0,0,0,0,0,1
124,77,91,7.46,38.75,33.24,955.41,4,0,0,1,0,0,1,0,0,1,0,0,0,0,0,0,0,1
167,16,49,4.84,15.06,36.64,2757.21,4,0,0,1,0,0,1,0,0,1,0,0,0,0,0,0,0,1
119,37,83,6.92,11.35,71.83,1025.17,4,0,0,1,0,0,1,0,0,1,0,0,0,0,0,0,0,1
109,99,21,6.52,11.17,83.7,491.81,4,0,0,1,0,0,1,0,0,1,0,0,0,0,0,0,0,1
130,27,46,7.69,39.15,41.82,2795.96,4,0,0,1,0,0,0,1,0,1,0,0,0,1,0,0,0,0
129,60,79,6.24,37.52,46.47,1993.48,4,0,0,1,0,0,0,1,0,1,0,0,0,1,0,0,0,0
166,48,65,5.85,34.5,30.73,1684.31,4,0,0,1,0,0,0,1,0,1,0,0,0,1,0,0,0,0
80,50,74,5.36,13.02,45.88,1932.97,4,0,0,1,0,0,0,1,0,1,0,0,0,1,0,0,0,0
177,64,120,5.88,33.84,75.39,2070.17,4,0,0,1,0,0,0,1,0,1,0,0,0,1,0,0,0,0
64,41,110,8.06,23.2,59.51,2217.38,4,0,0,1,0,0,0,1,0,1,0,0,0,1,0,0,0,0
154,57,28,5.94,23.02,81.26,2576.08,4,0,0,1,0,0,0,1,0,1,0,0,0,1,0,0,0,0
102,39,37,7.28,33.41,89.2,1694.08,4,0,0,1,0,0,0,1,0,1,0,0,0,1,0,0,0,0
45,60,74,4.92,33.46,53.67,2387.35,4,0,0,1,0,0,0,1,0,1,0,0,0,1,0,0,0,0
70,44,50,7.38,27.39,53.79,2478.84,4,0,0,1,0,0,0,1,0,1,0,0,0,1,0,0,0,0
35,73,82,4.88,33.86,64.7,1233.58,4,0,0,1,0,0,0,1,0,1,0,0,0,1,0,0,0,0
125,60,43,6.97,15.08,34.42,1051.04,4,0,0,1,0,0,0,1,0,1,0,0,0,1,0,0,0,0
149,26,55,6.74,29.44,52.03,1123.56,4,0,0,1,0,0,0,1,0,1,0,0,0,1,0,0,0,0
81,88,101,7.7,35.77,68.49,2471.78,4,0,0,1,0,0,0,1,0,1,0,0,0,1,0,0,0,0
101,46,25,4.84,16.32,37.32,1372.6,4,0,0,1,0,0,0,1,0,1,0,0,0,1,0,0,0,0
137,63,28,5.94,30.61,78.87,2477.74,4,0,0,1,0,0,0,1,0,1,0,0,0,1,0,0,0,0
94,83,83,7.89,36.22,60.37,1174.69,4,0,0,1,0,0,0,1,0,1,0,0,0,1,0,0,0,0
117,63,36,7.47,25.92,86.09,871.94,4,0,0,1,0,0,0,1,0,1,0,0,0,1,0,0,0,0
71,49,105,6.99,39.81,51.48,1165.34,4,0,0,1,0,0,0,1,0,1,0,0,0,1,0,0,0,0
142,79,87,5.77,37.77,70.34,1903.15,4,0,0,1,0,0,0,1,0,1,0,0,0,1,0,0,0,0
52,45,118,7.28,14.9,38.8,1643.17,4,0,0,1,0,0,0,1,0,1,0,0,0,1,0,0,0,0
137,48,120,7.2,18.75,81.74,438.24,4,0,0,1,0,0,0,1,0,1,0,0,0,1,0,0,0,0
99,29,83,7.56,39.83,81.28,376.96,4,0,0,1,0,0,0,1,0,1,0,0,0,1,0,0,0,0
83,48,75,4.83,28.43,30.99,1786.0,4,0,0,1,0,0,0,1,0,1,0,0,0,1,0,0,0,0
37,84,31,5.96,15.17,80.46,1783.92,4,0,0,1,0,0,0,1,0,1,0,0,0,1,0,0,0,0
61,21,90,4.88,18.24,35.26,822.72,4,0,0,1,0,0,0,1,0,1,0,0,0,1,0,0,0,0
70,24,113,5.22,22.99,53.52,2001.89,4,0,0,1,0,0,0,1,0,1,0,0,0,1,0,0,0,0
119,94,100,5.45,32.52,49.39,844.61,4,0,0,1,0,0,0,1,0,1,0,0,0,1,0,0,0,0
62,36,22,6.8,27.62,72.69,2450.87,4,0,0,1,1,0,0,0,0,0,1,0,0,1,0,0,0,0
56,39,69,5.68,21.14,70.25,314.83,4,0,0,1,1,0,0,0,0,0,1,0,0,1,0,0,0,0
141,90,42,7.26,23.66,42.83,438.23,4,0,0,1,1,0,0,0,0,0,1,0,0,1,0,0,0,0
76,81,127,7.48,17.87,63.25,1483.32,4,0,0,1,1,0,0,0,0,0,1,0,0,1,0,0,0,0
136,81,79,7.24,11.12,38.41,1106.72,4,0,0,1,1,0,0,0,0,0,1,0,0,1,0,0,0,0
32,70,121,5.02,16.66,83.43,921.24,4,0,0,1,1,0,0,0,0,0,1,0,0,1,0,0,0,0
69,86,135,8.1,33.65,33.28,2136.03,4,0,0,1,1,0,0,0,0,0,1,0,0,1,0,0,0,0
178,67,96,6.17,19.59,46.36,1835.12,4,0,0,1,1,0,0,0,0,0,1,0,0,1,0,0,0,0
70,55,26,6.45,13.51,34.99,1524.09,4,0,0,1,1,0,0,0,0,0,1,0,0,1,0,0,0,0
148,67,97,7.23,21.78,74.69,2463.43,4,0,0,1,1,0,0,0,0,0,1,0,0,1,0,0,0,0
42,24,78,5.99,28.4,51.44,2772.78,4,0,0,1,1,0,0,0,0,0,1,0,0,1,0,0,0,0
36,34,58,6.59,36.15,80.7,338.22,4,0,0,1,1,0,0,0,0,0,1,0,0,1,0,0,0,0
118,35,140,6.98,37.78,83.79,827.86,4,0,0,1,1,0,0,0,0,0,1,0,0,1,0,0,0,0
161,22,106,7.04,13.49,49.96,1144.44,4,0,0,1,1,0,0,0,0,0,1,0,0,1,0,0,0,0
157,42,48,6.58,10.59,88.99,1458.04,4,0,0,1,1,0,0,0,0,0,1,0,0,1,0,0,0,0
83,87,79,4.82,16.07,65.94,417.32,4,0,0,1,1,0,0,0,0,0,1,0,0,1,0,0,0,0
57,66,38,7.1,15.47,82.8,870.36,4,0,0,1,1,0,0,0,0,0,1,0,0,1,0,0,0,0
83,33,47,5.4,26.66,62.08,723.77,4,0,0,1,1,0,0,0,0,0,1,0,0,1,0,0,0,0
80,79,136,7.45,12.17,41.19,1792.52,4,0,0,1,1,0,0,0,0,0,1,0,0,1,0,0,0,0
105,84,114,7.14,32.95,71.2,2245.03,4,0,0,1,1,0,0,0,0,0,1,0,0,1,0,0,0,0
75,54,77,4.87,13.58,87.71,1109.87,4,0,0,1,0,1,0,0,0,0,1,0,0,1,0,0,0,0
84,84,21,5.93,31.32,74.2,851.78,4,0,0,1,0,1,0,0,0,0,1,0,0,1,0,0,0,0
122,93,63,7.18,23.17,87.96,540.03,4,0,0,1,0,1,0,0,0,0,1,0,0,1,0,0,0,0
43,31,44,7.05,22.54,62.75,2097.76,4,0,0,1,0,1,0,0,0,0,1,0,0,1,0,0,0,0
146,82,20,6.12,12.09,31.12,1191.63,4,0,0,1,0,1,0,0,0,0,1,0,0,1,0,0,0,0
168,88,23,8.09,21.12,70.06,2208.82,4,0,0,1,0,1,0,0,0,0,1,0,0,1,0,0,0,0
178,92,83,6.91,39.35,67.88,1155.14,4,0,0,1,0,1,0,0,0,0,1,0,0,1,0,0,0,0
108,90,35,5.59,34.45,57.71,2600.33,4,0,0,1,0,1,0,0,0,0,1,0,0,1,0,0,0,0
77,62,107,4.85,21.43,36.55,1142.88,4,0,0,1,0,1,0,0,0,0,1,0,0,1,0,0,0,0
60,73,111,5.86,13.01,62.01,2184.27,4,0,0,1,0,1,0,0,0,0,1,0,0,1,0,0,0,0
44,65,86,7.41,19.59,82.54,1807.21,4,0,0,1,0,1,0,0,0,0,1,0,0,1,0,0,0,0
46,43,66,6.94,38.24,53.49,845.86,4,0,0,1,0,1,0,0,0,0,1,0,0,1,0,0,0,0
133,54,47,7.52,18.45,53.85,480.19,4,0,0,1,0,1,0,0,0,0,1,0,0,1,0,0,0,0
112,56,51,5.66,21.4,62.79,439.71,4,0,0,1,0,1,0,0,0,0,1,0,0,1,0,0,0,0
95,53,132,7.53,20.48,55.67,2444.64,4,0,0,1,0,1,0,0,0,0,1,0,0,1,0,0,0,0
158,31,70,7.19,37.24,75.25,560.94,4,0,0,1,0,1,0,0,0,0,1,0,0,1,0,0,0,0
38,21,129,6.16,35.1,58.0,2400.83,4,0,0,1,0,1,0,0,0,0,1,0,0,1,0,0,0,0
111,47,42,7.27,33.6,31.04,2693.24,4,0,0,1,0,1,0,0,0,0,1,0,0,1,0,0,0,0
143,47,103,7.96,22.92,51.38,1309.47,4,0,0,1,0,1,0,0,0,0,1,0,0,1,0,0,0,0
119,77,72,7.66,39.38,72.2,1284.96,4,0,0,1,0,1,0,0,0,0,1,0,0,1,0,0,0,0
142,93,64,7.06,13.58,32.51,480.99,4,0,0,1,0,1,0,0,0,0,1,0,0,1,0,0,0,0
32,92,114,7.73,12.65,39.01,2618.65,4,0,0,1,0,1,0,0,0,0,1,0,0,1,0,0,0,0
82,27,119,5.34,31.21,48.8,2540.21,4,0,0,1,0,1,0,0,0,0,1,0,0,1,0,0,0,0
53,83,96,6.6,31.68,32.43,1741.24,4,0,0,1,0,1,0,0,0,0,1,0,0,1,0,0,0,0
174,59,51,7.26,15.05,75.18,1636.46,4,0,0,1,0,1,0,0,0,0,1,0,0,1,0,0,0,0
68,51,44,5.2,20.19,43.72,1322.93,4,0,0,1,0,1,0,0,0,0,1,0,0,1,0,0,0,0
35,97,140,6.72,11.73,71.55,740.27,4,0,0,1,0,1,0,0,0,0,1,0,0,1,0,0,0,0
96,20,123,7.82,25.79,40.89,2005.49,4,0,0,1,0,1,0,0,0,0,1,0,0,1,0,0,0,0
109,92,87,5.54,29.45,85.91,837.82,4,0,0,1,0,0,1,0,0,0,1,0,0,0,0,0,1,0
82,91,107,5.61,22.04,50.74,1472.78,4,0,0,1,0,0,1,0,0,0,1,0,0,0,0,0,1,0
133,76,74,6.4,30.71,32.8,2274.16,4,0,0,1,0,0,1,0,0,0,1,0,0,0,0,0,1,0
84,93,131,5.27,17.4,46.07,2221.59,4,0,0,1,0,0,1,0,0,0,1,0,0,0,0,0,1,0
167,76,52,7.15,19.31,55.3,1685.94,4,0,0,1,0,0,1,0,0,0,1,0,0,0,0,0,1,0
151,44,44,8.13,36.76,79.64,1166.47,4,0,0,1,0,0,1,0,0,0,1,0,0,0,0,0,1,0
116,93,71,7.44,38.89,43.3,1430.9,4,0,0,1,0,0,1,0,0,0,1,0,0,0,0,0,1,0
115,45,72,8.12,23.78,38.93,743.77,4,0,0,1,0,0,1,0,0,0,1,0,0,0,0,0,1,0
165,69,50,7.8,33.23,31.57,1860.11,4,0,0,1,0,0,1,0,0,0,1,0,0,0,0,0,1,0
40,64,78,5.09,37.68,81.54,456.56,4,0,0,1,0,0,1,0,0,0,1,0,0,0,0,0,1,0
59,38,86,5.33,17.03,56.37,2617.08,4,0,0,1,0,0,1,0,0,0,1,0,0,0,0,0,1,0
60,59,45,6.5,20.84,85.56,1030.65,4,0,0,1,0,0,1,0,0,0,1,0,0,0,0,0,1,0
51,95,42,6.12,30.28,72.93,2461.72,4,0,0,1,0,0,1,0,0,0,1,0,0,0,0,0,1,0
169,18,63,8.14,34.65,31.07,415.04,4,0,0,1,0,0,1,0,0,0,1,0,0,0,0,0,1,0
135,69,88,7.49,27.72,86.22,1566.45,4,0,0,1,0,0,1,0,0,0,1,0,0,0,0,0,1,0
30,73,80,6.34,24.78,67.66,2220.04,4,0,0,1,0,0,1,0,0,0,1,0,0,0,0,0,1,0
30,55,138,7.75,27.33,42.67,1470.53,4,0,0,1,0,0,1,0,0,0,1,0,0,0,0,0,1,0
55,59,64,7.34,13.58,38.1,2393.88,4,0,0,1,0,0,1,0,0,0,1,0,0,0,0,0,1,0
156,71,90,6.4,31.54,89.47,831.84,4,0,0,1,0,0,1,0,0,0,1,0,0,0,0,0,1,0
69,31,108,8.08,12.98,66.96,1183.44,4,0,0,1,0,0,0,1,0,0,1,0,0,1,0,0,0,0
54,74,124,5.46,20.11,58.11,1173.06,4,0,0,1,0,0,0,1,0,0,1,0,0,1,0,0,0,0
175,91,124,4.93,12.03,56.51,2253.23,4,0,0,1,0,0,0,1,0,0,1,0,0,1,0,0,0,0
142,54,112,5.54,37.26,30.99,1548.6,4,0,0,1,0,0,0,1,0,0,1,0,0,1,0,0,0,0
161,94,72,5.97,26.08,58.04,1625.03,4,0,0,1,0,0,0,1,0,0,1,0,0,1,0,0,0,0
108,43,123,7.68,21.03,44.74,474.57,4,0,0,1,0,0,0,1,0,0,1,0,0,1,0,0,0,0
38,92,91,6.72,32.77,80.15,585.99,4,0,0,1,0,0,0,1,0,0,1,0,0,1,0,0,0,0
99,36,67,5.88,23.29,70.14,2148.0,4,0,0,1,0,0,0,1,0,0,1,0,0,1,0,0,0,0
56,48,85,4.86,31.7,50.66,1997.14,4,0,0,1,0,0,0,1,0,0,1,0,0,1,0,0,0,0
98,23,37,8.07,33.76,38.04,1645.09,4,0,0,1,0,0,0,1,0,0,1,0,0,1,0,0,0,0
132,95,111,5.02,11.72,48.74,2145.25,4,0,0,1,0,0,0,1,0,0,1,0,0,1,0,0,0,0
152,69,125,7.64,16.07,87.0,1200.4,4,0,0,1,0,0,0,1,0,0,1,0,0,1,0,0,0,0
123,30,137,6.56,25.02,87.68,2299.48,4,0,0,1,0,0,0,1,0,0,1,0,0,1,0,0,0,0
135,76,38,7.72,10.36,65.63,1636.07,4,0,0,1,0,0,0,1,0,0,1,0,0,1,0,0,0,0
119,42,104,6.9,10.49,41.93,1269.8,4,0,0,1,0,0,0,1,0,0,1,0,0,1,0,0,0,0
71,40,35,5.74,11.85,49.43,2600.63,4,0,0,1,0,0,0,1,0,0,1,0,0,1,0,0,0,0
143,30,61,8.16,32.87,73.71,2748.37,4,0,0,1,0,0,0,1,0,0,1,0,0,1,0,0,0,0
46,24,27,7.7,32.74,79.04,1887.82,4,0,0,1,0,0,0,1,0,0,1,0,0,1,0,0,0,0
86,49,135,5.91,22.72,53.04,1707.4,4,0,0,1,1,0,0,0,0,0,0,1,0,0,1,0,0,0
159,60,100,7.02,12.83,33.04,2095.75,4,0,0,1,1,0,0,0,0,0,0,1,0,0,1,0,0,0
102,41,77,6.97,29.49,52.44,2454.26,4,0,0,1,1,0,0,0,0,0,0,1,0,0,1,0,0,0
39,15,121,5.68,33.85,68.88,2148.86,4,0,0,1,1,0,0,0,0,0,0,1,0,0,1,0,0,0
147,35,125,7.12,26.09,58.05,1917.57,4,0,0,1,1,0,0,0,0,0,0,1,0,0,1,0,0,0
156,47,66,5.17,37.48,72.12,1897.66,4,0,0,1,1,0,0,0,0,0,0,1,0,0,1,0,0,0
113,34,61,5.63,32.98,71.92,2011.34,4,0,0,1,1,0,0,0,0,0,0,1,0,0,1,0,0,0
138,53,148,8.08,34.54,86.32,1083.36,4,0,0,1,1,0,0,0,0,0,0,1,0,0,1,0,0,0
126,86,118,7.11,34.78,72.91,360.3,4,0,0,1,1,0,0,0,0,0,0,1,0,0,1,0,0,0
121,75,33,4.94,36.0,79.09,2158.4,4,0,0,1,1,0,0,0,0,0,0,1,0,0,1,0,0,0
30,61,66,6.57,22.66,37.6,908.72,4,0,0,1,1,0,0,0,0,0,0,1,0,0,1,0,0,0
138,53,48,5.9,23.85,66.24,1221.89,4,0,0,1,1,0,0,0,0,0,0,1,0,0,1,0,0,0
123,56,26,7.33,20.52,36.04,1523.25,4,0,0,1,1,0,0,0,0,0,0,1,0,0,1,0,0,0
69,83,30,7.77,14.01,44.49,979.96,4,0,0,1,1,0,0,0,0,0,0,1,0,0,1,0,0,0
160,58,22,6.8,26.26,43.71,2525.2,4,0,0,1,1,0,0,0,0,0,0,1,0,0,1,0,0,0
128,34,127,6.04,24.29,66.82,2432.71,4,0,0,1,1,0,0,0,0,0,0,1,0,0,1,0,0,0
96,39,21,7.37,25.53,57.45,404.06,4,0,0,1,1,0,0,0,0,0,0,1,0,0,1,0,0,0
79,41,63,6.76,14.79,36.17,2481.25,4,0,0,1,1,0,0,0,0,0,0,1,0,0,1,0,0,0
67,77,38,6.41,30.7,74.65,1083.85,4,0,0,1,1,0,0,0,0,0,0,1,0,0,1,0,0,0
34,33,29,8.02,18.99,46.38,1963.05,4,0,0,1,1,0,0,0,0,0,0,1,0,0,1,0,0,0
60,91,68,5.27,28.14,82.84,2333.7,4,0,0,1,1,0,0,0,0,0,0,1,0,0,1,0,0,0
101,36,64,8.02,19.43,75.64,1138.44,4,0,0,1,1,0,0,0,0,0,0,1,0,0,1,0,0,0
145,73,129,6.21,20.62,75.51,2411.16,4,0,0,1,1,0,0,0,0,0,0,1,0,0,1,0,0,0
105,63,31,7.57,16.57,56.26,1608.77,4,0,0,1,1,0,0,0,0,0,0,1,0,0,1,0,0,0
126,53,149,6.56,29.08,49.82,1261.03,4,0,0,1,1,0,0,0,0,0,0,1,0,0,1,0,0,0
137,30,148,6.46,12.07,43.38,2380.96,4,0,0,1,1,0,0,0,0,0,0,1,0,0,1,0,0,0
148,88,65,5.01,30.13,74.53,946.0,4,0,0,1,1,0,0,0,0,0,0,1,0,0,1,0,0,0
76,27,63,7.22,22.0,84.23,2031.78,4,0,0,1,0,1,0,0,0,0,0,1,0,0,1,0,0,0
90,40,36,7.34,37.81,46.48,2760.84,4,0,0,1,0,1,0,0,0,0,0,1,0,0,1,0,0,0
130,38,55,5.35,12.56,65.16,474.39,4,0,0,1,0,1,0,0,0,0,0,1,0,0,1,0,0,0
165,46,38,7.66,22.49,59.75,1977.49,4,0,0,1,0,1,0,0,0,0,0,1,0,0,1,0,0,0
83,92,102,7.54,23.68,77.92,864.3,4,0,0,1,0,1,0,0,0,0,0,1,0,0,1,0,0,0
157,87,84,4.92,17.53,54.69,1272.9,4,0,0,1,0,1,0,0,0,0,0,1,0,0,1,0,0,0
102,52,82,7.03,28.42,47.5,416.99,4,0,0,1,0,1,0,0,0,0,0,1,0,0,1,0,0,0
138,75,73,5.81,23.54,67.58,2453.53,4,0,0,1,0,1,0,0,0,0,0,1,0,0,1,0,0,0
100,28,30,6.09,15.59,49.14,1416.2,4,0,0,1,0,1,0,0,0,0,0,1,0,0,1,0,0,0
65,72,124,4.84,14.32,80.28,2498.22,4,0,0,1,0,1,0,0,0,0,0,1,0,0,1,0,0,0
56,30,128,5.7,13.14,50.57,2275.19,4,0,0,1,0,1,0,0,0,0,0,1,0,0,1,0,0,0
94,24,122,5.1,26.42,40.22,692.94,4,0,0,1,0,1,0,0,0,0,0,1,0,0,1,0,0,0
43,46,103,5.36,22.37,89.43,1431.29,4,0,0,1,0,1,0,0,0,0,0,1,0,0,1,0,0,0
158,29,57,5.81,27.13,76.83,550.04,4,0,0,1,0,1,0,0,0,0,0,1,0,0,1,0,0,0
170,83,38,8.05,11.29,84.34,1963.15,4,0,0,1,0,1,0,0,0,0,0,1,0,0,1,0,0,0
142,85,147,5.34,33.84,36.35,1172.81,4,0,0,1,0,1,0,0,0,0,0,1,0,0,1,0,0,0
68,25,116,7.42,32.77,72.89,2507.34,4,0,0,1,0,1,0,0,0,0,0,1,0,0,1,0,0,0
161,45,54,6.8,34.87,53.38,363.04,4,0,0,1,0,1,0,0,0,0,0,1,0,0,1,0,0,0
141,49,41,5.99,13.87,69.54,2322.7,4,0,0,1,0,1,0,0,0,0,0,1,0,0,1,0,0,0
61,27,131,6.79,32.51,82.63,918.35,4,0,0,1,0,1,0,0,0,0,0,1,0,0,1,0,0,0
121,79,69,6.62,18.75,76.11,1712.96,4,0,0,1,0,1,0,0,0,0,0,1,0,0,1,0,0,0
66,98,119,6.76,34.46,74.56,2744.43,4,0,0,1,0,1,0,0,0,0,0,1,0,0,1,0,0,0
82,71,20,5.62,20.47,63.3,955.52,4,0,0,1,0,0,1,0,0,0,0,1,0,0,0,0,1,0
136,84,100,7.23,20.75,79.56,1959.49,4,0,0,1,0,0,1,0,0,0,0,1,0,0,0,0,1,0
166,44,107,5.72,10.29,54.06,1166.46,4,0,0,1,0,0,1,0,0,0,0,1,0,0,0,0,1,0
153,86,115,8.17,30.26,43.68,2498.74,4,0,0,1,0,0,1,0,0,0,0,1,0,0,0,0,1,0
117,20,112,7.86,30.21,87.1,950.0,4,0,0,1,0,0,1,0,0,0,0,1,0,0,0,0,1,0
137,93,55,8.07,28.39,42.61,1186.06,4,0,0,1,0,0,1,0,0,0,0,1,0,0,0,0,1,0
131,24,114,7.44,24.15,41.12,1672.28,4,0,0,1,0,0,1,0,0,0,0,1,0,0,0,0,1,0
171,54,29,6.66,21.0,51.9,2727.47,4,0,0,1,0,0,1,0,0,0,0,1,0,0,0,0,1,0
42,16,118,6.89,30.66,75.6,2644.21,4,0,0,1,0,0,1,0,0,0,0,1,0,0,0,0,1,0
57,28,48,4.91,10.32,65.07,387.63,4,0,0,1,0,0,1,0,0,0,0,1,0,0,0,0,1,0
52,56,125,5.4,11.42,75.75,1264.66,4,0,0,1,0,0,1,0,0,0,0,1,0,0,0,0,1,0
85,95,137,5.12,28.83,44.59,411.87,4,0,0,1,0,0,1,0,0,0,0,1,0,0,0,0,1,0
116,94,95,6.69,33.61,69.84,1530.7,4,0,0,1,0,0,1,0,0,0,0,1,0,0,0,0,1,0
49,43,149,5.91,34.97,46.69,1951.21,4,0,0,1,0,0,1,0,0,0,0,1,0,0,0,0,1,0
116,22,41,7.53,31.3,51.69,1392.36,4,0,0,1,0,0,1,0,0,0,0,1,0,0,0,0,1,0
95,70,21,6.86,12.97,62.63,943.1,4,0,0,1,0,0,1,0,0,0,0,1,0,0,0,0,1,0
151,73,62,5.18,13.54,44.31,2193.46,4,0,0,1,0,0,1,0,0,0,0,1,0,0,0,0,1,0
63,96,60,5.35,25.08,69.0,1746.96,4,0,0,1,0,0,1,0,0,0,0,1,0,0,0,0,1,0
76,60,94,6.9,27.99,35.52,2543.21,4,0,0,1,0,0,1,0,0,0,0,1,0,0,0,0,1,0
61,68,83,5.42,10.81,60.02,2227.46,4,0,0,1,0,0,1,0,0,0,0,1,0,0,0,0,1,0
87,35,32,7.25,34.94,45.63,2668.32,4,0,0,1,0,0,1,0,0,0,0,1,0,0,0,0,1,0
33,86,69,5.14,30.69,36.29,2537.1,4,0,0,1,0,0,1,0,0,0,0,1,0,0,0,0,1,0
137,22,47,4.83,26.47,34.09,390.79,4,0,0,1,0,0,1,0,0,0,0,1,0,0,0,0,1,0
70,91,37,5.93,17.17,78.55,1395.8,4,0,0,1,0,0,1,0,0,0,0,1,0,0,0,0,1,0
93,45,134,4.86,28.82,34.95,2217.27,4,0,0,1,0,0,1,0,0,0,0,1,0,0,0,0,1,0
152,19,57,8.18,32.07,68.51,520.0,4,0,0,1,0,0,1,0,0,0,0,1,0,0,0,0,1,0
135,88,130,5.37,37.09,87.19,836.86,4,0,0,1,0,0,1,0,0,0,0,1,0,0,0,0,1,0
60,90,112,6.32,31.34,38.19,654.15,4,0,0,1,0,0,1,0,0,0,0,1,0,0,0,0,1,0
166,40,144,7.25,10.78,41.37,2661.37,4,0,0,1,0,0,1,0,0,0,0,1,0,0,0,0,1,0
60,33,138,5.6,36.55,84.29,786.47,4,0,0,1,0,0,1,0,0,0,0,1,0,0,0,0,1,0
164,66,145,4.87,16.79,59.22,392.17,4,0,0,1,0,0,1,0,0,0,0,1,0,0,0,0,1,0
178,88,147,6.68,32.09,78.32,1038.34,4,0,0,1,0,0,1,0,0,0,0,1,0,0,0,0,1,0
41,19,108,5.04,21.97,56.57,2101.72,4,0,0,1,0,0,0,1,0,0,0,1,0,1,0,0,0,0
64,41,53,8.06,18.78,51.96,1544.49,4,0,0,1,0,0,0,1,0,0,0,1,0,1,0,0,0,0
122,49,99,5.73,17.94,44.68,527.81,4,0,0,1,0,0,0,1,0,0,0,1,0,1,0,0,0,0
127,70,75,6.29,14.79,60.33,896.8,4,0,0,1,0,0,0,1,0,0,0,1,0,1,0,0,0,0
41,95,42,5.94,17.1,85.75,556.94,4,0,0,1,0,0,0,1,0,0,0,1,0,1,0,0,0,0
50,92,122,6.94,10.2,77.97,323.01,4,0,0,1,0,0,0,1,0,0,0,1,0,1,0,0,0,0
48,41,44,6.4,35.81,42.53,1061.55,4,0,0,1,0,0,0,1,0,0,0,1,0,1,0,0,0,0
98,98,60,7.55,37.97,69.86,2738.62,4,0,0,1,0,0,0,1,0,0,0,1,0,1,0,0,0,0
93,69,43,6.75,34.55,58.43,1224.89,4,0,0,1,0,0,0,1,0,0,0,1,0,1,0,0,0,0
69,94,58,4.91,22.98,70.41,1473.78,4,0,0,1,0,0,0,1,0,0,0,1,0,1,0,0,0,0
136,77,41,4.96,29.76,75.42,803.25,4,0,0,1,0,0,0,1,0,0,0,1,0,1,0,0,0,0
97,23,65,5.58,33.75,87.7,1184.72,4,0,0,1,0,0,0,1,0,0,0,1,0,1,0,0,0,0
100,91,61,4.94,28.19,46.68,2510.47,4,0,0,1,0,0,0,1,0,0,0,1,0,1,0,0,0,0
101,16,119,6.16,21.18,71.92,1271.47,4,0,0,1,0,0,0,1,0,0,0,1,0,1,0,0,0,0
60,72,75,8.11,32.13,78.1,1184.66,4,0,0,1,0,0,0,1,0,0,0,1,0,1,0,0,0,0
164,90,68,5.85,16.13,47.2,874.73,4,0,0,1,0,0,0,1,0,0,0,1,0,1,0,0,0,0
148,77,24,5.28,36.14,47.13,656.63,4,0,0,1,0,0,0,1,0,0,0,1,0,1,0,0,0,0
63,21,51,5.99,20.64,63.79,1571.57,4,0,0,1,0,0,0,1,0,0,0,1,0,1,0,0,0,0
101,35,87,7.08,12.95,61.93,699.11,4,0,0,1,0,0,0,1,0,0,0,1,0,1,0,0,0,0
90,73,44,7.19,30.86,47.45,1377.27,4,0,0,1,0,0,0,1,0,0,0,1,0,1,0,0,0,0
86,37,133,6.4,33.53,87.48,474.14,4,0,0,1,0,0,0,1,0,0,0,1,0,1,0,0,0,0
86,42,73,4.89,19.51,71.13,822.08,4,0,0,1,0,0,0,1,0,0,0,1,0,1,0,0,0,0
86,33,134,7.99,21.69,71.78,2197.61,4,0,0,1,0,0,0,1,0,0,0,1,0,1,0,0,0,0
175,53,103,7.16,30.15,82.21,361.46,4,0,0,1,0,0,0,1,0,0,0,1,0,1,0,0,0,0
141,50,128,6.9,31.76,40.6,1334.24,4,0,0,1,0,0,0,1,0,0,0,1,0,1,0,0,0,0
51,39,65,5.59,15.43,69.11,1501.43,4,0,0,1,1,0,0,0,0,0,0,0,1,0,1,0,0,0
169,28,84,5.93,33.35,88.67,1725.04,4,0,0,1,1,0,0,0,0,0,0,0,1,0,1,0,0,0
147,61,135,5.87,19.22,61.06,2511.61,4,0,0,1,1,0,0,0,0,0,0,0,1,0,1,0,0,0
125,59,30,5.0,27.01,37.43,1475.49,4,0,0,1,1,0,0,0,0,0,0,0,1,0,1,0,0,0
125,80,146,5.91,39.71,75.82,611.48,4,0,0,1,1,0,0,0,0,0,0,0,1,0,1,0,0,0
49,58,136,7.0,38.54,71.43,2478.72,4,0,0,1,1,0,0,0,0,0,0,0,1,0,1,0,0,0
127,93,111,6.97,17.52,66.28,2403.72,4,0,0,1,1,0,0,0,0,0,0,0,1,0,1,0,0,0
172,62,88,7.09,26.8,48.37,1970.05,4,0,0,1,1,0,0,0,0,0,0,0,1,0,1,0,0,0
119,35,129,4.8,20.65,55.32,1074.12,4,0,0,1,1,0,0,0,0,0,0,0,1,0,1,0,0,0
104,28,141,6.04,32.74,85.49,2245.25,4,0,0,1,1,0,0,0,0,0,0,0,1,0,1,0,0,0
147,62,58,6.93,30.64,89.77,2713.1,4,0,0,1,1,0,0,0,0,0,0,0,1,0,1,0,0,0
114,67,50,5.89,35.68,67.44,1039.2,4,0,0,1,1,0,0,0,0,0,0,0,1,0,1,0,0,0
44,93,72,5.87,12.68,62.11,1607.82,4,0,0,1,1,0,0,0,0,0,0,0,1,0,1,0,0,0
111,54,40,5.06,39.53,76.48,818.37,4,0,0,1,1,0,0,0,0,0,0,0,1,0,1,0,0,0
82,32,39,7.24,34.23,53.06,1240.9,4,0,0,1,1,0,0,0,0,0,0,0,1,0,1,0,0,0
65,45,46,5.74,23.9,78.68,2438.64,4,0,0,1,1,0,0,0,0,0,0,0,1,0,1,0,0,0
171,95,54,5.34,27.44,67.96,1919.84,4,0,0,1,1,0,0,0,0,0,0,0,1,0,1,0,0,0
63,94,112,5.19,21.21,89.19,1474.88,4,0,0,1,1,0,0,0,0,0,0,0,1,0,1,0,0,0
80,69,117,6.35,23.87,42.85,739.94,4,0,0,1,1,0,0,0,0,0,0,0,1,0,1,0,0,0
129,44,23,5.0,16.09,79.65,2297.45,4,0,0,1,1,0,0,0,0,0,0,0,1,0,1,0,0,0
176,36,148,6.45,20.58,85.85,1723.67,4,0,0,1,1,0,0,0,0,0,0,0,1,0,1,0,0,0
33,58,39,7.33,15.37,61.84,2523.2,4,0,0,1,1,0,0,0,0,0,0,0,1,0,1,0,0,0
100,33,126,5.92,12.07,41.39,317.63,4,0,0,1,1,0,0,0,0,0,0,0,1,0,1,0,0,0
149,89,128,5.81,37.14,83.37,1145.09,4,0,0,1,1,0,0,0,0,0,0,0,1,0,1,0,0,0
51,75,112,5.22,24.44,41.73,1207.67,4,0,0,1,1,0,0,0,0,0,0,0,1,0,1,0,0,0
76,90,37,7.37,10.25,44.07,1718.75,4,0,0,1,1,0,0,0,0,0,0,0,1,0,1,0,0,0
54,88,140,7.75,38.97,54.29,1889.79,4,0,0,1,1,0,0,0,0,0,0,0,1,0,1,0,0,0
104,96,66,4.96,31.44,61.34,2503.37,4,0,0,1,1,0,0,0,0,0,0,0,1,0,1,0,0,0
165,91,127,6.99,14.42,37.46,2497.79,4,0,0,1,1,0,0,0,0,0,0,0,1,0,1,0,0,0
80,36,42,5.14,35.33,86.95,1785.17,4,0,0,1,1,0,0,0,0,0,0,0,1,0,1,0,0,0
117,29,130,6.35,10.51,36.31,365.03,4,0,0,1,1,0,0,0,0,0,0,0,1,0,1,0,0,0
176,39,73,7.68,36.19,84.56,1019.99,4,0,0,1,1,0,0,0,0,0,0,0,1,0,1,0,0,0
69,65,44,7.86,10.05,54.7,1554.86,4,0,0,1,1,0,0,0,0,0,0,0,1,0,1,0,0,0
48,75,147,6.05,29.21,32.62,2796.42,4,0,0,1,1,0,0,0,0,0,0,0,1,0,1,0,0,0
94,70,136,5.2,10.79,48.12,460.95,4,0,0,1,1,0,0,0,0,0,0,0,1,0,1,0,0,0
77,24,84,6.25,13.08,37.39,1260.54,4,0,0,1,0,1,0,0,0,0,0,0,1,0,1,0,0,0
131,52,107,6.8,33.66,88.83,1636.96,4,0,0,1,0,1,0,0,0,0,0,0,1,0,1,0,0,0
90,64,35,7.82,20.58,84.04,467.57,4,0,0,1,0,1,0,0,0,0,0,0,1,0,1,0,0,0
82,27,98,5.08,29.73,51.54,2309.05,4,0,0,1,0,1,0,0,0,0,0,0,1,0,1,0,0,0
79,22,100,7.74,10.02,42.83,2318.74,4,0,0,1,0,1,0,0,0,0,0,0,1,0,1,0,0,0
61,70,78,6.19,26.86,55.28,609.95,4,0,0,1,0,1,0,0,0,0,0,0,1,0,1,0,0,0
135,62,59,6.57,19.92,78.48,464.25,4,0,0,1,0,1,0,0,0,0,0,0,1,0,1,0,0,0
46,31,124,4.98,24.93,50.44,366.37,4,0,0,1,0,1,0,0,0,0,0,0,1,0,1,0,0,0
96,97,57,6.77,37.82,33.53,790.8,4,0,0,1,0,1,0,0,0,0,0,0,1,0,1,0,0,0
157,79,54,7.49,28.37,77.75,1362.36,4,0,0,1,0,1,0,0,0,0,0,0,1,0,1,0,0,0
41,54,124,6.22,13.97,34.98,1283.87,4,0,0,1,0,1,0,0,0,0,0,0,1,0,1,0,0,0
81,67,40,7.66,30.79,63.82,2582.95,4,0,0,1,0,1,0,0,0,0,0,0,1,0,1,0,0,0
39,22,111,7.58,27.7,78.91,637.5,4,0,0,1,0,1,0,0,0,0,0,0,1,0,1,0,0,0
160,31,63,5.65,11.61,41.49,1738.97,4,0,0,1,0,1,0,0,0,0,0,0,1,0,1,0,0,0
61,97,141,5.36,13.09,53.03,950.76,4,0,0,1,0,1,0,0,0,0,0,0,1,0,1,0,0,0
111,18,20,7.31,34.32,78.53,577.47,4,0,0,1,0,1,0,0,0,0,0,0,1,0,1,0,0,0
36,94,100,5.12,31.07,37.88,2232.74,4,0,0,1,0,1,0,0,0,0,0,0,1,0,1,0,0,0
166,91,79,6.23,14.96,69.31,2118.19,4,0,0,1,0,1,0,0,0,0,0,0,1,0,1,0,0,0
164,58,149,6.07,11.31,30.75,2420.9,4,0,0,1,0,1,0,0,0,0,0,0,1,0,1,0,0,0
138,42,54,7.58,23.17,65.06,2456.83,4,0,0,1,0,1,0,0,0,0,0,0,1,0,1,0,0,0
82,91,87,4.82,33.7,67.21,854.24,4,0,0,1,0,1,0,0,0,0,0,0,1,0,1,0,0,0
132,34,121,7.88,27.52,68.86,986.65,4,0,0,1,0,1,0,0,0,0,0,0,1,0,1,0,0,0
113,82,135,6.64,21.66,44.17,389.59,4,0,0,1,0,1,0,0,0,0,0,0,1,0,1,0,0,0
174,39,121,7.04,21.7,49.58,713.42,4,0,0,1,0,1,0,0,0,0,0,0,1,0,1,0,0,0
81,90,137,5.43,21.94,34.81,2570.66,4,0,0,1,0,1,0,0,0,0,0,0,1,0,1,0,0,0
70,95,22,8.13,21.59,60.25,320.66,4,0,0,1,0,1,0,0,0,0,0,0,1,0,1,0,0,0
30,48,105,4.83,28.02,41.3,1034.16,4,0,0,1,0,1,0,0,0,0,0,0,1,0,1,0,0,0
92,62,67,5.43,33.98,63.0,1023.91,4,0,0,1,0,0,1,0,0,0,0,0,1,0,0,0,1,0
34,92,67,8.05,32.36,80.04,624.27,4,0,0,1,0,0,1,0,0,0,0,0,1,0,0,0,1,0
42,19,73,7.86,22.05,39.49,333.9,4,0,0,1,0,0,1,0,0,0,0,0,1,0,0,0,1,0
174,20,45,5.03,13.29,84.2,310.85,4,0,0,1,0,0,1,0,0,0,0,0,1,0,0,0,1,0
161,54,28,4.89,33.07,70.86,1843.86,4,0,0,1,0,0,1,0,0,0,0,0,1,0,0,0,1,0
107,85,25,7.0,20.29,70.95,2716.07,4,0,0,1,0,0,1,0,0,0,0,0,1,0,0,0,1,0
36,43,120,7.99,37.86,50.3,1717.1,4,0,0,1,0,0,1,0,0,0,0,0,1,0,0,0,1,0
169,68,70,6.66,37.77,87.03,525.78,4,0,0,1,0,0,1,0,0,0,0,0,1,0,0,0,1,0
100,43,117,7.62,29.79,67.15,2738.32,4,0,0,1,0,0,1,0,0,0,0,0,1,0,0,0,1,0
142,97,120,6.01,33.47,45.93,2416.95,4,0,0,1,0,0,1,0,0,0,0,0,1,0,0,0,1,0
62,66,145,7.25,23.9,68.82,824.4,4,0,0,1,0,0,1,0,0,0,0,0,1,0,0,0,1,0
176,29,76,7.85,14.96,56.61,1408.65,4,0,0,1,0,0,1,0,0,0,0,0,1,0,0,0,1,0
76,39,124,7.23,19.11,76.06,2206.54,4,0,0,1,0,0,1,0,0,0,0,0,1,0,0,0,1,0
96,32,134,8.11,25.32,80.42,1697.32,4,0,0,1,0,0,1,0,0,0,0,0,1,0,0,0,1,0
73,32,137,7.16,13.62,49.56,692.95,4,0,0,1,0,0,1,0,0,0,0,0,1,0,0,0,1,0
112,79,130,6.93,16.84,77.68,2117.29,4,0,0,1,0,0,1,0,0,0,0,0,1,0,0,0,1,0
153,26,147,4.83,32.13,49.45,1843.19,4,0,0,1,0,0,0,1,0,0,0,0,1,1,0,0,0,0
68,16,133,4.95,30.34,52.29,1771.89,4,0,0,1,0,0,0,1,0,0,0,0,1,1,0,0,0,0
176,38,27,5.27,38.45,84.06,2653.53,4,0,0,1,0,0,0,1,0,0,0,0,1,1,0,0,0,0
103,17,49,7.11,28.88,40.83,2632.89,4,0,0,1,0,0,0,1,0,0,0,0,1,1,0,0,0,0
81,84,116,6.97,27.92,73.1,1631.18,4,0,0,1,0,0,0,1,0,0,0,0,1,1,0,0,0,0
175,97,88,7.54,23.24,87.19,2343.83,4,0,0,1,0,0,0,1,0,0,0,0,1,1,0,0,0,0
150,80,78,6.18,27.71,30.18,640.99,4,0,0,1,0,0,0,1,0,0,0,0,1,1,0,0,0,0
43,53,138,6.73,15.48,76.42,1658.79,4,0,0,1,0,0,0,1,0,0,0,0,1,1,0,0,0,0
142,16,142,6.58,12.04,50.24,1911.42,4,0,0,1,0,0,0,1,0,0,0,0,1,1,0,0,0,0
91,66,109,6.0,16.0,39.05,374.8,4,0,0,1,0,0,0,1,0,0,0,0,1,1,0,0,0,0
142,46,38,7.63,33.01,67.89,1047.01,4,0,0,1,0,0,0,1,0,0,0,0,1,1,0,0,0,0
140,29,82,4.99,37.11,52.55,969.48,4,0,0,1,0,0,0,1,0,0,0,0,1,1,0,0,0,0
50,89,106,7.9,14.4,32.55,2368.69,4,0,0,1,0,0,0,1,0,0,0,0,1,1,0,0,0,0
61,58,34,7.59,13.96,40.69,1724.5,4,0,0,1,0,0,0,1,0,0,0,0,1,1,0,0,0,0
158,95,39,7.34,10.52,87.3,2295.38,4,0,0,1,0,0,0,1,0,0,0,0,1,1,0,0,0,0
100,53,97,6.66,28.05,83.77,1743.16,4,0,0,1,0,0,0,1,0,0,0,0,1,1,0,0,0,0
79,50,53,6.65,23.95,84.1,1299.44,4,0,0,1,0,0,0,1,0,0,0,0,1,1,0,0,0,0
160,75,41,6.48,32.14,41.18,753.48,4,0,0,1,0,0,0,1,0,0,0,0,1,1,0,0,0,0
67,17,104,7.68,21.27,78.67,2400.37,4,0,0,1,0,0,0,1,0,0,0,0,1,1,0,0,0,0
59,24,41,6.59,21.3,77.93,712.19,4,0,0,1,0,0,0,1,0,0,0,0,1,1,0,0,0,0
154,90,23,4.82,29.72,55.14,2325.9,4,0,0,1,0,0,0,1,0,0,0,0,1,1,0,0,0,0
178,15,148,7.75,17.82,76.35,2317.7,4,0,0,1,0,0,0,1,0,0,0,0,1,1,0,0,0,0
85,42,25,5.82,14.11,63.77,1656.59,4,0,0,1,0,0,0,1,0,0,0,0,1,1,0,0,0,0
91,69,92,5.73,35.25,83.67,826.86,4,0,0,1,0,0,0,1,0,0,0,0,1,1,0,0,0,0
31,24,92,5.17,11.47,68.46,1763.22,4,0,0,1,0,0,0,1,0,0,0,0,1,1,0,0,0,0
96,45,129,6.2,31.76,47.39,1518.66,4,0,0,1,0,0,0,1,0,0,0,0,1,1,0,0,0,0
116,92,92,6.14,31.68,67.11,1628.15,4,0,0,1,0,0,0,1,0,0,0,0,1,1,0,0,0,0
120,85,40,6.52,20.58,57.2,2224.51,4,0,0,1,0,0,0,1,0,0,0,0,1,1,0,0,0,0
165,19,87,5.13,32.49,69.14,1886.77,4,0,0,1,0,0,0,1,0,0,0,0,1,1,0,0,0,0
45,96,73,6.19,38.2,68.19,427.71,4,0,0,1,0,0,0,1,0,0,0,0,1,1,0,0,0,0
114,24,93,6.81,39.28,70.33,707.85,4,0,0,1,0,0,0,1,0,0,0,0,1,1,0,0,0,0
106,40,91,6.48,31.0,54.63,878.69,4,0,0,1,0,0,0,1,0,0,0,0,1,1,0,0,0,0
126,68,60,4.84,35.04,89.5,2006.25,4,0,0,1,0,0,0,1,0,0,0,0,1,1,0,0,0,0
120,84,96,6.16,10.8,33.88,2565.55,4,0,0,1,0,0,0,1,0,0,0,0,1,1,0,0,0,0
145,37,125,6.29,31.06,59.61,711.11,4,0,0,1,0,0,0,1,0,0,0,0,1,1,0,0,0,0
68,58,116,5.74,35.6,41.43,1389.33,5,1,0,0,1,0,0,0,1,0,0,0,0,0,1,0,0,0
103,92,127,7.1,21.49,83.58,1402.54,5,1,0,0,1,0,0,0,1,0,0,0,0,0,1,0,0,0
34,20,65,6.74,39.14,55.44,1047.31,5,1,0,0,1,0,0,0,1,0,0,0,0,0,1,0,0,0
83,18,35,7.28,34.28,36.97,1578.19,5,1,0,0,1,0,0,0,1,0,0,0,0,0,1,0,0,0
174,85,119,5.99,38.3,84.94,1974.56,5,1,0,0,1,0,0,0,1,0,0,0,0,0,1,0,0,0
76,41,74,5.0,35.23,48.31,563.14,5,1,0,0,1,0,0,0,1,0,0,0,0,0,1,0,0,0
58,69,22,4.99,14.72,76.09,2273.79,5,1,0,0,1,0,0,0,1,0,0,0,0,0,1,0,0,0
146,67,95,8.14,22.47,31.62,2333.74,5,1,0,0,1,0,0,0,1,0,0,0,0,0,1,0,0,0
160,18,104,6.95,35.75,75.17,2320.13,5,1,0,0,1,0,0,0,1,0,0,0,0,0,1,0,0,0
152,30,75,5.75,15.71,34.86,877.75,5,1,0,0,1,0,0,0,1,0,0,0,0,0,1,0,0,0
121,41,114,7.12,19.33,66.96,1635.78,5,1,0,0,1,0,0,0,1,0,0,0,0,0,1,0,0,0
103,39,148,7.56,10.59,31.17,767.67,5,1,0,0,1,0,0,0,1,0,0,0,0,0,1,0,0,0
125,33,121,7.62,39.22,57.98,2735.81,5,1,0,0,1,0,0,0,1,0,0,0,0,0,1,0,0,0
104,94,79,6.59,29.09,71.7,2003.9,5,1,0,0,1,0,0,0,1,0,0,0,0,0,1,0,0,0
170,92,65,7.31,23.75,81.81,2463.06,5,1,0,0,1,0,0,0,1,0,0,0,0,0,1,0,0,0
145,48,93,6.53,29.24,60.83,634.51,5,1,0,0,1,0,0,0,1,0,0,0,0,0,1,0,0,0
179,67,138,8.0,27.9,67.58,2262.85,5,1,0,0,1,0,0,0,1,0,0,0,0,0,1,0,0,0
108,38,70,7.09,12.14,69.46,967.81,5,1,0,0,1,0,0,0,1,0,0,0,0,0,1,0,0,0
148,29,36,7.86,33.76,67.76,1259.04,5,1,0,0,1,0,0,0,1,0,0,0,0,0,1,0,0,0
140,84,66,7.33,13.92,47.24,878.59,5,1,0,0,1,0,0,0,1,0,0,0,0,0,1,0,0,0
74,48,80,7.02,23.82,35.91,1183.4,5,1,0,0,1,0,0,0,1,0,0,0,0,0,1,0,0,0
155,80,52,7.41,37.88,51.66,2180.44,5,1,0,0,1,0,0,0,1,0,0,0,0,0,1,0,0,0
121,52,82,6.85,15.84,46.28,2505.88,5,1,0,0,1,0,0,0,1,0,0,0,0,0,1,0,0,0
147,58,30,5.85,16.29,88.09,1367.27,5,1,0,0,1,0,0,0,1,0,0,0,0,0,1,0,0,0
33,81,35,5.84,14.15,72.97,1389.45,5,1,0,0,1,0,0,0,1,0,0,0,0,0,1,0,0,0
72,68,105,6.62,20.77,60.05,1970.25,5,1,0,0,1,0,0,0,1,0,0,0,0,0,1,0,0,0
78,83,29,6.66,32.46,47.52,854.49,5,1,0,0,1,0,0,0,1,0,0,0,0,0,1,0,0,0
110,17,136,7.38,31.87,66.19,1840.42,5,1,0,0,1,0,0,0,1,0,0,0,0,0,1,0,0,0
57,60,108,7.01,13.75,85.73,1529.76,5,1,0,0,0,1,0,0,1,0,0,0,0,1,0,0,0,0
114,42,149,4.83,14.96,89.64,708.03,5,1,0,0,0,1,0,0,1,0,0,0,0,1,0,0,0,0
135,72,56,5.22,23.13,77.77,808.84,5,1,0,0,0,1,0,0,1,0,0,0,0,1,0,0,0,0
68,27,35,6.61,19.97,43.41,2501.93,5,1,0,0,0,1,0,0,1,0,0,0,0,1,0,0,0,0
36,97,102,6.2,34.08,58.96,365.71,5,1,0,0,0,1,0,0,1,0,0,0,0,1,0,0,0,0
172,20,140,8.17,22.55,36.48,2689.57,5,1,0,0,0,1,0,0,1,0,0,0,0,1,0,0,0,0
98,80,58,5.29,16.64,32.84,2223.45,5,1,0,0,0,1,0,0,1,0,0,0,0,1,0,0,0,0
166,43,65,8.14,19.78,71.46,416.62,5,1,0,0,0,1,0,0,1,0,0,0,0,1,0,0,0,0
73,39,24,5.67,27.61,81.65,444.85,5,1,0,0,0,1,0,0,1,0,0,0,0,1,0,0,0,0
77,33,31,5.83,12.78,54.9,1904.61,5,1,0,0,0,1,0,0,1,0,0,0,0,1,0,0,0,0
130,69,44,6.47,19.14,52.24,2046.39,5,1,0,0,0,1,0,0,1,0,0,0,0,1,0,0,0,0
169,22,43,7.91,34.92,77.6,2227.5,5,1,0,0,0,1,0,0,1,0,0,0,0,1,0,0,0,0
103,95,89,5.03,33.76,54.23,346.57,5,1,0,0,0,1,0,0,1,0,0,0,0,1,0,0,0,0
172,74,123,8.09,26.12,44.01,2679.11,5,1,0,0,0,1,0,0,1,0,0,0,0,1,0,0,0,0
67,23,84,7.19,27.85,64.97,2648.58,5,1,0,0,0,1,0,0,1,0,0,0,0,1,0,0,0,0
146,36,28,6.69,32.42,53.46,1571.62,5,1,0,0,0,1,0,0,1,0,0,0,0,1,0,0,0,0
133,33,125,7.9,14.32,34.63,645.13,5,1,0,0,0,1,0,0,1,0,0,0,0,1,0,0,0,0
156,30,101,7.88,25.8,79.02,2753.48,5,1,0,0,0,1,0,0,1,0,0,0,0,1,0,0,0,0
92,93,49,7.59,22.82,66.62,2622.82,5,1,0,0,0,1,0,0,1,0,0,0,0,1,0,0,0,0
82,91,32,7.83,28.22,76.79,482.35,5,1,0,0,0,1,0,0,1,0,0,0,0,1,0,0,0,0
143,58,40,6.15,19.57,88.8,1630.78,5,1,0,0,0,1,0,0,1,0,0,0,0,1,0,0,0,0
107,79,20,5.28,39.82,79.1,1905.01,5,1,0,0,0,1,0,0,1,0,0,0,0,1,0,0,0,0
60,77,123,7.09,33.92,54.37,2388.86,5,1,0,0,0,1,0,0,1,0,0,0,0,1,0,0,0,0
141,35,20,6.19,24.36,47.21,1163.76,5,1,0,0,0,1,0,0,1,0,0,0,0,1,0,0,0,0
80,91,82,6.32,25.95,65.43,2071.59,5,1,0,0,0,1,0,0,1,0,0,0,0,1,0,0,0,0
106,88,131,7.12,28.51,67.38,2138.2,5,1,0,0,0,1,0,0,1,0,0,0,0,1,0,0,0,0
92,59,46,7.78,11.77,42.72,1718.76,5,1,0,0,0,0,1,0,1,0,0,0,0,0,0,0,0,1
80,41,114,7.81,38.81,68.2,2003.27,5,1,0,0,0,0,1,0,1,0,0,0,0,0,0,0,0,1
135,23,119,7.7,15.03,33.19,2131.03,5,1,0,0,0,0,1,0,1,0,0,0,0,0,0,0,0,1
174,68,146,7.95,29.51,82.23,962.88,5,1,0,0,0,0,1,0,1,0,0,0,0,0,0,0,0,1
116,95,97,5.46,27.51,57.3,2191.87,5,1,0,0,0,0,1,0,1,0,0,0,0,0,0,0,0,1
52,82,40,8.1,27.3,34.7,1152.74,5,1,0,0,0,0,1,0,1,0,0,0,0,0,0,0,0,1
75,64,53,6.08,12.51,67.04,921.91,5,1,0,0,0,0,1,0,1,0,0,0,0,0,0,0,0,1
71,19,127,6.05,12.7,40.27,1307.52,5,1,0,0,0,0,1,0,1,0,0,0,0,0,0,0,0,1
94,69,105,6.89,13.91,63.03,1170.94,5,1,0,0,0,0,1,0,1,0,0,0,0,0,0,0,0,1
74,46,69,6.12,11.5,54.45,776.35,5,1,0,0,0,0,1,0,1,0,0,0,0,0,0,0,0,1
170,79,74,6.53,31.35,37.8,1898.68,5,1,0,0,0,0,1,0,1,0,0,0,0,0,0,0,0,1
159,39,147,5.94,14.37,83.44,460.16,5,1,0,0,0,0,1,0,1,0,0,0,0,0,0,0,0,1
151,31,90,5.35,23.58,37.49,513.11,5,1,0,0,0,0,1,0,1,0,0,0,0,0,0,0,0,1
57,44,133,7.13,14.59,60.7,1731.41,5,1,0,0,0,0,1,0,1,0,0,0,0,0,0,0,0,1
103,64,25,6.24,20.24,48.26,1567.72,5,1,0,0,0,0,1,0,1,0,0,0,0,0,0,0,0,1
42,99,148,6.27,29.09,45.4,413.91,5,1,0,0,0,0,1,0,1,0,0,0,0,0,0,0,0,1
114,23,106,7.74,22.66,61.88,1765.63,5,1,0,0,0,0,1,0,1,0,0,0,0,0,0,0,0,1
166,48,117,6.69,39.0,87.37,2423.84,5,1,0,0,0,0,1,0,1,0,0,0,0,0,0,0,0,1
81,54,61,6.82,13.82,89.75,2243.81,5,1,0,0,0,0,1,0,1,0,0,0,0,0,0,0,0,1
51,72,137,5.46,35.1,56.99,1828.21,5,1,0,0,0,0,1,0,1,0,0,0,0,0,0,0,0,1
124,76,101,7.71,19.76,85.35,660.67,5,1,0,0,0,0,1,0,1,0,0,0,0,0,0,0,0,1
135,37,132,7.28,23.98,30.13,2009.45,5,1,0,0,0,0,1,0,1,0,0,0,0,0,0,0,0,1
48,24,147,5.09,10.33,85.8,1272.71,5,1,0,0,0,0,1,0,1,0,0,0,0,0,0,0,0,1
96,88,127,6.44,19.71,34.37,1400.31,5,1,0,0,0,0,1,0,1,0,0,0,0,0,0,0,0,1
143,27,67,7.26,16.93,57.81,932.8,5,1,0,0,0,0,1,0,1,0,0,0,0,0,0,0,0,1
68,72,68,7.47,14.57,86.28,2223.88,5,1,0,0,0,0,1,0,1,0,0,0,0,0,0,0,0,1
53,42,23,4.99,17.65,40.52,1848.34,5,1,0,0,0,0,1,0,1,0,0,0,0,0,0,0,0,1
144,81,50,7.28,30.27,50.28,2777.39,5,1,0,0,0,0,1,0,1,0,0,0,0,0,0,0,0,1
132,76,131,6.23,12.85,82.62,2781.29,5,1,0,0,0,0,1,0,1,0,0,0,0,0,0,0,0,1
48,18,30,7.8,31.19,35.06,2614.37,5,1,0,0,0,0,0,1,1,0,0,0,0,1,0,0,0,0
128,91,33,6.16,21.67,47.12,988.99,5,1,0,0,0,0,0,1,1,0,0,0,0,1,0,0,0,0
135,40,54,7.63,35.25,68.28,2255.43,5,1,0,0,0,0,0,1,1,0,0,0,0,1,0,0,0,0
119,89,123,7.83,18.66,75.61,1257.93,5,1,0,0,0,0,0,1,1,0,0,0,0,1,0,0,0,0
46,64,121,6.81,13.34,52.21,1395.39,5,1,0,0,0,0,0,1,1,0,0,0,0,1,0,0,0,0
104,58,39,7.34,36.54,55.99,1830.48,5,1,0,0,0,0,0,1,1,0,0,0,0,1,0,0,0,0
120,93,134,4.8,37.9,75.43,1537.56,5,1,0,0,0,0,0,1,1,0,0,0,0,1,0,0,0,0
115,70,141,6.21,39.17,48.34,1896.89,5,1,0,0,0,0,0,1,1,0,0,0,0,1,0,0,0,0
39,83,136,6.37,28.83,73.48,769.79,5,1,0,0,0,0,0,1,1,0,0,0,0,1,0,0,0,0
58,38,75,5.91,13.2,54.93,925.51,5,1,0,0,0,0,0,1,1,0,0,0,0,1,0,0,0,0
93,41,60,7.56,27.72,48.89,664.52,5,1,0,0,0,0,0,1,1,0,0,0,0,1,0,0,0,0
42,64,98,6.93,23.38,53.04,1676.51,5,1,0,0,0,0,0,1,1,0,0,0,0,1,0,0,0,0
141,51,26,7.13,28.66,53.02,1917.2,5,1,0,0,0,0,0,1,1,0,0,0,0,1,0,0,0,0
67,59,23,5.48,24.64,76.3,1819.22,5,1,0,0,0,0,0,1,1,0,0,0,0,1,0,0,0,0
86,62,108,5.43,23.8,31.43,2795.82,5,1,0,0,0,0,0,1,1,0,0,0,0,1,0,0,0,0
144,84,83,7.6,30.44,42.38,2610.32,5,1,0,0,0,0,0,1,1,0,0,0,0,1,0,0,0,0
101,72,142,5.99,18.92,47.46,747.92,5,1,0,0,0,0,0,1,1,0,0,0,0,1,0,0,0,0
132,80,72,5.38,26.25,32.42,1304.05,5,1,0,0,0,0,0,1,1,0,0,0,0,1,0,0,0,0
50,25,121,7.49,27.45,65.14,683.04,5,1,0,0,0,0,0,1,1,0,0,0,0,1,0,0,0,0
44,34,76,5.65,23.58,60.69,919.74,5,1,0,0,0,0,0,1,1,0,0,0,0,1,0,0,0,0
78,69,57,7.19,10.81,51.3,1309.91,5,1,0,0,0,0,0,1,1,0,0,0,0,1,0,0,0,0
78,60,114,5.33,12.77,35.78,2721.34,5,1,0,0,0,0,0,1,1,0,0,0,0,1,0,0,0,0
95,56,97,7.33,24.14,33.9,1564.74,5,1,0,0,0,0,0,1,1,0,0,0,0,1,0,0,0,0
46,88,82,5.54,10.76,67.41,2181.0,5,1,0,0,1,0,0,0,0,1,0,0,0,1,0,0,0,0
148,21,61,6.52,27.11,55.97,597.43,5,1,0,0,1,0,0,0,0,1,0,0,0,1,0,0,0,0
162,91,47,4.92,11.85,86.47,1618.55,5,1,0,0,1,0,0,0,0,1,0,0,0,1,0,0,0,0
59,27,45,6.69,23.98,68.36,311.06,5,1,0,0,1,0,0,0,0,1,0,0,0,1,0,0,0,0
36,19,134,7.67,27.66,63.87,2302.79,5,1,0,0,1,0,0,0,0,1,0,0,0,1,0,0,0,0
91,93,25,6.68,30.39,84.47,1757.69,5,1,0,0,1,0,0,0,0,1,0,0,0,1,0,0,0,0
115,90,85,6.99,21.93,47.74,433.57,5,1,0,0,1,0,0,0,0,1,0,0,0,1,0,0,0,0
157,55,97,7.39,39.35,85.7,335.62,5,1,0,0,1,0,0,0,0,1,0,0,0,1,0,0,0,0
120,73,42,7.72,39.18,81.45,2409.15,5,1,0,0,1,0,0,0,0,1,0,0,0,1,0,0,0,0
149,15,35,5.84,21.7,82.38,2667.13,5,1,0,0,1,0,0,0,0,1,0,0,0,1,0,0,0,0
51,88,110,7.37,34.92,36.35,806.65,5,1,0,0,1,0,0,0,0,1,0,0,0,1,0,0,0,0
46,93,59,8.09,31.96,44.24,1850.47,5,1,0,0,1,0,0,0,0,1,0,0,0,1,0,0,0,0
51,60,63,5.38,31.89,46.42,1799.86,5,1,0,0,1,0,0,0,0,1,0,0,0,1,0,0,0,0
77,69,31,5.9,37.38,35.32,2676.74,5,1,0,0,1,0,0,0,0,1,0,0,0,1,0,0,0,0
159,71,47,6.79,19.56,66.47,1888.34,5,1,0,0,1,0,0,0,0,1,0,0,0,1,0,0,0,0
37,67,136,5.62,28.07,36.6,2143.94,5,1,0,0,1,0,0,0,0,1,0,0,0,1,0,0,0,0
179,90,144,7.35,25.79,40.24,1356.08,5,1,0,0,1,0,0,0,0,1,0,0,0,1,0,0,0,0
46,94,32,4.93,22.41,49.39,2522.9,5,1,0,0,1,0,0,0,0,1,0,0,0,1,0,0,0,0
91,62,47,7.26,34.92,85.62,2182.21,5,1,0,0,1,0,0,0,0,1,0,0,0,1,0,0,0,0
90,19,105,7.37,28.67,56.43,2165.6,5,1,0,0,1,0,0,0,0,1,0,0,0,1,0,0,0,0
51,31,57,8.07,39.79,37.65,1179.25,5,1,0,0,1,0,0,0,0,1,0,0,0,1,0,0,0,0
67,49,106,6.31,10.33,46.66,1329.05,5,1,0,0,1,0,0,0,0,1,0,0,0,1,0,0,0,0
46,95,95,7.86,20.29,43.25,2485.04,5,1,0,0,1,0,0,0,0,1,0,0,0,1,0,0,0,0
130,35,137,5.65,23.81,70.41,1966.92,5,1,0,0,1,0,0,0,0,1,0,0,0,1,0,0,0,0
178,54,25,7.29,23.38,65.49,2170.99,5,1,0,0,1,0,0,0,0,1,0,0,0,1,0,0,0,0
82,97,99,6.46,24.76,80.1,2764.03,5,1,0,0,1,0,0,0,0,1,0,0,0,1,0,0,0,0
118,90,123,6.73,19.1,42.15,1145.48,5,1,0,0,0,1,0,0,0,1,0,0,0,1,0,0,0,0
51,58,21,6.82,30.72,89.27,1308.92,5,1,0,0,0,1,0,0,0,1,0,0,0,1,0,0,0,0
143,24,90,6.03,15.67,35.46,1440.0,5,1,0,0,0,1,0,0,0,1,0,0,0,1,0,0,0,0
76,78,87,6.29,24.13,83.54,2068.18,5,1,0,0,0,1,0,0,0,1,0,0,0,1,0,0,0,0
98,55,46,7.06,33.98,72.97,489.64,5,1,0,0,0,1,0,0,0,1,0,0,0,1,0,0,0,0
118,32,99,5.0,29.34,43.25,1337.19,5,1,0,0,0,1,0,0,0,1,0,0,0,1,0,0,0,0
115,46,132,6.57,38.99,76.43,2739.15,5,1,0,0,0,1,0,0,0,1,0,0,0,1,0,0,0,0
55,30,79,7.46,22.05,52.89,960.96,5,1,0,0,0,1,0,0,0,1,0,0,0,1,0,0,0,0
51,62,72,7.84,32.46,31.13,2618.15,5,1,0,0,0,1,0,0,0,1,0,0,0,1,0,0,0,0
120,52,129,5.39,29.14,61.01,1230.93,5,1,0,0,0,1,0,0,0,1,0,0,0,1,0,0,0,0
130,22,106,7.95,10.13,75.7,920.7,5,1,0,0,0,1,0,0,0,1,0,0,0,1,0,0,0,0
125,84,63,5.93,13.8,59.2,395.98,5,1,0,0,0,1,0,0,0,1,0,0,0,1,0,0,0,0
104,60,124,7.06,10.18,66.9,2170.77,5,1,0,0,0,1,0,0,0,1,0,0,0,1,0,0,0,0
148,58,99,7.02,28.4,30.79,399.24,5,1,0,0,0,1,0,0,0,1,0,0,0,1,0,0,0,0
48,80,87,5.85,37.29,66.26,692.82,5,1,0,0,0,1,0,0,0,1,0,0,0,1,0,0,0,0
47,88,143,7.76,34.36,63.41,1542.92,5,1,0,0,0,1,0,0,0,1,0,0,0,1,0,0,0,0
91,22,93,7.67,25.24,76.61,1194.89,5,1,0,0,0,1,0,0,0,1,0,0,0,1,0,0,0,0
142,28,24,5.36,23.76,42.02,2373.62,5,1,0,0,0,1,0,0,0,1,0,0,0,1,0,0,0,0
171,97,130,5.31,14.4,59.4,1557.25,5,1,0,0,0,1,0,0,0,1,0,0,0,1,0,0,0,0
148,86,48,5.26,38.47,85.65,1932.94,5,1,0,0,0,1,0,0,0,1,0,0,0,1,0,0,0,0
102,48,88,6.59,10.82,66.12,2303.93,5,1,0,0,0,1,0,0,0,1,0,0,0,1,0,0,0,0
77,35,33,5.69,32.51,54.77,855.89,5,1,0,0,0,1,0,0,0,1,0,0,0,1,0,0,0,0
166,92,62,6.25,37.65,44.09,868.59,5,1,0,0,0,1,0,0,0,1,0,0,0,1,0,0,0,0
52,57,67,5.98,31.51,49.03,335.81,5,1,0,0,0,1,0,0,0,1,0,0,0,1,0,0,0,0
124,21,28,7.81,20.75,42.09,443.2,5,1,0,0,0,1,0,0,0,1,0,0,0,1,0,0,0,0
121,88,64,5.38,17.45,70.43,2313.72,5,1,0,0,0,1,0,0,0,1,0,0,0,1,0,0,0,0
58,57,91,6.59,21.8,64.5,2462.75,5,1,0,0,0,1,0,0,0,1,0,0,0,1,0,0,0,0
129,19,139,6.44,12.08,72.76,1945.56,5,1,0,0,0,1,0,0,0,1,0,0,0,1,0,0,0,0
66,65,26,5.98,38.66,70.87,1649.17,5,1,0,0,0,1,0,0,0,1,0,0,0,1,0,0,0,0
46,63,145,6.68,33.98,59.09,2255.27,5,1,0,0,0,1,0,0,0,1,0,0,0,1,0,0,0,0
62,17,78,8.12,29.52,63.25,1156.57,5,1,0,0,0,0,1,0,0,1,0,0,0,0,0,0,0,1
91,56,47,5.85,13.63,31.22,1043.23,5,1,0,0,0,0,1,0,0,1,0,0,0,0,0,0,0,1
75,52,140,7.13,14.06,79.79,1887.74,5,1,0,0,0,0,1,0,0,1,0,0,0,0,0,0,0,1
138,96,101,7.49,13.33,50.0,2774.19,5,1,0,0,0,0,1,0,0,1,0,0,0,0,0,0,0,1
80,26,64,6.84,15.72,35.1,2136.76,5,1,0,0,0,0,1,0,0,1,0,0,0,0,0,0,0,1
63,98,60,5.25,17.1,60.35,1742.91,5,1,0,0,0,0,1,0,0,1,0,0,0,0,0,0,0,1
39,94,103,5.36,36.53,39.11,2640.0,5,1,0,0,0,0,1,0,0,1,0,0,0,0,0,0,0,1
47,21,98,8.13,16.82,89.21,1004.18,5,1,0,0,0,0,1,0,0,1,0,0,0,0,0,0,0,1
144,26,97,7.14,38.56,38.79,2266.92,5,1,0,0,0,0,1,0,0,1,0,0,0,0,0,0,0,1
56,96,30,8.17,28.84,85.93,1734.68,5,1,0,0,0,0,1,0,0,1,0,0,0,0,0,0,0,1
131,41,114,5.3,35.17,79.3,2673.71,5,1,0,0,0,0,1,0,0,1,0,0,0,0,0,0,0,1
161,99,79,6.02,21.36,58.75,2477.61,5,1,0,0,0,0,1,0,0,1,0,0,0,0,0,0,0,1
68,17,137,6.5,14.98,67.24,2780.13,5,1,0,0,0,0,1,0,0,1,0,0,0,0,0,0,0,1
55,62,144,6.44,37.63,30.74,1698.93,5,1,0,0,0,0,1,0,0,1,0,0,0,0,0,0,0,1
151,54,86,6.02,27.09,65.16,2397.31,5,1,0,0,0,0,1,0,0,1,0,0,0,0,0,0,0,1
59,59,48,7.45,13.63,48.77,1250.71,5,1,0,0,0,0,1,0,0,1,0,0,0,0,0,0,0,1
76,31,97,5.51,27.47,48.89,2179.15,5,1,0,0,0,0,1,0,0,1,0,0,0,0,0,0,0,1
160,81,109,5.13,37.92,49.32,681.06,5,1,0,0,0,0,1,0,0,1,0,0,0,0,0,0,0,1
45,39,117,5.7,39.58,56.14,1618.3,5,1,0,0,0,0,1,0,0,1,0,0,0,0,0,0,0,1
119,31,76,7.36,28.28,34.68,496.45,5,1,0,0,0,0,1,0,0,1,0,0,0,0,0,0,0,1
71,58,66,6.08,26.56,31.14,2229.03,5,1,0,0,0,0,1,0,0,1,0,0,0,0,0,0,0,1
107,67,120,7.46,27.57,48.12,1453.51,5,1,0,0,0,0,1,0,0,1,0,0,0,0,0,0,0,1
97,78,85,5.52,36.2,69.57,1063.42,5,1,0,0,0,0,1,0,0,1,0,0,0,0,0,0,0,1
68,64,139,5.51,32.53,64.29,999.96,5,1,0,0,0,0,1,0,0,1,0,0,0,0,0,0,0,1
87,69,101,5.27,36.61,55.03,2782.13,5,1,0,0,0,0,1,0,0,1,0,0,0,0,0,0,0,1
169,22,90,8.19,24.01,35.79,595.72,5,1,0,0,0,0,1,0,0,1,0,0,0,0,0,0,0,1
90,56,70,7.83,30.42,84.86,2441.65,5,1,0,0,0,0,1,0,0,1,0,0,0,0,0,0,0,1
159,50,73,6.49,31.43,59.8,1036.98,5,1,0,0,0,0,0,1,0,1,0,0,0,1,0,0,0,0
53,64,51,6.82,26.94,84.87,2168.57,5,1,0,0,0,0,0,1,0,1,0,0,0,1,0,0,0,0
178,46,48,6.66,15.36,30.21,557.15,5,1,0,0,0,0,0,1,0,1,0,0,0,1,0,0,0,0
43,48,29,7.36,32.23,85.74,865.98,5,1,0,0,0,0,0,1,0,1,0,0,0,1,0,0,0,0
37,95,113,6.62,23.73,76.56,1970.26,5,1,0,0,0,0,0,1,0,1,0,0,0,1,0,0,0,0
97,60,72,7.61,28.91,33.51,2743.03,5,1,0,0,0,0,0,1,0,1,0,0,0,1,0,0,0,0
96,78,75,5.74,30.22,64.04,2446.74,5,1,0,0,0,0,0,1,0,1,0,0,0,1,0,0,0,0
72,94,67,6.58,37.37,78.99,834.85,5,1,0,0,0,0,0,1,0,1,0,0,0,1,0,0,0,0
89,52,80,5.38,30.92,37.91,2770.53,5,1,0,0,0,0,0,1,0,1,0,0,0,1,0,0,0,0
130,55,48,5.0,13.51,85.1,2538.25,5,1,0,0,0,0,0,1,0,1,0,0,0,1,0,0,0,0
126,74,134,5.67,26.99,56.81,1720.7,5,1,0,0,0,0,0,1,0,1,0,0,0,1,0,0,0,0
91,71,40,6.61,16.27,73.99,2005.15,5,1,0,0,0,0,0,1,0,1,0,0,0,1,0,0,0,0
78,92,55,6.42,22.84,81.17,1135.85,5,1,0,0,0,0,0,1,0,1,0,0,0,1,0,0,0,0
79,39,42,5.34,25.54,44.37,738.17,5,1,0,0,0,0,0,1,0,1,0,0,0,1,0,0,0,0
141,98,57,7.56,17.28,35.68,1805.31,5,1,0,0,0,0,0,1,0,1,0,0,0,1,0,0,0,0
71,36,58,6.32,39.11,77.14,649.02,5,1,0,0,0,0,0,1,0,1,0,0,0,1,0,0,0,0
166,94,96,7.23,15.65,80.29,1863.1,5,1,0,0,0,0,0,1,0,1,0,0,0,1,0,0,0,0
173,31,93,6.77,26.53,30.28,1083.53,5,1,0,0,0,0,0,1,0,1,0,0,0,1,0,0,0,0
44,69,137,5.81,22.22,67.01,2025.74,5,1,0,0,0,0,0,1,0,1,0,0,0,1,0,0,0,0
51,83,145,7.97,25.24,89.84,1526.66,5,1,0,0,0,0,0,1,0,1,0,0,0,1,0,0,0,0
36,91,116,5.93,10.15,84.28,1803.05,5,1,0,0,0,0,0,1,0,1,0,0,0,1,0,0,0,0
151,43,33,5.6,39.3,39.27,955.77,5,1,0,0,0,0,0,1,0,1,0,0,0,1,0,0,0,0
161,28,125,7.21,38.19,83.31,2744.76,5,1,0,0,0,0,0,1,0,1,0,0,0,1,0,0,0,0
71,32,59,5.49,20.08,54.0,1224.15,5,1,0,0,0,0,0,1,0,1,0,0,0,1,0,0,0,0
87,60,132,7.47,30.73,56.27,1569.69,5,1,0,0,0,0,0,1,0,1,0,0,0,1,0,0,0,0
122,79,33,6.48,10.82,80.88,580.45,5,1,0,0,0,0,0,1,0,1,0,0,0,1,0,0,0,0
64,75,26,5.64,33.46,59.7,609.73,5,1,0,0,0,0,0,1,0,1,0,0,0,1,0,0,0,0
174,95,114,7.93,35.87,82.46,1836.44,5,1,0,0,0,0,0,1,0,1,0,0,0,1,0,0,0,0
117,87,67,6.37,14.19,62.28,1349.94,5,1,0,0,0,0,0,1,0,1,0,0,0,1,0,0,0,0
173,93,58,6.19,16.72,46.13,1225.52,5,1,0,0,0,0,0,1,0,1,0,0,0,1,0,0,0,0
44,33,124,8.03,34.98,44.91,2044.84,5,1,0,0,0,0,0,1,0,1,0,0,0,1,0,0,0,0
62,37,144,7.79,32.8,42.29,607.52,5,1,0,0,0,0,0,1,0,1,0,0,0,1,0,0,0,0
139,88,25,6.6,34.61,89.17,626.7,5,1,0,0,0,0,0,1,0,1,0,0,0,1,0,0,0,0
56,88,71,7.71,32.78,48.72,2709.32,5,1,0,0,1,0,0,0,0,0,1,0,0,1,0,0,0,0
62,50,61,7.98,40.0,88.09,2768.8,5,1,0,0,1,0,0,0,0,0,1,0,0,1,0,0,0,0
179,71,48,6.81,15.98,78.97,1887.52,5,1,0,0,1,0,0,0,0,0,1,0,0,1,0,0,0,0
46,89,76,8.15,38.15,46.13,2376.56,5,1,0,0,1,0,0,0,0,0,1,0,0,1,0,0,0,0
54,81,86,7.74,17.47,46.37,631.12,5,1,0,0,1,0,0,0,0,0,1,0,0,1,0,0,0,0
86,17,122,7.03,17.59,45.37,1918.46,5,1,0,0,1,0,0,0,0,0,1,0,0,1,0,0,0,0
118,49,41,4.88,14.24,84.21,1254.33,5,1,0,0,1,0,0,0,0,0,1,0,0,1,0,0,0,0
87,92,22,6.33,35.26,76.65,2243.87,5,1,0,0,1,0,0,0,0,0,1,0,0,1,0,0,0,0
51,56,85,5.23,12.69,66.85,1367.86,5,1,0,0,1,0,0,0,0,0,1,0,0,1,0,0,0,0
99,16,36,6.51,38.44,85.97,1096.82,5,1,0,0,1,0,0,0,0,0,1,0,0,1,0,0,0,0
86,20,36,5.81,21.8,46.19,1561.87,5,1,0,0,1,0,0,0,0,0,1,0,0,1,0,0,0,0
171,33,85,6.62,30.51,48.9,2455.3,5,1,0,0,1,0,0,0,0,0,1,0,0,1,0,0,0,0
35,18,144,5.0,20.73,37.86,674.86,5,1,0,0,1,0,0,0,0,0,1,0,0,1,0,0,0,0
45,46,128,5.01,36.21,82.18,1816.17,5,1,0,0,1,0,0,0,0,0,1,0,0,1,0,0,0,0
102,42,149,7.87,14.95,42.08,1130.41,5,1,0,0,1,0,0,0,0,0,1,0,0,1,0,0,0,0
46,86,55,5.41,11.53,34.88,606.76,5,1,0,0,1,0,0,0,0,0,1,0,0,1,0,0,0,0
52,15,104,7.72,26.46,81.07,1467.46,5,1,0,0,1,0,0,0,0,0,1,0,0,1,0,0,0,0
81,63,39,6.93,18.67,79.63,306.27,5,1,0,0,1,0,0,0,0,0,1,0,0,1,0,0,0,0
160,15,34,5.74,12.01,52.71,557.57,5,1,0,0,1,0,0,0,0,0,1,0,0,1,0,0,0,0
157,15,116,6.16,14.38,67.07,1456.78,5,1,0,0,1,0,0,0,0,0,1,0,0,1,0,0,0,0
129,77,103,5.17,17.2,44.87,427.87,5,1,0,0,1,0,0,0,0,0,1,0,0,1,0,0,0,0
128,30,137,4.86,26.66,60.46,1731.86,5,1,0,0,1,0,0,0,0,0,1,0,0,1,0,0,0,0
166,91,115,6.07,34.68,54.62,1049.18,5,1,0,0,1,0,0,0,0,0,1,0,0,1,0,0,0,0
46,80,103,7.4,11.88,88.35,2010.36,5,1,0,0,1,0,0,0,0,0,1,0,0,1,0,0,0,0
152,97,51,5.09,32.94,77.38,1999.35,5,1,0,0,1,0,0,0,0,0,1,0,0,1,0,0,0,0
142,69,125,5.8,37.45,57.21,2101.15,5,1,0,0,1,0,0,0,0,0,1,0,0,1,0,0,0,0
126,70,113,7.51,34.04,37.5,1693.51,5,1,0,0,1,0,0,0,0,0,1,0,0,1,0,0,0,0
120,89,56,7.2,39.02,64.88,513.18,5,1,0,0,1,0,0,0,0,0,1,0,0,1,0,0,0,0
161,88,32,7.77,25.98,50.67,2027.73,5,1,0,0,1,0,0,0,0,0,1,0,0,1,0,0,0,0
128,48,55,8.08,23.54,72.14,2383.96,5,1,0,0,0,1,0,0,0,0,1,0,0,1,0,0,0,0
82,37,119,5.02,35.88,40.63,2018.19,5,1,0,0,0,1,0,0,0,0,1,0,0,1,0,0,0,0
138,53,37,6.83,29.02,46.37,735.51,5,1,0,0,0,1,0,0,0,0,1,0,0,1,0,0,0,0
55,92,66,8.05,19.12,49.93,968.33,5,1,0,0,0,1,0,0,0,0,1,0,0,1,0,0,0,0
72,17,122,7.56,22.59,46.28,2775.72,5,1,0,0,0,1,0,0,0,0,1,0,0,1,0,0,0,0
30,40,43,7.1,31.4,43.64,417.19,5,1,0,0,0,1,0,0,0,0,1,0,0,1,0,0,0,0
170,86,41,6.72,12.47,75.64,794.24,5,1,0,0,0,1,0,0,0,0,1,0,0,1,0,0,0,0
37,43,53,5.91,15.71,89.23,2499.89,5,1,0,0,0,1,0,0,0,0,1,0,0,1,0,0,0,0
122,43,103,5.04,23.19,34.13,2504.62,5,1,0,0,0,1,0,0,0,0,1,0,0,1,0,0,0,0
132,62,129,6.48,21.0,76.11,985.08,5,1,0,0,0,1,0,0,0,0,1,0,0,1,0,0,0,0
114,54,131,7.2,18.52,57.17,1178.21,5,1,0,0,0,1,0,0,0,0,1,0,0,1,0,0,0,0
31,37,145,7.18,27.66,70.8,2703.15,5,1,0,0,0,1,0,0,0,0,1,0,0,1,0,0,0,0
139,77,117,5.1,28.35,74.0,1283.9,5,1,0,0,0,1,0,0,0,0,1,0,0,1,0,0,0,0
141,66,116,7.61,25.05,77.19,2321.92,5,1,0,0,0,1,0,0,0,0,1,0,0,1,0,0,0,0
130,40,96,5.87,20.87,64.78,2594.83,5,1,0,0,0,1,0,0,0,0,1,0,0,1,0,0,0,0
164,87,78,5.51,16.86,58.08,1702.85,5,1,0,0,0,1,0,0,0,0,1,0,0,1,0,0,0,0
139,22,139,7.11,23.9,52.86,2432.55,5,1,0,0,0,1,0,0,0,0,1,0,0,1,0,0,0,0
117,21,96,7.67,34.96,54.12,816.61,5,1,0,0,0,1,0,0,0,0,1,0,0,1,0,0,0,0
130,20,141,7.16,13.07,58.37,1205.89,5,1,0,0,0,1,0,0,0,0,1,0,0,1,0,0,0,0
148,86,40,6.62,10.31,68.68,2302.72,5,1,0,0,0,1,0,0,0,0,1,0,0,1,0,0,0,0
155,62,94,8.04,21.26,38.05,794.48,5,1,0,0,0,1,0,0,0,0,1,0,0,1,0,0,0,0
125,61,42,5.68,21.72,54.45,2060.2,5,1,0,0,0,1,0,0,0,0,1,0,0,1,0,0,0,0
154,45,84,7.61,33.11,88.32,463.4,5,1,0,0,0,1,0,0,0,0,1,0,0,1,0,0,0,0
55,96,62,6.89,21.26,47.67,690.35,5,1,0,0,0,1,0,0,0,0,1,0,0,1,0,0,0,0
70,86,135,6.54,36.21,46.84,2299.17,5,1,0,0,0,1,0,0,0,0,1,0,0,1,0,0,0,0
99,89,70,7.07,11.89,77.01,1448.83,5,1,0,0,0,1,0,0,0,0,1,0,0,1,0,0,0,0
175,68,35,4.99,39.22,46.73,533.39,5,1,0,0,0,1,0,0,0,0,1,0,0,1,0,0,0,0
106,37,89,6.7,25.83,82.44,2021.07,5,1,0,0,0,1,0,0,0,0,1,0,0,1,0,0,0,0
69,52,70,7.79,20.38,45.38,2242.9,5,1,0,0,0,1,0,0,0,0,1,0,0,1,0,0,0,0
110,92,57,7.2,37.43,84.04,1856.63,5,1,0,0,0,1,0,0,0,0,1,0,0,1,0,0,0,0
75,42,35,6.01,22.44,88.66,360.43,5,1,0,0,0,1,0,0,0,0,1,0,0,1,0,0,0,0
77,50,77,5.62,25.64,83.32,558.24,5,1,0,0,0,1,0,0,0,0,1,0,0,1,0,0,0,0
95,15,136,6.78,14.9,77.01,739.53,5,1,0,0,0,1,0,0,0,0,1,0,0,1,0,0,0,0
135,45,122,4.81,39.05,87.02,1708.64,5,1,0,0,0,1,0,0,0,0,1,0,0,1,0,0,0,0
120,19,23,6.77,21.82,37.81,2403.18,5,1,0,0,0,1,0,0,0,0,1,0,0,1,0,0,0,0
111,80,105,5.41,36.56,79.22,1490.01,5,1,0,0,0,0,1,0,0,0,1,0,0,0,0,0,1,0
75,46,79,7.84,18.45,77.98,1452.43,5,1,0,0,0,0,1,0,0,0,1,0,0,0,0,0,1,0
142,63,28,7.2,37.42,43.65,1987.35,5,1,0,0,0,0,1,0,0,0,1,0,0,0,0,0,1,0
67,72,58,7.8,17.17,54.52,1490.9,5,1,0,0,0,0,1,0,0,0,1,0,0,0,0,0,1,0
133,61,88,7.95,38.36,50.51,2632.77,5,1,0,0,0,0,1,0,0,0,1,0,0,0,0,0,1,0
116,36,114,8.2,18.87,57.5,648.38,5,1,0,0,0,0,1,0,0,0,1,0,0,0,0,0,1,0
111,82,144,6.08,32.78,34.39,732.62,5,1,0,0,0,0,1,0,0,0,1,0,0,0,0,0,1,0
45,27,147,5.93,28.32,57.5,1348.08,5,1,0,0,0,0,1,0,0,0,1,0,0,0,0,0,1,0
37,18,67,5.43,12.37,36.14,2073.85,5,1,0,0,0,0,1,0,0,0,1,0,0,0,0,0,1,0
133,67,119,7.8,23.15,44.46,913.91,5,1,0,0,0,0,1,0,0,0,1,0,0,0,0,0,1,0
86,82,145,8.2,24.91,40.15,1876.01,5,1,0,0,0,0,1,0,0,0,1,0,0,0,0,0,1,0
163,66,142,6.59,23.08,89.82,953.27,5,1,0,0,0,0,1,0,0,0,1,0,0,0,0,0,1,0
47,66,58,5.34,20.13,84.0,2060.55,5,1,0,0,0,0,1,0,0,0,1,0,0,0,0,0,1,0
91,21,34,5.49,36.34,52.93,1342.06,5,1,0,0,0,0,1,0,0,0,1,0,0,0,0,0,1,0
38,29,49,7.18,31.34,51.31,692.77,5,1,0,0,0,0,1,0,0,0,1,0,0,0,0,0,1,0
30,80,43,6.77,32.98,77.92,1397.78,5,1,0,0,0,0,1,0,0,0,1,0,0,0,0,0,1,0
68,35,103,5.95,22.08,38.65,675.61,5,1,0,0,0,0,1,0,0,0,1,0,0,0,0,0,1,0
81,17,89,5.41,38.56,33.38,1472.24,5,1,0,0,0,0,1,0,0,0,1,0,0,0,0,0,1,0
64,92,106,8.08,26.11,87.62,1890.39,5,1,0,0,0,0,1,0,0,0,1,0,0,0,0,0,1,0
144,53,89,8.08,16.76,57.53,2143.79,5,1,0,0,0,0,1,0,0,0,1,0,0,0,0,0,1,0
104,94,114,6.24,38.15,69.16,1853.41,5,1,0,0,0,0,1,0,0,0,1,0,0,0,0,0,1,0
41,46,46,6.8,16.83,58.74,1683.89,5,1,0,0,0,0,1,0,0,0,1,0,0,0,0,0,1,0
108,97,146,7.91,20.76,89.63,1364.34,5,1,0,0,0,0,1,0,0,0,1,0,0,0,0,0,1,0
91,62,105,7.63,21.69,39.65,1216.47,5,1,0,0,0,0,1,0,0,0,1,0,0,0,0,0,1,0
55,24,26,5.44,35.08,39.33,1160.72,5,1,0,0,0,0,1,0,0,0,1,0,0,0,0,0,1,0
140,97,45,6.35,25.13,72.18,624.69,5,1,0,0,0,0,1,0,0,0,1,0,0,0,0,0,1,0
124,25,146,7.81,37.98,66.4,1404.1,5,1,0,0,0,0,1,0,0,0,1,0,0,0,0,0,1,0
30,57,63,5.34,12.48,84.74,1552.76,5,1,0,0,0,0,0,1,0,0,1,0,0,1,0,0,0,0
78,65,110,6.74,14.99,31.97,1188.28,5,1,0,0,0,0,0,1,0,0,1,0,0,1,0,0,0,0
178,84,50,5.65,32.77,68.81,1563.11,5,1,0,0,0,0,0,1,0,0,1,0,0,1,0,0,0,0
129,43,74,6.19,38.2,38.01,1832.51,5,1,0,0,0,0,0,1,0,0,1,0,0,1,0,0,0,0
98,74,103,6.99,26.61,83.66,346.24,5,1,0,0,0,0,0,1,0,0,1,0,0,1,0,0,0,0
131,38,31,7.62,34.09,56.23,945.07,5,1,0,0,0,0,0,1,0,0,1,0,0,1,0,0,0,0
97,46,42,5.35,38.45,34.11,2372.3,5,1,0,0,0,0,0,1,0,0,1,0,0,1,0,0,0,0
151,24,138,7.62,32.91,73.76,1775.54,5,1,0,0,0,0,0,1,0,0,1,0,0,1,0,0,0,0
156,34,39,8.03,26.34,51.48,2241.84,5,1,0,0,0,0,0,1,0,0,1,0,0,1,0,0,0,0
126,65,147,8.16,14.41,88.98,2374.43,5,1,0,0,0,0,0,1,0,0,1,0,0,1,0,0,0,0
49,49,88,6.5,12.75,59.65,1678.05,5,1,0,0,0,0,0,1,0,0,1,0,0,1,0,0,0,0
162,86,139,7.24,34.22,74.86,821.88,5,1,0,0,0,0,0,1,0,0,1,0,0,1,0,0,0,0
130,31,35,5.91,14.66,54.12,1372.74,5,1,0,0,0,0,0,1,0,0,1,0,0,1,0,0,0,0
82,58,148,5.15,16.12,47.26,2136.47,5,1,0,0,0,0,0,1,0,0,1,0,0,1,0,0,0,0
104,52,115,5.94,31.95,50.18,816.92,5,1,0,0,0,0,0,1,0,0,1,0,0,1,0,0,0,0
172,45,137,6.91,13.04,73.66,2050.12,5,1,0,0,0,0,0,1,0,0,1,0,0,1,0,0,0,0
53,84,21,7.43,39.67,49.45,1317.63,5,1,0,0,0,0,0,1,0,0,1,0,0,1,0,0,0,0
165,25,40,7.75,19.49,72.49,1327.48,5,1,0,0,0,0,0,1,0,0,1,0,0,1,0,0,0,0
30,97,127,7.48,12.16,88.74,378.16,5,1,0,0,0,0,0,1,0,0,1,0,0,1,0,0,0,0
46,82,124,4.99,19.66,37.7,2185.63,5,1,0,0,0,0,0,1,0,0,1,0,0,1,0,0,0,0
108,78,40,5.35,23.77,88.82,975.34,5,1,0,0,0,0,0,1,0,0,1,0,0,1,0,0,0,0
82,43,105,8.04,34.88,67.0,2433.08,5,1,0,0,0,0,0,1,0,0,1,0,0,1,0,0,0,0
114,51,129,6.54,33.7,66.73,2478.03,5,1,0,0,0,0,0,1,0,0,1,0,0,1,0,0,0,0
34,24,75,6.23,15.9,56.19,1708.0,5,1,0,0,0,0,0,1,0,0,1,0,0,1,0,0,0,0
111,75,100,6.3,24.63,52.52,967.58,5,1,0,0,0,0,0,1,0,0,1,0,0,1,0,0,0,0
142,24,20,5.06,34.76,58.58,1925.64,5,1,0,0,0,0,0,1,0,0,1,0,0,1,0,0,0,0
173,18,82,5.17,33.11,46.53,1519.55,5,1,0,0,0,0,0,1,0,0,1,0,0,1,0,0,0,0
122,58,59,7.22,18.3,30.22,1931.59,5,1,0,0,1,0,0,0,0,0,0,1,0,0,1,0,0,0
65,27,137,5.15,22.44,82.32,2149.52,5,1,0,0,1,0,0,0,0,0,0,1,0,0,1,0,0,0
119,90,67,5.46,15.28,74.48,1616.72,5,1,0,0,1,0,0,0,0,0,0,1,0,0,1,0,0,0
34,61,83,6.01,12.82,52.01,1651.9,5,1,0,0,1,0,0,0,0,0,0,1,0,0,1,0,0,0
43,94,119,7.73,35.11,42.09,2645.47,5,1,0,0,1,0,0,0,0,0,0,1,0,0,1,0,0,0
178,88,48,8.1,22.76,49.29,831.58,5,1,0,0,1,0,0,0,0,0,0,1,0,0,1,0,0,0
104,62,137,5.17,28.62,34.51,2424.21,5,1,0,0,1,0,0,0,0,0,0,1,0,0,1,0,0,0
165,43,37,6.7,14.5,71.14,2508.1,5,1,0,0,1,0,0,0,0,0,0,1,0,0,1,0,0,0
49,28,84,7.43,15.91,60.05,668.16,5,1,0,0,1,0,0,0,0,0,0,1,0,0,1,0,0,0
57,71,40,4.86,34.19,71.11,632.6,5,1,0,0,1,0,0,0,0,0,0,1,0,0,1,0,0,0
100,95,69,6.5,25.97,45.45,1616.54,5,1,0,0,1,0,0,0,0,0,0,1,0,0,1,0,0,0
137,85,123,7.93,14.45,38.59,700.77,5,1,0,0,1,0,0,0,0,0,0,1,0,0,1,0,0,0
116,35,113,6.36,28.9,76.76,558.98,5,1,0,0,1,0,0,0,0,0,0,1,0,0,1,0,0,0
140,54,59,6.73,23.54,34.49,1783.66,5,1,0,0,1,0,0,0,0,0,0,1,0,0,1,0,0,0
52,97,99,6.54,25.03,79.08,1586.68,5,1,0,0,1,0,0,0,0,0,0,1,0,0,1,0,0,0
144,95,92,6.38,12.51,74.85,1803.56,5,1,0,0,1,0,0,0,0,0,0,1,0,0,1,0,0,0
56,57,124,5.82,18.68,57.77,1572.14,5,1,0,0,1,0,0,0,0,0,0,1,0,0,1,0,0,0
98,49,131,7.97,13.73,77.28,2523.27,5,1,0,0,1,0,0,0,0,0,0,1,0,0,1,0,0,0
141,20,140,6.64,15.7,68.43,742.8,5,1,0,0,1,0,0,0,0,0,0,1,0,0,1,0,0,0
119,67,37,5.03,20.0,73.16,823.34,5,1,0,0,0,1,0,0,0,0,0,1,0,0,1,0,0,0
178,95,114,6.15,34.29,57.97,1630.99,5,1,0,0,0,1,0,0,0,0,0,1,0,0,1,0,0,0
110,41,126,6.31,20.28,36.41,1791.74,5,1,0,0,0,1,0,0,0,0,0,1,0,0,1,0,0,0
175,24,22,6.58,32.87,65.6,1255.76,5,1,0,0,0,1,0,0,0,0,0,1,0,0,1,0,0,0
69,89,73,5.94,33.56,83.53,1366.81,5,1,0,0,0,1,0,0,0,0,0,1,0,0,1,0,0,0
144,62,26,6.52,21.85,86.39,1781.0,5,1,0,0,0,1,0,0,0,0,0,1,0,0,1,0,0,0
95,49,42,4.93,31.02,75.09,1137.77,5,1,0,0,0,1,0,0,0,0,0,1,0,0,1,0,0,0
138,52,119,5.13,18.0,35.25,2514.87,5,1,0,0,0,1,0,0,0,0,0,1,0,0,1,0,0,0
150,51,46,6.24,38.53,66.85,585.04,5,1,0,0,0,1,0,0,0,0,0,1,0,0,1,0,0,0
170,29,54,5.14,31.85,70.85,1362.43,5,1,0,0,0,1,0,0,0,0,0,1,0,0,1,0,0,0
70,51,26,5.91,16.12,73.26,2229.86,5,1,0,0,0,1,0,0,0,0,0,1,0,0,1,0,0,0
155,94,91,7.86,28.84,86.15,2454.46,5,1,0,0,0,1,0,0,0,0,0,1,0,0,1,0,0,0
139,74,75,7.49,30.28,81.95,837.25,5,1,0,0,0,1,0,0,0,0,0,1,0,0,1,0,0,0
179,64,104,8.09,32.01,33.29,881.1,5,1,0,0,0,1,0,0,0,0,0,1,0,0,1,0,0,0
81,23,37,6.37,35.35,70.94,1464.13,5,1,0,0,0,1,0,0,0,0,0,1,0,0,1,0,0,0
175,97,51,6.82,10.53,54.65,2028.65,5,1,0,0,0,1,0,0,0,0,0,1,0,0,1,0,0,0
116,75,102,7.8,32.05,30.58,1348.66,5,1,0,0,0,1,0,0,0,0,0,1,0,0,1,0,0,0
77,44,111,5.71,14.57,55.6,1336.67,5,1,0,0,0,1,0,0,0,0,0,1,0,0,1,0,0,0
141,32,31,5.14,35.81,65.62,1149.64,5,1,0,0,0,1,0,0,0,0,0,1,0,0,1,0,0,0
60,36,28,5.67,15.41,71.87,2499.24,5,1,0,0,0,1,0,0,0,0,0,1,0,0,1,0,0,0
159,67,82,6.92,28.75,76.42,1022.76,5,1,0,0,0,1,0,0,0,0,0,1,0,0,1,0,0,0
48,42,118,5.43,13.08,67.4,1750.88,5,1,0,0,0,1,0,0,0,0,0,1,0,0,1,0,0,0
59,45,136,6.83,13.31,58.14,2137.58,5,1,0,0,0,1,0,0,0,0,0,1,0,0,1,0,0,0
87,94,124,7.82,13.02,83.63,1306.7,5,1,0,0,0,1,0,0,0,0,0,1,0,0,1,0,0,0
126,74,104,5.01,26.9,81.91,1915.4,5,1,0,0,0,1,0,0,0,0,0,1,0,0,1,0,0,0
92,30,55,4.94,34.07,71.12,472.31,5,1,0,0,0,1,0,0,0,0,0,1,0,0,1,0,0,0
157,54,112,5.43,24.35,87.89,1419.29,5,1,0,0,0,1,0,0,0,0,0,1,0,0,1,0,0,0
122,71,130,5.49,20.58,59.76,1492.05,5,1,0,0,0,1,0,0,0,0,0,1,0,0,1,0,0,0
52,43,117,7.32,21.72,50.73,654.52,5,1,0,0,0,1,0,0,0,0,0,1,0,0,1,0,0,0
48,60,80,6.4,35.96,66.85,1696.42,5,1,0,0,0,1,0,0,0,0,0,1,0,0,1,0,0,0
61,50,52,7.9,36.34,30.58,427.99,5,1,0,0,0,0,1,0,0,0,0,1,0,0,0,0,0,1
85,95,123,7.04,18.91,78.87,1174.47,5,1,0,0,0,0,1,0,0,0,0,1,0,0,0,0,0,1
52,29,136,5.93,20.08,34.46,1045.15,5,1,0,0,0,0,1,0,0,0,0,1,0,0,0,0,0,1
116,42,95,8.07,20.68,59.32,976.77,5,1,0,0,0,0,1,0,0,0,0,1,0,0,0,0,0,1
74,98,129,7.17,29.09,52.39,2219.89,5,1,0,0,0,0,1,0,0,0,0,1,0,0,0,0,0,1
64,38,27,5.64,12.58,87.14,2213.35,5,1,0,0,0,0,1,0,0,0,0,1,0,0,0,0,0,1
110,45,102,5.7,38.23,45.93,1191.37,5,1,0,0,0,0,1,0,0,0,0,1,0,0,0,0,0,1
128,93,148,7.3,39.78,50.41,938.26,5,1,0,0,0,0,1,0,0,0,0,1,0,0,0,0,0,1
166,32,114,6.47,39.3,78.87,1347.96,5,1,0,0,0,0,1,0,0,0,0,1,0,0,0,0,0,1
32,63,106,7.76,16.68,64.29,2633.34,5,1,0,0,0,0,1,0,0,0,0,1,0,0,0,0,0,1
84,56,62,7.4,13.89,71.86,2416.74,5,1,0,0,0,0,1,0,0,0,0,1,0,0,0,0,0,1
68,75,137,7.21,30.12,39.21,1866.39,5,1,0,0,0,0,1,0,0,0,0,1,0,0,0,0,0,1
175,32,81,5.8,28.36,57.86,2473.24,5,1,0,0,0,0,1,0,0,0,0,1,0,0,0,0,0,1
179,95,118,6.19,13.6,35.65,2684.12,5,1,0,0,0,0,1,0,0,0,0,1,0,0,0,0,0,1
94,99,49,6.5,20.58,32.13,1388.53,5,1,0,0,0,0,1,0,0,0,0,1,0,0,0,0,0,1
45,41,132,5.71,12.33,32.61,2009.49,5,1,0,0,0,0,1,0,0,0,0,1,0,0,0,0,0,1
55,15,128,6.14,34.92,42.6,1665.56,5,1,0,0,0,0,1,0,0,0,0,1,0,0,0,0,0,1
118,21,102,6.73,16.72,36.65,2420.68,5,1,0,0,0,0,1,0,0,0,0,1,0,0,0,0,0,1
156,47,46,6.97,39.07,32.86,2702.12,5,1,0,0,0,0,1,0,0,0,0,1,0,0,0,0,0,1
122,41,55,6.69,38.95,38.5,2467.31,5,1,0,0,0,0,1,0,0,0,0,1,0,0,0,0,0,1
170,47,102,7.48,13.09,35.27,1325.03,5,1,0,0,0,0,1,0,0,0,0,1,0,0,0,0,0,1
34,90,57,6.28,25.64,69.78,2666.67,5,1,0,0,0,0,1,0,0,0,0,1,0,0,0,0,0,1
166,75,112,6.29,10.3,87.46,2738.17,5,1,0,0,0,0,1,0,0,0,0,1,0,0,0,0,0,1
37,73,32,6.1,24.98,47.82,792.87,5,1,0,0,0,0,1,0,0,0,0,1,0,0,0,0,0,1
81,17,111,7.48,24.24,81.79,617.77,5,1,0,0,0,0,1,0,0,0,0,1,0,0,0,0,0,1
43,42,127,5.45,39.16,57.91,2708.06,5,1,0,0,0,0,1,0,0,0,0,1,0,0,0,0,0,1
70,21,20,7.45,19.14,30.42,2437.96,5,1,0,0,0,0,0,1,0,0,0,1,0,1,0,0,0,0
143,99,52,6.73,39.75,52.5,1765.59,5,1,0,0,0,0,0,1,0,0,0,1,0,1,0,0,0,0
169,22,105,5.8,35.06,52.01,1056.41,5,1,0,0,0,0,0,1,0,0,0,1,0,1,0,0,0,0
33,25,129,7.63,37.99,45.59,1411.7,5,1,0,0,0,0,0,1,0,0,0,1,0,1,0,0,0,0
97,26,38,7.07,11.74,53.21,684.08,5,1,0,0,0,0,0,1,0,0,0,1,0,1,0,0,0,0
119,89,66,6.25,33.98,38.96,2754.7,5,1,0,0,0,0,0,1,0,0,0,1,0,1,0,0,0,0
45,20,59,7.93,25.11,77.26,988.61,5,1,0,0,0,0,0,1,0,0,0,1,0,1,0,0,0,0
122,51,89,7.86,19.03,36.31,2426.32,5,1,0,0,0,0,0,1,0,0,0,1,0,1,0,0,0,0
58,58,141,5.4,10.98,45.81,2432.69,5,1,0,0,0,0,0,1,0,0,0,1,0,1,0,0,0,0
117,45,63,8.1,37.21,63.93,360.69,5,1,0,0,0,0,0,1,0,0,0,1,0,1,0,0,0,0
101,98,64,6.99,24.0,51.69,2199.99,5,1,0,0,0,0,0,1,0,0,0,1,0,1,0,0,0,0
45,57,61,5.97,27.81,66.43,598.81,5,1,0,0,0,0,0,1,0,0,0,1,0,1,0,0,0,0
159,41,147,7.7,23.69,83.81,1345.64,5,1,0,0,0,0,0,1,0,0,0,1,0,1,0,0,0,0
163,58,53,6.22,10.74,62.43,1105.61,5,1,0,0,0,0,0,1,0,0,0,1,0,1,0,0,0,0
97,77,105,6.3,28.71,74.09,305.3,5,1,0,0,0,0,0,1,0,0,0,1,0,1,0,0,0,0
31,95,94,5.74,21.7,60.04,1389.59,5,1,0,0,0,0,0,1,0,0,0,1,0,1,0,0,0,0
52,33,57,5.07,21.76,33.45,768.68,5,1,0,0,0,0,0,1,0,0,0,1,0,1,0,0,0,0
112,40,77,7.24,23.28,79.69,699.02,5,1,0,0,0,0,0,1,0,0,0,1,0,1,0,0,0,0
46,32,21,8.15,31.89,89.11,1390.15,5,1,0,0,0,0,0,1,0,0,0,1,0,1,0,0,0,0
111,43,115,7.9,30.28,55.16,337.55,5,1,0,0,0,0,0,1,0,0,0,1,0,1,0,0,0,0
114,28,42,5.84,36.99,37.72,2103.15,5,1,0,0,0,0,0,1,0,0,0,1,0,1,0,0,0,0
114,75,143,4.93,21.18,53.08,2776.11,5,1,0,0,0,0,0,1,0,0,0,1,0,1,0,0,0,0
32,30,77,7.47,37.44,39.8,992.21,5,1,0,0,0,0,0,1,0,0,0,1,0,1,0,0,0,0
168,84,132,6.77,28.37,53.92,757.34,5,1,0,0,0,0,0,1,0,0,0,1,0,1,0,0,0,0
171,33,131,7.89,23.68,48.14,1189.49,5,1,0,0,0,0,0,1,0,0,0,1,0,1,0,0,0,0
41,51,131,6.04,37.58,87.66,2130.57,5,1,0,0,0,0,0,1,0,0,0,1,0,1,0,0,0,0
33,17,36,7.25,20.07,72.63,2340.67,5,1,0,0,0,0,0,1,0,0,0,1,0,1,0,0,0,0
127,26,24,6.57,13.56,53.22,991.74,5,1,0,0,0,0,0,1,0,0,0,1,0,1,0,0,0,0
166,75,54,6.14,33.24,33.54,1422.48,5,1,0,0,0,0,0,1,0,0,0,1,0,1,0,0,0,0
130,31,26,7.4,38.51,56.25,2098.83,5,1,0,0,0,0,0,1,0,0,0,1,0,1,0,0,0,0
146,35,83,7.77,18.98,31.99,569.67,5,1,0,0,0,0,0,1,0,0,0,1,0,1,0,0,0,0
39,53,45,6.23,25.94,35.18,1116.42,5,1,0,0,0,0,0,1,0,0,0,1,0,1,0,0,0,0
62,83,118,5.09,24.08,57.38,2672.35,5,1,0,0,0,0,0,1,0,0,0,1,0,1,0,0,0,0
147,31,81,5.09,39.17,46.7,2758.04,5,1,0,0,0,0,0,1,0,0,0,1,0,1,0,0,0,0
96,70,22,5.84,11.21,86.78,848.61,5,1,0,0,0,0,0,1,0,0,0,1,0,1,0,0,0,0
80,68,98,4.86,35.16,69.01,662.42,5,1,0,0,0,0,0,1,0,0,0,1,0,1,0,0,0,0
144,77,60,7.93,24.47,63.67,1146.02,5,1,0,0,0,0,0,1,0,0,0,1,0,1,0,0,0,0
86,59,143,6.65,19.73,83.47,2266.96,5,1,0,0,0,0,0,1,0,0,0,1,0,1,0,0,0,0
30,89,97,6.67,37.2,45.99,996.82,5,1,0,0,0,0,0,1,0,0,0,1,0,1,0,0,0,0
158,89,101,5.74,38.73,50.58,819.92,5,1,0,0,0,0,0,1,0,0,0,1,0,1,0,0,0,0
54,84,58,5.93,18.2,35.28,2550.75,5,1,0,0,0,0,0,1,0,0,0,1,0,1,0,0,0,0
59,75,107,6.64,28.85,32.5,1569.37,5,1,0,0,1,0,0,0,0,0,0,0,1,0,1,0,0,0
91,62,130,6.96,19.57,47.24,1344.03,5,1,0,0,1,0,0,0,0,0,0,0,1,0,1,0,0,0
78,92,89,5.46,32.45,34.47,2539.62,5,1,0,0,1,0,0,0,0,0,0,0,1,0,1,0,0,0
101,62,69,6.91,26.42,76.08,387.58,5,1,0,0,1,0,0,0,0,0,0,0,1,0,1,0,0,0
89,19,133,7.56,14.44,45.5,2533.02,5,1,0,0,1,0,0,0,0,0,0,0,1,0,1,0,0,0
172,20,43,7.8,13.79,52.29,2541.02,5,1,0,0,1,0,0,0,0,0,0,0,1,0,1,0,0,0
163,17,111,5.16,10.65,60.56,2067.06,5,1,0,0,1,0,0,0,0,0,0,0,1,0,1,0,0,0
147,92,65,5.61,13.01,61.34,415.67,5,1,0,0,1,0,0,0,0,0,0,0,1,0,1,0,0,0
138,23,129,7.86,33.34,74.04,1385.73,5,1,0,0,1,0,0,0,0,0,0,0,1,0,1,0,0,0
116,70,130,7.07,36.9,44.22,2310.32,5,1,0,0,1,0,0,0,0,0,0,0,1,0,1,0,0,0
70,52,26,7.17,23.25,72.08,541.45,5,1,0,0,1,0,0,0,0,0,0,0,1,0,1,0,0,0
66,71,40,6.21,33.49,88.89,1648.0,5,1,0,0,1,0,0,0,0,0,0,0,1,0,1,0,0,0
71,91,138,6.0,37.06,30.66,1095.58,5,1,0,0,1,0,0,0,0,0,0,0,1,0,1,0,0,0
41,36,59,5.65,14.31,66.16,1371.36,5,1,0,0,1,0,0,0,0,0,0,0,1,0,1,0,0,0
163,52,108,8.08,18.79,35.0,944.18,5,1,0,0,1,0,0,0,0,0,0,0,1,0,1,0,0,0
54,82,31,5.05,14.07,42.7,305.5,5,1,0,0,1,0,0,0,0,0,0,0,1,0,1,0,0,0
118,53,38,5.62,20.87,72.22,2611.46,5,1,0,0,1,0,0,0,0,0,0,0,1,0,1,0,0,0
108,95,66,8.06,10.89,60.24,778.07,5,1,0,0,1,0,0,0,0,0,0,0,1,0,1,0,0,0
179,31,126,5.02,27.97,40.46,2161.66,5,1,0,0,1,0,0,0,0,0,0,0,1,0,1,0,0,0
116,72,113,7.43,22.76,47.86,1603.2,5,1,0,0,1,0,0,0,0,0,0,0,1,0,1,0,0,0
97,61,101,6.78,29.15,83.11,1938.64,5,1,0,0,1,0,0,0,0,0,0,0,1,0,1,0,0,0
67,60,40,7.09,31.06,63.92,1352.47,5,1,0,0,1,0,0,0,0,0,0,0,1,0,1,0,0,0
154,50,125,5.04,25.12,53.58,1487.53,5,1,0,0,1,0,0,0,0,0,0,0,1,0,1,0,0,0
69,61,45,6.37,32.96,49.6,1459.34,5,1,0,0,1,0,0,0,0,0,0,0,1,0,1,0,0,0
65,67,137,7.75,34.62,35.06,535.9,5,1,0,0,1,0,0,0,0,0,0,0,1,0,1,0,0,0
110,73,51,5.57,31.0,47.77,1851.89,5,1,0,0,1,0,0,0,0,0,0,0,1,0,1,0,0,0
56,35,130,5.28,27.22,69.16,2215.54,5,1,0,0,1,0,0,0,0,0,0,0,1,0,1,0,0,0
104,24,59,7.58,22.58,83.7,354.68,5,1,0,0,1,0,0,0,0,0,0,0,1,0,1,0,0,0
77,22,144,6.73,25.81,80.31,2062.86,5,1,0,0,0,1,0,0,0,0,0,0,1,0,1,0,0,0
100,46,137,5.55,32.33,48.28,940.34,5,1,0,0,0,1,0,0,0,0,0,0,1,0,1,0,0,0
61,26,76,5.12,14.46,85.93,331.37,5,1,0,0,0,1,0,0,0,0,0,0,1,0,1,0,0,0
102,83,66,7.59,39.23,76.73,1445.09,5,1,0,0,0,1,0,0,0,0,0,0,1,0,1,0,0,0
71,99,60,6.83,30.85,56.17,1675.21,5,1,0,0,0,1,0,0,0,0,0,0,1,0,1,0,0,0
68,73,112,6.98,35.51,89.06,2401.3,5,1,0,0,0,1,0,0,0,0,0,0,1,0,1,0,0,0
105,36,133,5.72,39.77,70.57,1075.27,5,1,0,0,0,1,0,0,0,0,0,0,1,0,1,0,0,0
137,17,40,7.41,29.86,43.12,1447.55,5,1,0,0,0,1,0,0,0,0,0,0,1,0,1,0,0,0
76,45,125,5.66,12.57,75.32,2752.88,5,1,0,0,0,1,0,0,0,0,0,0,1,0,1,0,0,0
54,63,101,7.95,15.47,77.11,2144.41,5,1,0,0,0,1,0,0,0,0,0,0,1,0,1,0,0,0
105,61,52,6.88,10.43,78.49,1900.72,5,1,0,0,0,1,0,0,0,0,0,0,1,0,1,0,0,0
132,32,20,7.09,12.64,69.63,1338.01,5,1,0,0,0,1,0,0,0,0,0,0,1,0,1,0,0,0
128,30,65,6.94,33.53,31.78,2412.51,5,1,0,0,0,1,0,0,0,0,0,0,1,0,1,0,0,0
123,19,59,6.64,13.57,33.24,2242.7,5,1,0,0,0,1,0,0,0,0,0,0,1,0,1,0,0,0
114,44,92,7.13,31.81,47.79,1881.36,5,1,0,0,0,1,0,0,0,0,0,0,1,0,1,0,0,0
110,39,100,7.17,27.44,72.3,2211.45,5,1,0,0,0,1,0,0,0,0,0,0,1,0,1,0,0,0
155,87,35,5.83,13.94,47.52,1209.85,5,1,0,0,0,1,0,0,0,0,0,0,1,0,1,0,0,0
175,65,64,5.73,18.95,53.3,1878.18,5,1,0,0,0,1,0,0,0,0,0,0,1,0,1,0,0,0
58,33,56,6.43,23.67,50.9,701.39,5,1,0,0,0,1,0,0,0,0,0,0,1,0,1,0,0,0
55,77,148,7.98,34.12,77.27,380.32,5,1,0,0,0,1,0,0,0,0,0,0,1,0,1,0,0,0
155,17,41,7.12,24.62,69.04,2548.94,5,1,0,0,0,1,0,0,0,0,0,0,1,0,1,0,0,0
70,81,64,6.0,28.31,43.27,2672.28,5,1,0,0,0,1,0,0,0,0,0,0,1,0,1,0,0,0
156,61,131,5.59,29.65,85.15,2695.35,5,1,0,0,0,1,0,0,0,0,0,0,1,0,1,0,0,0
51,52,104,6.49,19.23,76.0,527.32,5,1,0,0,0,1,0,0,0,0,0,0,1,0,1,0,0,0
85,36,140,6.51,20.99,53.01,2223.15,5,1,0,0,0,1,0,0,0,0,0,0,1,0,1,0,0,0
134,70,38,4.87,37.59,66.66,1215.59,5,1,0,0,0,1,0,0,0,0,0,0,1,0,1,0,0,0
60,76,42,5.93,18.07,71.39,941.69,5,1,0,0,0,1,0,0,0,0,0,0,1,0,1,0,0,0
51,32,147,5.63,17.2,49.37,802.84,5,1,0,0,0,1,0,0,0,0,0,0,1,0,1,0,0,0
90,95,142,5.4,29.35,57.19,2432.64,5,1,0,0,0,1,0,0,0,0,0,0,1,0,1,0,0,0
87,77,114,7.45,36.64,53.12,2062.71,5,1,0,0,0,1,0,0,0,0,0,0,1,0,1,0,0,0
142,33,124,7.83,26.17,30.4,1255.44,5,1,0,0,0,0,1,0,0,0,0,0,1,0,0,0,1,0
176,48,92,7.65,37.84,44.36,1814.43,5,1,0,0,0,0,1,0,0,0,0,0,1,0,0,0,1,0
166,60,147,5.77,24.24,83.12,379.73,5,1,0,0,0,0,1,0,0,0,0,0,1,0,0,0,1,0
81,40,25,7.56,34.63,48.25,1198.56,5,1,0,0,0,0,1,0,0,0,0,0,1,0,0,0,1,0
147,37,37,6.13,13.3,83.77,2505.48,5,1,0,0,0,0,1,0,0,0,0,0,1,0,0,0,1,0
109,24,56,6.68,20.92,31.67,926.74,5,1,0,0,0,0,1,0,0,0,0,0,1,0,0,0,1,0
160,15,31,6.5,28.8,48.37,438.86,5,1,0,0,0,0,1,0,0,0,0,0,1,0,0,0,1,0
172,77,52,5.7,20.17,57.43,2308.77,5,1,0,0,0,0,1,0,0,0,0,0,1,0,0,0,1,0
151,28,66,4.91,36.86,64.72,992.16,5,1,0,0,0,0,1,0,0,0,0,0,1,0,0,0,1,0
74,49,77,5.7,15.79,62.38,1234.3,5,1,0,0,0,0,1,0,0,0,0,0,1,0,0,0,1,0
152,84,41,4.86,31.7,52.79,1169.1,5,1,0,0,0,0,1,0,0,0,0,0,1,0,0,0,1,0
80,23,39,6.33,14.96,44.78,1682.11,5,1,0,0,0,0,1,0,0,0,0,0,1,0,0,0,1,0
111,53,126,6.35,26.09,32.51,2140.53,5,1,0,0,0,0,1,0,0,0,0,0,1,0,0,0,1,0
140,60,36,6.31,35.49,82.94,560.97,5,1,0,0,0,0,1,0,0,0,0,0,1,0,0,0,1,0
71,57,140,6.49,37.87,77.3,833.07,5,1,0,0,0,0,1,0,0,0,0,0,1,0,0,0,1,0
113,92,51,7.02,39.37,57.96,2367.55,5,1,0,0,0,0,1,0,0,0,0,0,1,0,0,0,1,0
45,89,45,6.25,12.39,34.52,2075.66,5,1,0,0,0,0,1,0,0,0,0,0,1,0,0,0,1,0
75,22,42,5.44,38.02,35.99,1552.19,5,1,0,0,0,0,1,0,0,0,0,0,1,0,0,0,1,0
108,48,145,7.89,13.57,74.72,1824.51,5,1,0,0,0,0,1,0,0,0,0,0,1,0,0,0,1,0
51,61,83,4.85,26.73,72.85,451.94,5,1,0,0,0,0,1,0,0,0,0,0,1,0,0,0,1,0
131,97,93,6.88,17.45,40.7,2638.38,5,1,0,0,0,0,1,0,0,0,0,0,1,0,0,0,1,0
96,82,22,5.53,35.38,57.61,2413.55,5,1,0,0,0,0,1,0,0,0,0,0,1,0,0,0,1,0
51,27,54,6.24,16.52,82.27,2571.51,5,1,0,0,0,0,1,0,0,0,0,0,1,0,0,0,1,0
56,72,28,5.42,39.77,33.79,1228.17,5,1,0,0,0,0,1,0,0,0,0,0,1,0,0,0,1,0
60,63,21,7.95,33.45,40.79,1469.63,5,1,0,0,0,0,1,0,0,0,0,0,1,0,0,0,1,0
58,75,77,7.77,29.14,46.22,2622.94,5,1,0,0,0,0,1,0,0,0,0,0,1,0,0,0,1,0
49,49,108,5.96,15.05,82.93,2425.89,5,1,0,0,0,0,1,0,0,0,0,0,1,0,0,0,1,0
89,79,88,5.13,23.19,34.25,1569.28,5,1,0,0,0,0,1,0,0,0,0,0,1,0,0,0,1,0
141,50,33,6.96,33.44,53.77,2544.88,5,1,0,0,0,0,1,0,0,0,0,0,1,0,0,0,1,0
97,52,133,4.86,13.26,84.35,1057.01,5,1,0,0,0,0,1,0,0,0,0,0,1,0,0,0,1,0
67,65,81,5.29,13.9,35.55,608.85,5,1,0,0,0,0,1,0,0,0,0,0,1,0,0,0,1,0
161,23,107,7.39,23.23,31.59,1019.22,5,1,0,0,0,0,1,0,0,0,0,0,1,0,0,0,1,0
96,65,49,7.83,11.1,51.55,331.35,5,1,0,0,0,0,0,1,0,0,0,0,1,1,0,0,0,0
115,51,84,7.37,35.95,64.28,1201.76,5,1,0,0,0,0,0,1,0,0,0,0,1,1,0,0,0,0
153,60,64,7.68,11.18,60.31,650.61,5,1,0,0,0,0,0,1,0,0,0,0,1,1,0,0,0,0
115,87,49,7.86,38.4,82.76,848.15,5,1,0,0,0,0,0,1,0,0,0,0,1,1,0,0,0,0
147,32,138,6.78,29.07,67.31,750.38,5,1,0,0,0,0,0,1,0,0,0,0,1,1,0,0,0,0
104,86,36,7.42,15.17,50.87,2424.38,5,1,0,0,0,0,0,1,0,0,0,0,1,1,0,0,0,0
115,69,93,7.18,14.16,49.03,512.88,5,1,0,0,0,0,0,1,0,0,0,0,1,1,0,0,0,0
67,99,140,6.9,27.21,81.68,1746.64,5,1,0,0,0,0,0,1,0,0,0,0,1,1,0,0,0,0
169,28,101,7.3,16.2,41.5,1226.35,5,1,0,0,0,0,0,1,0,0,0,0,1,1,0,0,0,0
149,24,29,5.1,39.71,84.93,1883.07,5,1,0,0,0,0,0,1,0,0,0,0,1,1,0,0,0,0
43,79,25,7.51,35.4,72.88,1905.75,5,1,0,0,0,0,0,1,0,0,0,0,1,1,0,0,0,0
87,38,110,7.85,15.95,59.38,1697.61,5,1,0,0,0,0,0,1,0,0,0,0,1,1,0,0,0,0
165,85,41,6.58,39.44,53.65,339.97,5,1,0,0,0,0,0,1,0,0,0,0,1,1,0,0,0,0
109,43,122,4.96,32.06,41.22,341.23,5,1,0,0,0,0,0,1,0,0,0,0,1,1,0,0,0,0
110,87,21,6.96,17.2,46.44,1682.84,5,1,0,0,0,0,0,1,0,0,0,0,1,1,0,0,0,0
132,86,138,7.36,16.72,51.97,509.83,5,1,0,0,0,0,0,1,0,0,0,0,1,1,0,0,0,0
135,20,147,8.07,27.4,55.76,2047.01,5,1,0,0,0,0,0,1,0,0,0,0,1,1,0,0,0,0
168,51,45,5.05,21.85,55.79,2494.62,5,1,0,0,0,0,0,1,0,0,0,0,1,1,0,0,0,0
175,79,146,5.68,23.36,45.87,2123.17,5,1,0,0,0,0,0,1,0,0,0,0,1,1,0,0,0,0
148,44,40,5.68,35.24,44.95,1716.72,5,1,0,0,0,0,0,1,0,0,0,0,1,1,0,0,0,0
75,83,79,5.53,39.0,85.76,2470.95,5,1,0,0,0,0,0,1,0,0,0,0,1,1,0,0,0,0
83,34,93,4.81,31.68,38.78,1467.67,5,1,0,0,0,0,0,1,0,0,0,0,1,1,0,0,0,0
166,50,104,6.35,37.58,88.34,1745.0,5,1,0,0,0,0,0,1,0,0,0,0,1,1,0,0,0,0
48,59,82,5.74,36.55,50.99,1842.98,5,1,0,0,0,0,0,1,0,0,0,0,1,1,0,0,0,0
155,68,126,4.96,15.72,47.46,413.08,5,1,0,0,0,0,0,1,0,0,0,0,1,1,0,0,0,0
177,72,148,5.05,19.66,62.81,775.99,5,0,1,0,1,0,0,0,1,0,0,0,0,0,1,0,0,0
87,64,135,5.18,30.85,56.28,1734.73,5,0,1,0,1,0,0,0,1,0,0,0,0,0,1,0,0,0
149,56,119,6.04,17.71,43.8,1014.18,5,0,1,0,1,0,0,0,1,0,0,0,0,0,1,0,0,0
149,70,96,4.95,32.42,75.47,2520.39,5,0,1,0,1,0,0,0,1,0,0,0,0,0,1,0,0,0
83,83,125,6.68,10.92,57.26,1251.52,5,0,1,0,1,0,0,0,1,0,0,0,0,0,1,0,0,0
37,59,149,7.5,15.5,35.39,351.45,5,0,1,0,1,0,0,0,1,0,0,0,0,0,1,0,0,0
172,53,32,4.9,21.02,33.66,2410.16,5,0,1,0,1,0,0,0,1,0,0,0,0,0,1,0,0,0
101,85,137,5.57,12.66,68.99,2587.08,5,0,1,0,1,0,0,0,1,0,0,0,0,0,1,0,0,0
48,55,147,5.34,13.06,39.57,1704.59,5,0,1,0,1,0,0,0,1,0,0,0,0,0,1,0,0,0
60,78,41,5.01,39.22,32.48,1601.5,5,0,1,0,1,0,0,0,1,0,0,0,0,0,1,0,0,0
138,70,105,6.05,13.6,62.51,1293.91,5,0,1,0,1,0,0,0,1,0,0,0,0,0,1,0,0,0
138,19,31,6.6,17.35,37.17,907.56,5,0,1,0,1,0,0,0,1,0,0,0,0,0,1,0,0,0
122,76,136,6.51,18.47,83.68,949.46,5,0,1,0,1,0,0,0,1,0,0,0,0,0,1,0,0,0
84,23,29,7.54,13.79,71.87,2782.06,5,0,1,0,1,0,0,0,1,0,0,0,0,0,1,0,0,0
54,60,79,8.02,15.73,42.35,1257.91,5,0,1,0,1,0,0,0,1,0,0,0,0,0,1,0,0,0
144,27,32,5.6,22.95,37.29,1749.38,5,0,1,0,1,0,0,0,1,0,0,0,0,0,1,0,0,0
76,40,73,7.06,35.28,40.14,568.37,5,0,1,0,1,0,0,0,1,0,0,0,0,0,1,0,0,0
127,36,51,6.68,38.71,39.48,813.45,5,0,1,0,1,0,0,0,1,0,0,0,0,0,1,0,0,0
150,25,61,5.54,20.12,34.49,2718.65,5,0,1,0,1,0,0,0,1,0,0,0,0,0,1,0,0,0
71,18,60,4.97,39.69,71.0,1744.85,5,0,1,0,1,0,0,0,1,0,0,0,0,0,1,0,0,0
31,96,62,6.06,12.38,45.59,2642.0,5,0,1,0,1,0,0,0,1,0,0,0,0,0,1,0,0,0
147,76,118,7.64,39.14,54.67,2797.6,5,0,1,0,1,0,0,0,1,0,0,0,0,0,1,0,0,0
46,60,147,6.78,35.96,50.2,2737.66,5,0,1,0,1,0,0,0,1,0,0,0,0,0,1,0,0,0
169,18,32,4.86,12.32,43.62,2191.56,5,0,1,0,1,0,0,0,1,0,0,0,0,0,1,0,0,0
36,80,144,5.41,36.83,75.44,366.11,5,0,1,0,1,0,0,0,1,0,0,0,0,0,1,0,0,0
150,33,99,7.15,31.91,37.98,2314.15,5,0,1,0,1,0,0,0,1,0,0,0,0,0,1,0,0,0
157,43,23,5.22,34.02,85.39,1979.43,5,0,1,0,1,0,0,0,1,0,0,0,0,0,1,0,0,0
54,39,103,5.04,28.26,44.6,547.16,5,0,1,0,1,0,0,0,1,0,0,0,0,0,1,0,0,0
86,50,26,6.22,19.45,61.0,2602.6,5,0,1,0,1,0,0,0,1,0,0,0,0,0,1,0,0,0
87,31,113,7.11,15.82,53.93,1377.11,5,0,1,0,1,0,0,0,1,0,0,0,0,0,1,0,0,0
117,52,93,6.08,23.71,42.52,883.55,5,0,1,0,1,0,0,0,1,0,0,0,0,0,1,0,0,0
100,28,139,6.54,27.07,42.99,1617.94,5,0,1,0,1,0,0,0,1,0,0,0,0,0,1,0,0,0
134,39,81,7.52,10.34,39.55,859.11,5,0,1,0,1,0,0,0,1,0,0,0,0,0,1,0,0,0
140,67,108,6.97,14.47,71.79,2418.67,5,0,1,0,0,1,0,0,1,0,0,0,0,1,0,0,0,0
98,71,63,7.53,25.11,39.59,664.15,5,0,1,0,0,1,0,0,1,0,0,0,0,1,0,0,0,0
158,28,127,7.68,37.61,64.39,1772.78,5,0,1,0,0,1,0,0,1,0,0,0,0,1,0,0,0,0
36,48,54,7.93,20.46,45.62,1878.19,5,0,1,0,0,1,0,0,1,0,0,0,0,1,0,0,0,0
166,40,43,5.51,20.41,41.85,1701.8,5,0,1,0,0,1,0,0,1,0,0,0,0,1,0,0,0,0
43,53,61,7.94,15.36,80.46,427.7,5,0,1,0,0,1,0,0,1,0,0,0,0,1,0,0,0,0
108,79,48,6.1,18.92,61.26,2510.69,5,0,1,0,0,1,0,0,1,0,0,0,0,1,0,0,0,0
102,28,26,8.12,30.22,88.94,2233.57,5,0,1,0,0,1,0,0,1,0,0,0,0,1,0,0,0,0
145,93,46,6.66,35.11,86.9,1632.24,5,0,1,0,0,1,0,0,1,0,0,0,0,1,0,0,0,0
51,21,128,6.31,35.02,50.37,940.4,5,0,1,0,0,1,0,0,1,0,0,0,0,1,0,0,0,0
110,58,126,6.02,37.5,35.36,1365.96,5,0,1,0,0,1,0,0,1,0,0,0,0,1,0,0,0,0
101,62,148,5.73,13.48,85.28,520.29,5,0,1,0,0,1,0,0,1,0,0,0,0,1,0,0,0,0
62,56,22,7.57,15.55,72.86,2249.78,5,0,1,0,0,1,0,0,1,0,0,0,0,1,0,0,0,0
98,28,117,5.75,34.6,70.9,808.65,5,0,1,0,0,1,0,0,1,0,0,0,0,1,0,0,0,0
129,51,142,6.88,14.98,66.54,684.96,5,0,1,0,0,1,0,0,1,0,0,0,0,1,0,0,0,0
168,63,26,7.81,17.8,42.81,1516.74,5,0,1,0,0,1,0,0,1,0,0,0,0,1,0,0,0,0
51,62,86,5.05,14.62,38.28,2327.35,5,0,1,0,0,1,0,0,1,0,0,0,0,1,0,0,0,0
46,74,66,5.49,29.87,70.71,1917.46,5,0,1,0,0,1,0,0,1,0,0,0,0,1,0,0,0,0
107,87,53,6.65,26.89,62.21,1430.58,5,0,1,0,0,1,0,0,1,0,0,0,0,1,0,0,0,0
66,46,25,5.25,34.63,33.16,1793.08,5,0,1,0,0,1,0,0,1,0,0,0,0,1,0,0,0,0
44,73,133,6.43,33.68,72.64,725.14,5,0,1,0,0,1,0,0,1,0,0,0,0,1,0,0,0,0
137,99,74,5.21,28.2,56.13,309.94,5,0,1,0,0,1,0,0,1,0,0,0,0,1,0,0,0,0
84,50,81,5.84,24.95,47.4,1497.06,5,0,1,0,0,1,0,0,1,0,0,0,0,1,0,0,0,0
178,97,103,5.73,13.17,59.79,306.45,5,0,1,0,0,1,0,0,1,0,0,0,0,1,0,0,0,0
71,87,72,7.94,20.84,38.79,2257.62,5,0,1,0,0,1,0,0,1,0,0,0,0,1,0,0,0,0
161,99,147,7.49,29.68,46.09,2536.86,5,0,1,0,0,1,0,0,1,0,0,0,0,1,0,0,0,0
102,94,121,4.89,38.05,44.27,350.55,5,0,1,0,0,1,0,0,1,0,0,0,0,1,0,0,0,0
43,46,61,5.93,20.67,80.84,1743.44,5,0,1,0,0,1,0,0,1,0,0,0,0,1,0,0,0,0
43,81,109,5.87,31.94,45.32,1858.37,5,0,1,0,0,1,0,0,1,0,0,0,0,1,0,0,0,0
54,99,130,6.27,26.85,41.68,2698.24,5,0,1,0,0,1,0,0,1,0,0,0,0,1,0,0,0,0
39,69,62,5.52,16.41,43.36,2298.17,5,0,1,0,0,1,0,0,1,0,0,0,0,1,0,0,0,0
98,62,52,7.82,29.2,82.38,361.26,5,0,1,0,0,1,0,0,1,0,0,0,0,1,0,0,0,0
93,60,114,7.57,10.95,53.98,1942.58,5,0,1,0,0,1,0,0,1,0,0,0,0,1,0,0,0,0
47,27,138,8.1,13.66,61.7,2371.06,5,0,1,0,0,0,1,0,1,0,0,0,0,0,0,0,0,1
65,72,100,7.96,33.71,82.32,2464.21,5,0,1,0,0,0,1,0,1,0,0,0,0,0,0,0,0,1
122,55,57,4.82,17.33,38.46,1355.0,5,0,1,0,0,0,1,0,1,0,0,0,0,0,0,0,0,1
127,99,32,8.11,32.25,39.86,762.75,5,0,1,0,0,0,1,0,1,0,0,0,0,0,0,0,0,1
105,77,68,6.08,19.53,77.34,1249.25,5,0,1,0,0,0,1,0,1,0,0,0,0,0,0,0,0,1
146,16,104,6.95,14.23,42.19,2785.6,5,0,1,0,0,0,1,0,1,0,0,0,0,0,0,0,0,1
51,21,52,8.1,14.69,61.99,338.09,5,0,1,0,0,0,1,0,1,0,0,0,0,0,0,0,0,1
127,64,94,6.64,24.33,36.87,1144.81,5,0,1,0,0,0,1,0,1,0,0,0,0,0,0,0,0,1
42,63,143,5.24,13.91,64.83,319.03,5,0,1,0,0,0,1,0,1,0,0,0,0,0,0,0,0,1
59,99,20,5.33,32.68,56.46,750.55,5,0,1,0,0,0,1,0,1,0,0,0,0,0,0,0,0,1
87,91,43,5.09,24.31,33.26,2164.29,5,0,1,0,0,0,1,0,1,0,0,0,0,0,0,0,0,1
179,29,130,6.29,23.02,67.71,1502.17,5,0,1,0,0,0,1,0,1,0,0,0,0,0,0,0,0,1
138,48,117,6.32,37.61,34.04,2440.55,5,0,1,0,0,0,1,0,1,0,0,0,0,0,0,0,0,1
56,22,109,5.16,10.18,67.66,1647.91,5,0,1,0,0,0,1,0,1,0,0,0,0,0,0,0,0,1
39,29,145,7.41,25.7,47.31,361.51,5,0,1,0,0,0,1,0,1,0,0,0,0,0,0,0,0,1
161,67,34,5.06,34.75,73.98,707.34,5,0,1,0,0,0,1,0,1,0,0,0,0,0,0,0,0,1
135,89,91,8.03,10.8,87.13,2705.99,5,0,1,0,0,0,1,0,1,0,0,0,0,0,0,0,0,1
121,19,57,6.28,11.34,34.9,2738.22,5,0,1,0,0,0,1,0,1,0,0,0,0,0,0,0,0,1
107,50,108,7.62,29.6,52.99,340.92,5,0,1,0,0,0,1,0,1,0,0,0,0,0,0,0,0,1
70,68,148,5.43,11.72,58.99,1693.62,5,0,1,0,0,0,1,0,1,0,0,0,0,0,0,0,0,1
149,73,124,5.62,20.23,83.79,2633.95,5,0,1,0,0,0,1,0,1,0,0,0,0,0,0,0,0,1
160,75,143,5.01,11.66,65.58,1951.72,5,0,1,0,0,0,1,0,1,0,0,0,0,0,0,0,0,1
61,42,23,6.71,15.03,80.4,2105.77,5,0,1,0,0,0,1,0,1,0,0,0,0,0,0,0,0,1
159,66,57,5.9,15.98,38.79,726.52,5,0,1,0,0,0,0,1,1,0,0,0,0,1,0,0,0,0
157,85,139,4.99,17.53,46.26,1126.33,5,0,1,0,0,0,0,1,1,0,0,0,0,1,0,0,0,0
170,36,142,6.47,24.57,34.22,1330.15,5,0,1,0,0,0,0,1,1,0,0,0,0,1,0,0,0,0
111,50,81,5.75,39.03,50.27,2127.92,5,0,1,0,0,0,0,1,1,0,0,0,0,1,0,0,0,0
77,74,67,7.38,17.82,55.8,1287.28,5,0,1,0,0,0,0,1,1,0,0,0,0,1,0,0,0,0
148,71,146,5.34,21.62,66.53,1861.19,5,0,1,0,0,0,0,1,1,0,0,0,0,1,0,0,0,0
59,52,21,7.33,29.98,58.87,2486.28,5,0,1,0,0,0,0,1,1,0,0,0,0,1,0,0,0,0
144,85,67,7.26,24.13,61.55,2584.2,5,0,1,0,0,0,0,1,1,0,0,0,0,1,0,0,0,0
101,18,90,7.02,16.72,71.84,2510.4,5,0,1,0,0,0,0,1,1,0,0,0,0,1,0,0,0,0
44,35,95,7.33,30.29,38.38,576.43,5,0,1,0,0,0,0,1,1,0,0,0,0,1,0,0,0,0
75,19,72,7.7,28.77,82.98,1042.44,5,0,1,0,0,0,0,1,1,0,0,0,0,1,0,0,0,0
48,72,122,6.23,38.93,46.69,2242.19,5,0,1,0,0,0,0,1,1,0,0,0,0,1,0,0,0,0
169,81,83,6.6,10.51,35.33,1354.0,5,0,1,0,0,0,0,1,1,0,0,0,0,1,0,0,0,0
56,63,94,7.09,37.85,57.18,2315.46,5,0,1,0,0,0,0,1,1,0,0,0,0,1,0,0,0,0
56,96,142,5.7,33.46,53.07,2200.95,5,0,1,0,0,0,0,1,1,0,0,0,0,1,0,0,0,0
79,64,139,5.79,36.72,39.84,752.94,5,0,1,0,0,0,0,1,1,0,0,0,0,1,0,0,0,0
151,29,52,6.46,37.68,78.06,743.44,5,0,1,0,0,0,0,1,1,0,0,0,0,1,0,0,0,0
90,83,49,5.69,38.27,39.69,1301.74,5,0,1,0,0,0,0,1,1,0,0,0,0,1,0,0,0,0
80,47,111,6.35,25.53,34.27,770.94,5,0,1,0,0,0,0,1,1,0,0,0,0,1,0,0,0,0
157,20,122,5.2,21.32,35.95,2047.91,5,0,1,0,0,0,0,1,1,0,0,0,0,1,0,0,0,0
117,77,24,5.71,26.6,64.27,1239.67,5,0,1,0,0,0,0,1,1,0,0,0,0,1,0,0,0,0
111,87,57,5.97,27.7,86.4,868.73,5,0,1,0,1,0,0,0,0,1,0,0,0,1,0,0,0,0
87,26,54,7.61,28.16,52.93,2651.73,5,0,1,0,1,0,0,0,0,1,0,0,0,1,0,0,0,0
79,51,96,5.17,34.81,57.98,1452.08,5,0,1,0,1,0,0,0,0,1,0,0,0,1,0,0,0,0
30,42,101,7.04,39.73,31.08,2750.0,5,0,1,0,1,0,0,0,0,1,0,0,0,1,0,0,0,0
73,42,42,5.56,25.66,75.13,2023.58,5,0,1,0,1,0,0,0,0,1,0,0,0,1,0,0,0,0
33,81,30,6.49,10.13,66.93,2715.92,5,0,1,0,1,0,0,0,0,1,0,0,0,1,0,0,0,0
147,34,41,5.76,30.81,50.76,1032.27,5,0,1,0,1,0,0,0,0,1,0,0,0,1,0,0,0,0
148,31,64,4.95,10.96,58.41,470.27,5,0,1,0,1,0,0,0,0,1,0,0,0,1,0,0,0,0
153,52,88,6.71,29.68,75.97,403.95,5,0,1,0,1,0,0,0,0,1,0,0,0,1,0,0,0,0
37,51,77,7.76,12.07,81.38,2720.45,5,0,1,0,1,0,0,0,0,1,0,0,0,1,0,0,0,0
95,20,107,6.28,35.68,56.67,935.1,5,0,1,0,1,0,0,0,0,1,0,0,0,1,0,0,0,0
168,22,61,5.21,28.45,86.51,2589.69,5,0,1,0,1,0,0,0,0,1,0,0,0,1,0,0,0,0
105,35,39,5.65,15.04,40.63,2489.49,5,0,1,0,1,0,0,0,0,1,0,0,0,1,0,0,0,0
117,73,20,5.93,13.8,65.75,2584.94,5,0,1,0,1,0,0,0,0,1,0,0,0,1,0,0,0,0
96,79,52,7.76,11.6,82.7,1782.76,5,0,1,0,1,0,0,0,0,1,0,0,0,1,0,0,0,0
89,24,42,4.91,37.85,89.17,993.37,5,0,1,0,1,0,0,0,0,1,0,0,0,1,0,0,0,0
81,69,91,7.52,38.66,44.76,2608.84,5,0,1,0,1,0,0,0,0,1,0,0,0,1,0,0,0,0
173,35,22,5.58,11.97,73.59,2685.93,5,0,1,0,1,0,0,0,0,1,0,0,0,1,0,0,0,0
142,32,71,5.27,18.78,47.5,797.16,5,0,1,0,1,0,0,0,0,1,0,0,0,1,0,0,0,0
132,77,80,6.93,32.67,36.43,2759.03,5,0,1,0,1,0,0,0,0,1,0,0,0,1,0,0,0,0
109,90,134,4.81,30.76,63.19,2749.58,5,0,1,0,1,0,0,0,0,1,0,0,0,1,0,0,0,0
144,61,54,6.0,16.15,58.91,1402.18,5,0,1,0,1,0,0,0,0,1,0,0,0,1,0,0,0,0
95,56,117,7.02,20.06,63.11,1481.96,5,0,1,0,1,0,0,0,0,1,0,0,0,1,0,0,0,0
93,74,60,6.29,31.87,76.31,2476.57,5,0,1,0,1,0,0,0,0,1,0,0,0,1,0,0,0,0
134,90,136,5.18,22.64,46.67,622.47,5,0,1,0,1,0,0,0,0,1,0,0,0,1,0,0,0,0
53,38,24,5.75,32.26,43.14,602.54,5,0,1,0,1,0,0,0,0,1,0,0,0,1,0,0,0,0
62,89,72,6.67,34.6,79.95,1285.62,5,0,1,0,1,0,0,0,0,1,0,0,0,1,0,0,0,0
58,39,82,7.0,26.93,75.33,452.22,5,0,1,0,1,0,0,0,0,1,0,0,0,1,0,0,0,0
48,32,22,5.92,10.47,58.13,1945.91,5,0,1,0,1,0,0,0,0,1,0,0,0,1,0,0,0,0
65,63,144,7.0,22.45,35.67,585.86,5,0,1,0,1,0,0,0,0,1,0,0,0,1,0,0,0,0
103,80,68,7.08,39.74,35.84,1407.55,5,0,1,0,1,0,0,0,0,1,0,0,0,1,0,0,0,0
38,85,132,7.88,33.69,40.56,1599.56,5,0,1,0,1,0,0,0,0,1,0,0,0,1,0,0,0,0
164,67,120,8.08,14.52,46.87,867.34,5,0,1,0,1,0,0,0,0,1,0,0,0,1,0,0,0,0
132,86,32,5.1,35.89,52.61,1340.22,5,0,1,0,0,1,0,0,0,1,0,0,0,1,0,0,0,0
140,48,149,8.13,19.97,33.89,2077.69,5,0,1,0,0,1,0,0,0,1,0,0,0,1,0,0,0,0
135,57,64,8.2,23.06,41.04,1208.81,5,0,1,0,0,1,0,0,0,1,0,0,0,1,0,0,0,0
103,44,75,5.18,33.18,78.76,426.93,5,0,1,0,0,1,0,0,0,1,0,0,0,1,0,0,0,0
170,58,32,7.38,36.06,76.39,1576.2,5,0,1,0,0,1,0,0,0,1,0,0,0,1,0,0,0,0
126,95,140,6.85,36.96,46.41,349.3,5,0,1,0,0,1,0,0,0,1,0,0,0,1,0,0,0,0
41,45,52,7.31,10.49,55.91,829.53,5,0,1,0,0,1,0,0,0,1,0,0,0,1,0,0,0,0
84,25,69,7.68,31.84,45.4,1901.7,5,0,1,0,0,1,0,0,0,1,0,0,0,1,0,0,0,0
115,80,46,6.52,27.41,55.27,767.48,5,0,1,0,0,1,0,0,0,1,0,0,0,1,0,0,0,0
147,59,46,7.02,23.48,40.41,2680.25,5,0,1,0,0,1,0,0,0,1,0,0,0,1,0,0,0,0
68,30,123,6.77,37.09,83.08,2723.17,5,0,1,0,0,1,0,0,0,1,0,0,0,1,0,0,0,0
140,56,44,8.07,28.87,52.59,2368.57,5,0,1,0,0,1,0,0,0,1,0,0,0,1,0,0,0,0
79,89,88,7.72,29.7,50.37,327.54,5,0,1,0,0,1,0,0,0,1,0,0,0,1,0,0,0,0
85,79,60,6.6,32.09,52.68,1959.76,5,0,1,0,0,1,0,0,0,1,0,0,0,1,0,0,0,0
148,57,140,5.5,18.7,30.31,1635.4,5,0,1,0,0,1,0,0,0,1,0,0,0,1,0,0,0,0
69,33,64,8.05,18.69,71.85,1109.07,5,0,1,0,0,1,0,0,0,1,0,0,0,1,0,0,0,0
95,29,86,5.1,13.21,85.07,864.22,5,0,1,0,0,1,0,0,0,1,0,0,0,1,0,0,0,0
67,95,66,4.97,23.57,44.47,2393.73,5,0,1,0,0,1,0,0,0,1,0,0,0,1,0,0,0,0
78,52,146,4.87,18.47,34.42,1196.43,5,0,1,0,0,1,0,0,0,1,0,0,0,1,0,0,0,0
151,58,112,5.08,23.38,83.95,1653.49,5,0,1,0,0,1,0,0,0,1,0,0,0,1,0,0,0,0
110,76,109,5.06,27.26,83.67,2053.37,5,0,1,0,0,1,0,0,0,1,0,0,0,1,0,0,0,0
47,38,88,7.53,18.33,50.73,922.91,5,0,1,0,0,1,0,0,0,1,0,0,0,1,0,0,0,0
158,86,90,6.34,26.93,50.44,2650.89,5,0,1,0,0,1,0,0,0,1,0,0,0,1,0,0,0,0
125,97,52,5.19,28.28,69.09,1599.32,5,0,1,0,0,1,0,0,0,1,0,0,0,1,0,0,0,0
114,48,123,5.94,34.67,46.24,750.72,5,0,1,0,0,1,0,0,0,1,0,0,0,1,0,0,0,0
49,25,98,7.3,32.69,86.8,1988.54,5,0,1,0,0,1,0,0,0,1,0,0,0,1,0,0,0,0
106,84,50,6.06,29.22,79.98,1990.03,5,0,1,0,0,1,0,0,0,1,0,0,0,1,0,0,0,0
142,61,59,5.74,23.56,67.63,2414.73,5,0,1,0,0,1,0,0,0,1,0,0,0,1,0,0,0,0
176,90,140,8.07,22.45,51.24,728.12,5,0,1,0,0,1,0,0,0,1,0,0,0,1,0,0,0,0
88,69,27,5.18,23.92,58.86,1970.43,5,0,1,0,0,1,0,0,0,1,0,0,0,1,0,0,0,0
43,58,98,5.27,16.3,72.25,1196.97,5,0,1,0,0,1,0,0,0,1,0,0,0,1,0,0,0,0
75,59,72,5.09,31.52,57.68,2438.53,5,0,1,0,0,1,0,0,0,1,0,0,0,1,0,0,0,0
144,97,32,4.96,13.35,32.47,1744.9,5,0,1,0,0,1,0,0,0,1,0,0,0,1,0,0,0,0
115,76,75,6.56,36.89,82.79,2468.02,5,0,1,0,0,1,0,0,0,1,0,0,0,1,0,0,0,0
80,21,64,7.22,35.2,78.31,850.2,5,0,1,0,0,1,0,0,0,1,0,0,0,1,0,0,0,0
43,34,86,7.6,25.66,33.93,2242.51,5,0,1,0,0,0,1,0,0,1,0,0,0,0,0,0,0,1
45,72,41,5.26,36.91,88.95,729.74,5,0,1,0,0,0,1,0,0,1,0,0,0,0,0,0,0,1
44,23,110,6.56,22.46,32.46,2514.35,5,0,1,0,0,0,1,0,0,1,0,0,0,0,0,0,0,1
85,65,117,5.3,32.3,76.49,518.84,5,0,1,0,0,0,1,0,0,1,0,0,0,0,0,0,0,1
100,72,123,5.35,27.74,67.29,442.6,5,0,1,0,0,0,1,0,0,1,0,0,0,0,0,0,0,1
50,16,104,6.29,32.15,32.32,2512.04,5,0,1,0,0,0,1,0,0,1,0,0,0,0,0,0,0,1
93,94,48,5.55,21.95,77.84,1899.94,5,0,1,0,0,0,1,0,0,1,0,0,0,0,0,0,0,1
172,64,78,6.98,12.87,61.47,1789.57,5,0,1,0,0,0,1,0,0,1,0,0,0,0,0,0,0,1
44,89,119,5.45,26.85,60.1,1843.58,5,0,1,0,0,0,1,0,0,1,0,0,0,0,0,0,0,1
174,23,37,6.52,33.08,79.81,873.81,5,0,1,0,0,0,1,0,0,1,0,0,0,0,0,0,0,1
101,17,36,7.84,11.66,59.48,1642.99,5,0,1,0,0,0,1,0,0,1,0,0,0,0,0,0,0,1
137,89,110,5.94,38.81,81.08,2188.84,5,0,1,0,0,0,1,0,0,1,0,0,0,0,0,0,0,1
42,54,120,7.16,29.8,49.86,1544.55,5,0,1,0,0,0,1,0,0,1,0,0,0,0,0,0,0,1
161,39,68,4.84,34.36,53.53,2165.43,5,0,1,0,0,0,1,0,0,1,0,0,0,0,0,0,0,1
88,18,149,7.84,21.35,58.33,368.35,5,0,1,0,0,0,1,0,0,1,0,0,0,0,0,0,0,1
102,60,45,7.83,28.7,54.03,2762.79,5,0,1,0,0,0,1,0,0,1,0,0,0,0,0,0,0,1
44,45,59,6.35,31.46,47.35,1661.13,5,0,1,0,0,0,1,0,0,1,0,0,0,0,0,0,0,1
176,80,143,7.84,19.34,77.79,2116.76,5,0,1,0,0,0,1,0,0,1,0,0,0,0,0,0,0,1
158,79,76,8.03,32.17,67.08,1086.66,5,0,1,0,0,0,1,0,0,1,0,0,0,0,0,0,0,1
163,33,118,7.87,19.01,32.18,1693.42,5,0,1,0,0,0,1,0,0,1,0,0,0,0,0,0,0,1
127,60,89,5.24,16.14,30.16,412.36,5,0,1,0,0,0,1,0,0,1,0,0,0,0,0,0,0,1
106,34,51,5.56,21.17,84.36,2435.02,5,0,1,0,0,0,1,0,0,1,0,0,0,0,0,0,0,1
170,20,45,5.66,39.16,76.09,454.12,5,0,1,0,0,0,1,0,0,1,0,0,0,0,0,0,0,1
130,33,24,5.07,13.72,57.66,2291.03,5,0,1,0,0,0,1,0,0,1,0,0,0,0,0,0,0,1
129,78,39,6.93,28.35,69.2,2043.93,5,0,1,0,0,0,1,0,0,1,0,0,0,0,0,0,0,1
162,82,67,4.96,11.6,40.11,884.44,5,0,1,0,0,0,1,0,0,1,0,0,0,0,0,0,0,1
80,70,42,6.5,22.79,53.43,962.88,5,0,1,0,0,0,1,0,0,1,0,0,0,0,0,0,0,1
60,93,46,8.07,14.98,87.39,1881.63,5,0,1,0,0,0,1,0,0,1,0,0,0,0,0,0,0,1
77,49,118,6.04,28.94,87.19,2650.25,5,0,1,0,0,0,1,0,0,1,0,0,0,0,0,0,0,1
96,68,24,6.61,20.65,46.69,2331.35,5,0,1,0,0,0,1,0,0,1,0,0,0,0,0,0,0,1
52,19,85,6.25,16.68,34.4,1220.7,5,0,1,0,0,0,0,1,0,1,0,0,0,1,0,0,0,0
146,49,84,7.15,24.22,89.73,1222.91,5,0,1,0,0,0,0,1,0,1,0,0,0,1,0,0,0,0
166,30,102,5.91,11.61,88.7,2282.15,5,0,1,0,0,0,0,1,0,1,0,0,0,1,0,0,0,0
40,19,115,6.82,11.16,57.52,1432.63,5,0,1,0,0,0,0,1,0,1,0,0,0,1,0,0,0,0
156,29,117,5.46,29.92,76.54,841.22,5,0,1,0,0,0,0,1,0,1,0,0,0,1,0,0,0,0
162,58,118,7.31,28.32,37.54,1708.82,5,0,1,0,0,0,0,1,0,1,0,0,0,1,0,0,0,0
93,39,37,5.22,39.5,57.79,1776.65,5,0,1,0,0,0,0,1,0,1,0,0,0,1,0,0,0,0
111,98,48,7.14,20.84,81.01,1483.16,5,0,1,0,0,0,0,1,0,1,0,0,0,1,0,0,0,0
179,63,88,7.5,16.96,34.68,1148.76,5,0,1,0,0,0,0,1,0,1,0,0,0,1,0,0,0,0
83,35,65,5.72,30.65,83.15,1629.03,5,0,1,0,0,0,0,1,0,1,0,0,0,1,0,0,0,0
156,88,62,6.65,22.14,81.02,1274.55,5,0,1,0,0,0,0,1,0,1,0,0,0,1,0,0,0,0
45,75,78,5.07,14.71,50.69,1746.31,5,0,1,0,0,0,0,1,0,1,0,0,0,1,0,0,0,0
40,97,127,6.11,33.86,75.56,2651.3,5,0,1,0,0,0,0,1,0,1,0,0,0,1,0,0,0,0
165,41,41,6.4,27.99,66.88,1598.66,5,0,1,0,0,0,0,1,0,1,0,0,0,1,0,0,0,0
108,71,81,7.23,16.27,83.24,1349.18,5,0,1,0,0,0,0,1,0,1,0,0,0,1,0,0,0,0
172,59,78,7.87,29.99,30.76,2133.96,5,0,1,0,0,0,0,1,0,1,0,0,0,1,0,0,0,0
124,83,113,5.94,34.17,37.85,2404.21,5,0,1,0,0,0,0,1,0,1,0,0,0,1,0,0,0,0
115,50,98,6.49,26.53,73.05,1199.3,5,0,1,0,0,0,0,1,0,1,0,0,0,1,0,0,0,0
98,39,50,5.79,24.47,72.86,2383.2,5,0,1,0,0,0,0,1,0,1,0,0,0,1,0,0,0,0
95,87,50,6.42,20.07,84.96,1060.0,5,0,1,0,0,0,0,1,0,1,0,0,0,1,0,0,0,0
173,47,81,6.11,39.01,71.56,1317.37,5,0,1,0,0,0,0,1,0,1,0,0,0,1,0,0,0,0
69,56,33,8.16,11.77,89.66,1777.15,5,0,1,0,0,0,0,1,0,1,0,0,0,1,0,0,0,0
107,90,96,8.08,19.71,73.97,2349.06,5,0,1,0,0,0,0,1,0,1,0,0,0,1,0,0,0,0
44,82,51,7.87,14.21,70.91,1917.55,5,0,1,0,0,0,0,1,0,1,0,0,0,1,0,0,0,0
75,81,82,7.01,30.09,44.98,2660.58,5,0,1,0,0,0,0,1,0,1,0,0,0,1,0,0,0,0
94,60,74,7.38,36.01,68.21,1698.53,5,0,1,0,0,0,0,1,0,1,0,0,0,1,0,0,0,0
35,92,125,8.17,16.69,64.49,2739.56,5,0,1,0,0,0,0,1,0,1,0,0,0,1,0,0,0,0
46,56,36,6.41,28.29,62.92,1708.33,5,0,1,0,0,0,0,1,0,1,0,0,0,1,0,0,0,0
157,58,143,6.85,12.46,68.36,910.37,5,0,1,0,0,0,0,1,0,1,0,0,0,1,0,0,0,0
146,22,25,5.32,32.68,83.84,1560.43,5,0,1,0,0,0,0,1,0,1,0,0,0,1,0,0,0,0
174,75,113,7.33,23.64,81.49,964.46,5,0,1,0,0,0,0,1,0,1,0,0,0,1,0,0,0,0
157,84,109,7.65,23.09,72.16,2683.28,5,0,1,0,0,0,0,1,0,1,0,0,0,1,0,0,0,0
91,56,103,7.37,21.04,65.82,2772.81,5,0,1,0,0,0,0,1,0,1,0,0,0,1,0,0,0,0
158,62,102,5.69,26.25,47.55,1594.45,5,0,1,0,0,0,0,1,0,1,0,0,0,1,0,0,0,0
154,91,93,5.86,29.54,40.82,1876.08,5,0,1,0,0,0,0,1,0,1,0,0,0,1,0,0,0,0
163,35,133,5.04,32.1,65.3,1107.5,5,0,1,0,1,0,0,0,0,0,1,0,0,1,0,0,0,0
90,92,42,7.96,39.54,86.84,1973.33,5,0,1,0,1,0,0,0,0,0,1,0,0,1,0,0,0,0
42,77,55,4.91,38.73,70.64,2746.73,5,0,1,0,1,0,0,0,0,0,1,0,0,1,0,0,0,0
143,88,100,6.22,17.94,78.39,465.65,5,0,1,0,1,0,0,0,0,0,1,0,0,1,0,0,0,0
139,30,122,5.54,24.93,80.17,2792.36,5,0,1,0,1,0,0,0,0,0,1,0,0,1,0,0,0,0
144,44,127,6.33,22.45,64.16,1611.79,5,0,1,0,1,0,0,0,0,0,1,0,0,1,0,0,0,0
36,98,52,7.84,39.79,34.76,2495.7,5,0,1,0,1,0,0,0,0,0,1,0,0,1,0,0,0,0
62,20,51,6.09,34.46,82.21,931.57,5,0,1,0,1,0,0,0,0,0,1,0,0,1,0,0,0,0
110,52,124,8.02,25.36,37.3,1345.3,5,0,1,0,1,0,0,0,0,0,1,0,0,1,0,0,0,0
106,40,144,5.89,24.03,78.08,989.75,5,0,1,0,1,0,0,0,0,0,1,0,0,1,0,0,0,0
143,43,25,6.57,25.26,71.88,995.86,5,0,1,0,1,0,0,0,0,0,1,0,0,1,0,0,0,0
119,78,45,7.84,22.65,41.59,1077.32,5,0,1,0,1,0,0,0,0,0,1,0,0,1,0,0,0,0
134,68,71,5.02,39.25,65.05,656.72,5,0,1,0,1,0,0,0,0,0,1,0,0,1,0,0,0,0
124,17,97,7.67,35.33,47.83,2140.59,5,0,1,0,1,0,0,0,0,0,1,0,0,1,0,0,0,0
86,96,144,7.97,22.66,61.67,2042.78,5,0,1,0,1,0,0,0,0,0,1,0,0,1,0,0,0,0
72,45,30,6.56,29.17,85.67,408.69,5,0,1,0,1,0,0,0,0,0,1,0,0,1,0,0,0,0
171,29,98,6.44,20.78,71.31,2419.6,5,0,1,0,1,0,0,0,0,0,1,0,0,1,0,0,0,0
35,80,70,7.77,26.09,68.4,724.52,5,0,1,0,1,0,0,0,0,0,1,0,0,1,0,0,0,0
39,87,73,6.24,19.1,42.88,1167.02,5,0,1,0,1,0,0,0,0,0,1,0,0,1,0,0,0,0
49,99,41,6.92,21.31,72.86,2282.65,5,0,1,0,1,0,0,0,0,0,1,0,0,1,0,0,0,0
97,33,57,7.91,12.93,60.27,1623.66,5,0,1,0,1,0,0,0,0,0,1,0,0,1,0,0,0,0
129,59,98,5.52,16.11,88.02,2198.15,5,0,1,0,1,0,0,0,0,0,1,0,0,1,0,0,0,0
98,98,122,6.89,30.79,47.46,2762.85,5,0,1,0,1,0,0,0,0,0,1,0,0,1,0,0,0,0
53,80,89,7.3,32.69,73.19,2073.9,5,0,1,0,1,0,0,0,0,0,1,0,0,1,0,0,0,0
52,55,54,6.22,11.83,31.94,1473.31,5,0,1,0,1,0,0,0,0,0,1,0,0,1,0,0,0,0
63,46,97,5.59,15.51,84.93,927.86,5,0,1,0,1,0,0,0,0,0,1,0,0,1,0,0,0,0
66,67,24,5.27,33.36,72.3,1928.67,5,0,1,0,1,0,0,0,0,0,1,0,0,1,0,0,0,0
88,26,37,7.92,30.41,68.38,1009.89,5,0,1,0,1,0,0,0,0,0,1,0,0,1,0,0,0,0
39,42,90,5.79,13.96,37.05,366.57,5,0,1,0,0,1,0,0,0,0,1,0,0,1,0,0,0,0
129,82,90,7.48,27.05,76.97,1217.48,5,0,1,0,0,1,0,0,0,0,1,0,0,1,0,0,0,0
69,19,126,7.23,20.59,75.22,429.52,5,0,1,0,0,1,0,0,0,0,1,0,0,1,0,0,0,0
66,71,21,7.66,33.74,71.05,1013.92,5,0,1,0,0,1,0,0,0,0,1,0,0,1,0,0,0,0
108,56,107,7.03,13.21,59.87,1755.77,5,0,1,0,0,1,0,0,0,0,1,0,0,1,0,0,0,0
150,42,95,4.82,21.83,60.38,543.93,5,0,1,0,0,1,0,0,0,0,1,0,0,1,0,0,0,0
125,73,149,5.57,30.23,48.09,1180.44,5,0,1,0,0,1,0,0,0,0,1,0,0,1,0,0,0,0
134,29,108,5.33,31.85,56.31,2133.4,5,0,1,0,0,1,0,0,0,0,1,0,0,1,0,0,0,0
75,41,25,7.48,20.74,47.61,1329.68,5,0,1,0,0,1,0,0,0,0,1,0,0,1,0,0,0,0
168,82,134,6.74,34.76,59.38,2702.05,5,0,1,0,0,1,0,0,0,0,1,0,0,1,0,0,0,0
43,33,57,5.37,17.51,44.25,2588.16,5,0,1,0,0,1,0,0,0,0,1,0,0,1,0,0,0,0
64,61,46,5.71,38.57,60.14,2396.07,5,0,1,0,0,1,0,0,0,0,1,0,0,1,0,0,0,0
69,47,59,5.01,23.28,57.63,1937.75,5,0,1,0,0,1,0,0,0,0,1,0,0,1,0,0,0,0
175,22,120,4.97,18.92,64.59,2642.11,5,0,1,0,0,1,0,0,0,0,1,0,0,1,0,0,0,0
100,75,102,5.99,18.28,33.79,434.78,5,0,1,0,0,1,0,0,0,0,1,0,0,1,0,0,0,0
116,82,72,5.83,11.89,61.71,587.52,5,0,1,0,0,1,0,0,0,0,1,0,0,1,0,0,0,0
41,74,125,6.94,23.8,48.44,2121.6,5,0,1,0,0,1,0,0,0,0,1,0,0,1,0,0,0,0
70,82,20,8.1,36.13,40.25,1346.19,5,0,1,0,0,1,0,0,0,0,1,0,0,1,0,0,0,0
152,31,52,6.86,38.66,52.37,1192.43,5,0,1,0,0,1,0,0,0,0,1,0,0,1,0,0,0,0
158,24,145,7.18,35.67,35.26,454.34,5,0,1,0,0,1,0,0,0,0,1,0,0,1,0,0,0,0
87,74,46,5.66,34.65,35.81,1212.18,5,0,1,0,0,1,0,0,0,0,1,0,0,1,0,0,0,0
149,45,149,5.03,28.63,61.54,2701.97,5,0,1,0,0,1,0,0,0,0,1,0,0,1,0,0,0,0
165,52,28,7.57,19.83,41.96,1942.31,5,0,1,0,0,1,0,0,0,0,1,0,0,1,0,0,0,0
44,86,44,8.15,27.96,32.83,1552.05,5,0,1,0,0,1,0,0,0,0,1,0,0,1,0,0,0,0
153,88,51,7.75,31.28,42.3,1861.84,5,0,1,0,0,1,0,0,0,0,1,0,0,1,0,0,0,0
44,35,63,6.96,38.2,64.99,1775.39,5,0,1,0,0,1,0,0,0,0,1,0,0,1,0,0,0,0
70,84,81,7.9,11.83,75.16,1283.2,5,0,1,0,0,1,0,0,0,0,1,0,0,1,0,0,0,0
118,37,146,6.88,25.06,63.36,1693.83,5,0,1,0,0,0,1,0,0,0,1,0,0,0,0,0,1,0
122,31,90,6.71,17.66,51.55,2201.56,5,0,1,0,0,0,1,0,0,0,1,0,0,0,0,0,1,0
112,60,71,7.98,14.59,50.64,1361.18,5,0,1,0,0,0,1,0,0,0,1,0,0,0,0,0,1,0
68,95,114,8.09,19.53,64.86,1007.78,5,0,1,0,0,0,1,0,0,0,1,0,0,0,0,0,1,0
60,76,67,6.68,33.22,49.62,634.25,5,0,1,0,0,0,1,0,0,0,1,0,0,0,0,0,1,0
76,15,57,6.06,10.55,79.48,2614.66,5,0,1,0,0,0,1,0,0,0,1,0,0,0,0,0,1,0
178,71,42,8.18,38.46,74.01,696.22,5,0,1,0,0,0,1,0,0,0,1,0,0,0,0,0,1,0
149,68,118,4.83,27.03,56.06,2150.1,5,0,1,0,0,0,1,0,0,0,1,0,0,0,0,0,1,0
46,76,69,5.22,22.06,31.69,1050.61,5,0,1,0,0,0,1,0,0,0,1,0,0,0,0,0,1,0
156,89,131,7.48,18.81,54.72,1284.97,5,0,1,0,0,0,1,0,0,0,1,0,0,0,0,0,1,0
163,90,62,5.62,17.79,73.85,590.05,5,0,1,0,0,0,1,0,0,0,1,0,0,0,0,0,1,0
60,39,42,7.11,13.65,34.73,1448.28,5,0,1,0,0,0,1,0,0,0,1,0,0,0,0,0,1,0
165,29,120,8.2,24.18,83.18,2178.34,5,0,1,0,0,0,1,0,0,0,1,0,0,0,0,0,1,0
165,18,90,6.13,21.3,71.68,911.61,5,0,1,0,0,0,1,0,0,0,1,0,0,0,0,0,1,0
138,72,117,5.55,12.17,70.02,2621.5,5,0,1,0,0,0,1,0,0,0,1,0,0,0,0,0,1,0
58,53,23,5.92,19.22,66.28,1853.77,5,0,1,0,0,0,1,0,0,0,1,0,0,0,0,0,1,0
116,31,109,7.96,20.89,43.37,1562.97,5,0,1,0,0,0,1,0,0,0,1,0,0,0,0,0,1,0
119,51,35,8.15,39.71,37.73,2785.29,5,0,1,0,0,0,1,0,0,0,1,0,0,0,0,0,1,0
175,42,95,6.68,32.97,76.27,2277.8,5,0,1,0,0,0,1,0,0,0,1,0,0,0,0,0,1,0
55,46,88,6.95,25.26,64.75,2530.25,5,0,1,0,0,0,1,0,0,0,1,0,0,0,0,0,1,0
156,47,35,6.93,12.08,49.79,1061.48,5,0,1,0,0,0,1,0,0,0,1,0,0,0,0,0,1,0
145,30,21,8.12,20.24,33.69,588.55,5,0,1,0,0,0,1,0,0,0,1,0,0,0,0,0,1,0
109,23,85,6.99,12.44,58.48,2625.83,5,0,1,0,0,0,1,0,0,0,1,0,0,0,0,0,1,0
161,93,89,6.74,20.76,89.09,1385.87,5,0,1,0,0,0,1,0,0,0,1,0,0,0,0,0,1,0
83,27,82,7.92,19.44,45.73,2157.41,5,0,1,0,0,0,0,1,0,0,1,0,0,1,0,0,0,0
173,51,134,5.85,26.3,41.7,486.64,5,0,1,0,0,0,0,1,0,0,1,0,0,1,0,0,0,0
159,38,56,7.25,16.6,88.02,2617.99,5,0,1,0,0,0,0,1,0,0,1,0,0,1,0,0,0,0
130,16,36,5.97,22.91,38.12,1148.1,5,0,1,0,0,0,0,1,0,0,1,0,0,1,0,0,0,0
55,72,52,6.21,28.95,72.89,717.04,5,0,1,0,0,0,0,1,0,0,1,0,0,1,0,0,0,0
94,42,28,5.09,11.23,56.29,1669.27,5,0,1,0,0,0,0,1,0,0,1,0,0,1,0,0,0,0
96,33,20,5.63,29.08,39.35,357.7,5,0,1,0,0,0,0,1,0,0,1,0,0,1,0,0,0,0
62,75,59,5.43,31.36,51.7,989.25,5,0,1,0,0,0,0,1,0,0,1,0,0,1,0,0,0,0
70,70,134,5.44,28.14,74.8,2338.05,5,0,1,0,0,0,0,1,0,0,1,0,0,1,0,0,0,0
156,31,108,6.87,25.58,79.55,1401.64,5,0,1,0,0,0,0,1,0,0,1,0,0,1,0,0,0,0
167,55,61,5.29,26.56,79.03,2015.25,5,0,1,0,0,0,0,1,0,0,1,0,0,1,0,0,0,0
165,43,47,6.19,30.02,48.44,1294.09,5,0,1,0,0,0,0,1,0,0,1,0,0,1,0,0,0,0
168,44,145,7.13,30.5,32.41,2079.35,5,0,1,0,0,0,0,1,0,0,1,0,0,1,0,0,0,0
122,70,85,8.17,16.4,44.23,1707.85,5,0,1,0,0,0,0,1,0,0,1,0,0,1,0,0,0,0
161,74,83,7.26,14.94,47.1,1078.6,5,0,1,0,0,0,0,1,0,0,1,0,0,1,0,0,0,0
171,51,86,6.06,35.5,60.81,974.84,5,0,1,0,0,0,0,1,0,0,1,0,0,1,0,0,0,0
120,89,32,5.97,16.14,79.94,2343.63,5,0,1,0,0,0,0,1,0,0,1,0,0,1,0,0,0,0
109,48,130,4.85,38.78,46.83,2429.27,5,0,1,0,0,0,0,1,0,0,1,0,0,1,0,0,0,0
172,61,133,5.13,33.31,65.65,360.9,5,0,1,0,0,0,0,1,0,0,1,0,0,1,0,0,0,0
51,62,103,4.93,25.49,42.36,673.61,5,0,1,0,0,0,0,1,0,0,1,0,0,1,0,0,0,0
57,29,71,7.52,29.12,36.02,1558.07,5,0,1,0,0,0,0,1,0,0,1,0,0,1,0,0,0,0
46,97,141,7.01,25.64,72.26,1944.89,5,0,1,0,0,0,0,1,0,0,1,0,0,1,0,0,0,0
141,18,40,5.81,30.72,60.67,762.14,5,0,1,0,0,0,0,1,0,0,1,0,0,1,0,0,0,0
31,76,141,5.26,36.73,79.64,440.19,5,0,1,0,0,0,0,1,0,0,1,0,0,1,0,0,0,0
95,16,133,6.0,18.6,70.12,1448.52,5,0,1,0,0,0,0,1,0,0,1,0,0,1,0,0,0,0
40,60,122,6.75,23.53,89.36,459.27,5,0,1,0,0,0,0,1,0,0,1,0,0,1,0,0,0,0
91,95,131,8.12,16.68,31.01,2396.53,5,0,1,0,0,0,0,1,0,0,1,0,0,1,0,0,0,0
87,78,28,5.25,18.83,72.39,1696.92,5,0,1,0,1,0,0,0,0,0,0,1,0,0,1,0,0,0
69,19,65,7.69,34.49,58.93,1778.09,5,0,1,0,1,0,0,0,0,0,0,1,0,0,1,0,0,0
66,73,140,5.28,19.9,68.39,1594.6,5,0,1,0,1,0,0,0,0,0,0,1,0,0,1,0,0,0
90,21,82,7.82,19.08,54.55,1570.7,5,0,1,0,1,0,0,0,0,0,0,1,0,0,1,0,0,0
76,94,114,6.88,22.06,60.13,1558.62,5,0,1,0,1,0,0,0,0,0,0,1,0,0,1,0,0,0
95,65,112,6.91,17.1,43.93,992.72,5,0,1,0,1,0,0,0,0,0,0,1,0,0,1,0,0,0
92,21,84,6.32,22.11,82.8,996.91,5,0,1,0,1,0,0,0,0,0,0,1,0,0,1,0,0,0
80,99,95,5.94,28.33,40.78,2054.57,5,0,1,0,1,0,0,0,0,0,0,1,0,0,1,0,0,0
96,30,114,5.87,21.1,42.11,2025.98,5,0,1,0,1,0,0,0,0,0,0,1,0,0,1,0,0,0
127,41,149,5.26,36.93,89.39,1642.83,5,0,1,0,1,0,0,0,0,0,0,1,0,0,1,0,0,0
176,40,94,6.93,15.23,85.69,1698.02,5,0,1,0,1,0,0,0,0,0,0,1,0,0,1,0,0,0
165,20,75,6.5,20.14,79.21,418.78,5,0,1,0,1,0,0,0,0,0,0,1,0,0,1,0,0,0
112,61,149,8.12,24.39,45.37,373.37,5,0,1,0,1,0,0,0,0,0,0,1,0,0,1,0,0,0
71,88,79,4.83,14.66,32.62,1608.26,5,0,1,0,1,0,0,0,0,0,0,1,0,0,1,0,0,0
45,19,23,5.93,31.61,72.19,1073.58,5,0,1,0,1,0,0,0,0,0,0,1,0,0,1,0,0,0
118,35,137,5.09,25.85,73.68,2318.68,5,0,1,0,1,0,0,0,0,0,0,1,0,0,1,0,0,0
107,70,98,7.45,25.34,89.07,2116.43,5,0,1,0,1,0,0,0,0,0,0,1,0,0,1,0,0,0
126,80,72,7.86,12.75,71.7,1610.79,5,0,1,0,1,0,0,0,0,0,0,1,0,0,1,0,0,0
115,22,28,5.58,37.6,45.14,2432.43,5,0,1,0,1,0,0,0,0,0,0,1,0,0,1,0,0,0
42,82,59,7.99,33.73,32.07,1705.89,5,0,1,0,1,0,0,0,0,0,0,1,0,0,1,0,0,0
98,51,35,4.95,28.73,57.62,1749.19,5,0,1,0,1,0,0,0,0,0,0,1,0,0,1,0,0,0
91,90,132,7.01,39.35,36.78,2662.66,5,0,1,0,1,0,0,0,0,0,0,1,0,0,1,0,0,0
105,49,111,6.64,21.58,52.74,1255.29,5,0,1,0,1,0,0,0,0,0,0,1,0,0,1,0,0,0
117,94,57,6.3,27.37,41.77,2604.84,5,0,1,0,1,0,0,0,0,0,0,1,0,0,1,0,0,0
128,54,35,6.15,37.36,36.17,2009.91,5,0,1,0,1,0,0,0,0,0,0,1,0,0,1,0,0,0
170,81,22,5.26,23.1,32.29,1753.51,5,0,1,0,1,0,0,0,0,0,0,1,0,0,1,0,0,0
139,28,42,7.25,36.25,79.5,667.62,5,0,1,0,1,0,0,0,0,0,0,1,0,0,1,0,0,0
54,40,114,6.81,27.14,84.67,1478.09,5,0,1,0,1,0,0,0,0,0,0,1,0,0,1,0,0,0
119,46,78,5.44,12.97,87.88,600.02,5,0,1,0,1,0,0,0,0,0,0,1,0,0,1,0,0,0
42,29,31,7.95,13.25,64.61,1422.28,5,0,1,0,1,0,0,0,0,0,0,1,0,0,1,0,0,0
40,96,86,5.92,38.29,44.44,1255.38,5,0,1,0,1,0,0,0,0,0,0,1,0,0,1,0,0,0
96,65,74,7.33,23.0,88.47,1155.39,5,0,1,0,1,0,0,0,0,0,0,1,0,0,1,0,0,0
97,22,102,7.56,37.56,49.06,682.75,5,0,1,0,1,0,0,0,0,0,0,1,0,0,1,0,0,0
50,88,109,6.68,27.85,78.4,838.05,5,0,1,0,1,0,0,0,0,0,0,1,0,0,1,0,0,0
145,51,41,5.41,24.55,43.66,2271.67,5,0,1,0,1,0,0,0,0,0,0,1,0,0,1,0,0,0
74,69,93,5.64,36.63,65.01,2229.79,5,0,1,0,1,0,0,0,0,0,0,1,0,0,1,0,0,0
30,22,141,7.17,35.49,63.65,2222.27,5,0,1,0,0,1,0,0,0,0,0,1,0,0,1,0,0,0
83,90,25,5.73,34.42,32.47,2713.13,5,0,1,0,0,1,0,0,0,0,0,1,0,0,1,0,0,0
74,59,37,5.51,18.61,46.49,1452.47,5,0,1,0,0,1,0,0,0,0,0,1,0,0,1,0,0,0
53,66,83,5.55,10.61,61.17,1693.98,5,0,1,0,0,1,0,0,0,0,0,1,0,0,1,0,0,0
162,38,28,7.66,34.53,83.18,1075.62,5,0,1,0,0,1,0,0,0,0,0,1,0,0,1,0,0,0
138,88,75,5.29,36.02,67.53,885.9,5,0,1,0,0,1,0,0,0,0,0,1,0,0,1,0,0,0
65,83,107,4.83,38.01,70.37,563.69,5,0,1,0,0,1,0,0,0,0,0,1,0,0,1,0,0,0
93,38,86,8.0,18.93,61.27,2472.79,5,0,1,0,0,1,0,0,0,0,0,1,0,0,1,0,0,0
49,61,38,7.07,24.93,38.17,658.0,5,0,1,0,0,1,0,0,0,0,0,1,0,0,1,0,0,0
148,43,33,5.57,28.57,70.53,1449.64,5,0,1,0,0,1,0,0,0,0,0,1,0,0,1,0,0,0
135,60,81,5.37,31.04,69.18,525.27,5,0,1,0,0,1,0,0,0,0,0,1,0,0,1,0,0,0
177,36,62,7.67,12.73,51.83,959.69,5,0,1,0,0,1,0,0,0,0,0,1,0,0,1,0,0,0
38,21,24,6.26,11.13,64.67,1950.37,5,0,1,0,0,1,0,0,0,0,0,1,0,0,1,0,0,0
70,77,57,5.54,26.76,70.99,782.2,5,0,1,0,0,1,0,0,0,0,0,1,0,0,1,0,0,0
72,50,132,4.93,29.78,76.79,986.53,5,0,1,0,0,1,0,0,0,0,0,1,0,0,1,0,0,0
100,75,32,7.88,26.58,64.71,1417.97,5,0,1,0,0,1,0,0,0,0,0,1,0,0,1,0,0,0
116,36,141,5.97,31.68,77.09,1460.31,5,0,1,0,0,1,0,0,0,0,0,1,0,0,1,0,0,0
106,74,128,7.93,32.12,47.98,1579.5,5,0,1,0,0,1,0,0,0,0,0,1,0,0,1,0,0,0
96,57,134,5.72,24.53,65.24,1918.86,5,0,1,0,0,1,0,0,0,0,0,1,0,0,1,0,0,0
119,55,57,5.44,28.96,78.68,1710.3,5,0,1,0,0,1,0,0,0,0,0,1,0,0,1,0,0,0
157,88,130,6.39,38.74,40.83,2782.03,5,0,1,0,0,1,0,0,0,0,0,1,0,0,1,0,0,0
163,28,140,7.19,20.29,62.08,1585.73,5,0,1,0,0,1,0,0,0,0,0,1,0,0,1,0,0,0
110,30,88,6.1,12.56,72.91,453.63,5,0,1,0,0,1,0,0,0,0,0,1,0,0,1,0,0,0
156,91,114,5.65,25.07,42.13,940.39,5,0,1,0,0,1,0,0,0,0,0,1,0,0,1,0,0,0
132,97,72,6.71,35.24,33.25,2695.6,5,0,1,0,0,0,1,0,0,0,0,1,0,0,0,0,0,1
171,29,77,5.48,35.4,43.41,2429.05,5,0,1,0,0,0,1,0,0,0,0,1,0,0,0,0,0,1
149,44,57,6.22,13.52,44.37,2579.19,5,0,1,0,0,0,1,0,0,0,0,1,0,0,0,0,0,1
147,97,73,6.98,12.44,30.04,750.73,5,0,1,0,0,0,1,0,0,0,0,1,0,0,0,0,0,1
150,99,31,6.44,11.06,60.71,1465.37,5,0,1,0,0,0,1,0,0,0,0,1,0,0,0,0,0,1
64,45,117,7.34,13.91,79.72,1132.41,5,0,1,0,0,0,1,0,0,0,0,1,0,0,0,0,0,1
74,89,120,7.94,39.34,44.65,2629.99,5,0,1,0,0,0,1,0,0,0,0,1,0,0,0,0,0,1
113,57,100,5.04,30.5,44.31,1942.56,5,0,1,0,0,0,1,0,0,0,0,1,0,0,0,0,0,1
135,97,103,7.09,15.82,82.49,853.0,5,0,1,0,0,0,1,0,0,0,0,1,0,0,0,0,0,1
59,75,98,5.63,30.06,30.68,1453.95,5,0,1,0,0,0,1,0,0,0,0,1,0,0,0,0,0,1
98,92,27,7.42,15.82,64.23,1180.21,5,0,1,0,0,0,1,0,0,0,0,1,0,0,0,0,0,1
41,59,81,7.91,10.26,87.97,2490.06,5,0,1,0,0,0,1,0,0,0,0,1,0,0,0,0,0,1
139,44,87,6.03,23.38,52.12,1627.29,5,0,1,0,0,0,1,0,0,0,0,1,0,0,0,0,0,1
147,24,105,7.72,24.29,78.86,2567.44,5,0,1,0,0,0,1,0,0,0,0,1,0,0,0,0,0,1
109,88,26,6.88,23.95,31.22,2778.77,5,0,1,0,0,0,1,0,0,0,0,1,0,0,0,0,0,1
44,17,48,6.76,37.45,52.78,1622.4,5,0,1,0,0,0,1,0,0,0,0,1,0,0,0,0,0,1
125,32,111,7.79,22.39,51.63,856.2,5,0,1,0,0,0,1,0,0,0,0,1,0,0,0,0,0,1
142,37,104,7.43,35.01,76.57,1477.72,5,0,1,0,0,0,1,0,0,0,0,1,0,0,0,0,0,1
116,76,81,5.63,39.84,78.09,1112.95,5,0,1,0,0,0,1,0,0,0,0,1,0,0,0,0,0,1
170,52,109,7.02,28.48,36.15,2007.25,5,0,1,0,0,0,1,0,0,0,0,1,0,0,0,0,0,1
135,64,104,6.28,39.23,57.5,2792.28,5,0,1,0,0,0,1,0,0,0,0,1,0,0,0,0,0,1
48,78,121,5.4,17.43,85.32,2699.25,5,0,1,0,0,0,1,0,0,0,0,1,0,0,0,0,0,1
64,33,106,7.64,25.63,71.5,1491.49,5,0,1,0,0,0,1,0,0,0,0,1,0,0,0,0,0,1
87,42,136,5.86,33.37,75.13,1718.84,5,0,1,0,0,0,1,0,0,0,0,1,0,0,0,0,0,1
85,35,94,7.65,15.18,39.21,1826.61,5,0,1,0,0,0,1,0,0,0,0,1,0,0,0,0,0,1
105,20,138,5.53,32.28,72.39,1459.01,5,0,1,0,0,0,1,0,0,0,0,1,0,0,0,0,0,1
34,97,99,7.85,18.88,61.47,621.73,5,0,1,0,0,0,1,0,0,0,0,1,0,0,0,0,0,1
80,75,64,7.69,36.95,31.82,468.3,5,0,1,0,0,0,0,1,0,0,0,1,0,1,0,0,0,0
91,63,57,5.49,39.95,77.68,950.16,5,0,1,0,0,0,0,1,0,0,0,1,0,1,0,0,0,0
111,65,29,5.82,30.2,49.11,1346.04,5,0,1,0,0,0,0,1,0,0,0,1,0,1,0,0,0,0
76,54,121,6.19,14.64,60.86,1490.09,5,0,1,0,0,0,0,1,0,0,0,1,0,1,0,0,0,0
40,41,96,5.79,14.69,50.52,2744.58,5,0,1,0,0,0,0,1,0,0,0,1,0,1,0,0,0,0
36,87,128,6.42,33.67,62.32,1785.79,5,0,1,0,0,0,0,1,0,0,0,1,0,1,0,0,0,0
43,86,146,5.84,13.17,80.7,2319.77,5,0,1,0,0,0,0,1,0,0,0,1,0,1,0,0,0,0
140,81,55,8.03,36.68,60.24,2331.73,5,0,1,0,0,0,0,1,0,0,0,1,0,1,0,0,0,0
137,46,29,7.15,19.09,82.35,2678.23,5,0,1,0,0,0,0,1,0,0,0,1,0,1,0,0,0,0
51,70,113,5.76,21.53,86.55,1027.13,5,0,1,0,0,0,0,1,0,0,0,1,0,1,0,0,0,0
33,41,73,5.6,29.38,42.35,570.57,5,0,1,0,0,0,0,1,0,0,0,1,0,1,0,0,0,0
171,45,46,6.94,38.67,36.02,1898.07,5,0,1,0,0,0,0,1,0,0,0,1,0,1,0,0,0,0
57,39,23,8.12,39.06,73.44,1557.29,5,0,1,0,0,0,0,1,0,0,0,1,0,1,0,0,0,0
103,43,128,5.04,18.87,78.61,2125.91,5,0,1,0,0,0,0,1,0,0,0,1,0,1,0,0,0,0
122,77,109,6.87,11.04,40.34,1127.56,5,0,1,0,0,0,0,1,0,0,0,1,0,1,0,0,0,0
68,35,64,7.57,32.44,82.67,2517.86,5,0,1,0,0,0,0,1,0,0,0,1,0,1,0,0,0,0
156,29,140,6.28,24.24,86.41,1216.19,5,0,1,0,0,0,0,1,0,0,0,1,0,1,0,0,0,0
113,80,55,5.13,34.32,71.59,1370.63,5,0,1,0,0,0,0,1,0,0,0,1,0,1,0,0,0,0
105,66,108,8.13,36.18,58.48,1836.87,5,0,1,0,0,0,0,1,0,0,0,1,0,1,0,0,0,0
95,31,86,6.69,10.31,52.29,1080.13,5,0,1,0,0,0,0,1,0,0,0,1,0,1,0,0,0,0
59,67,48,5.3,31.84,78.76,387.58,5,0,1,0,0,0,0,1,0,0,0,1,0,1,0,0,0,0
54,22,128,6.37,33.46,88.37,1494.61,5,0,1,0,0,0,0,1,0,0,0,1,0,1,0,0,0,0
165,25,40,6.43,33.39,46.57,468.29,5,0,1,0,0,0,0,1,0,0,0,1,0,1,0,0,0,0
118,83,59,7.36,39.18,55.88,366.28,5,0,1,0,0,0,0,1,0,0,0,1,0,1,0,0,0,0
62,50,84,7.99,34.44,76.46,617.01,5,0,1,0,0,0,0,1,0,0,0,1,0,1,0,0,0,0
98,39,134,5.41,38.29,50.56,1463.19,5,0,1,0,0,0,0,1,0,0,0,1,0,1,0,0,0,0
153,49,102,7.39,29.44,58.6,1993.07,5,0,1,0,0,0,0,1,0,0,0,1,0,1,0,0,0,0
91,22,96,5.26,11.48,50.66,344.36,5,0,1,0,0,0,0,1,0,0,0,1,0,1,0,0,0,0
97,77,52,6.89,14.13,67.98,1093.22,5,0,1,0,0,0,0,1,0,0,0,1,0,1,0,0,0,0
37,32,79,6.99,22.38,33.2,731.96,5,0,1,0,0,0,0,1,0,0,0,1,0,1,0,0,0,0
151,76,50,6.33,10.96,70.55,1625.09,5,0,1,0,0,0,0,1,0,0,0,1,0,1,0,0,0,0
151,41,114,5.47,13.37,70.44,1091.09,5,0,1,0,0,0,0,1,0,0,0,1,0,1,0,0,0,0
78,49,138,8.06,18.23,37.78,1550.47,5,0,1,0,1,0,0,0,0,0,0,0,1,0,1,0,0,0
135,87,143,6.52,11.1,51.28,1557.87,5,0,1,0,1,0,0,0,0,0,0,0,1,0,1,0,0,0
102,48,104,8.03,12.57,53.86,1203.84,5,0,1,0,1,0,0,0,0,0,0,0,1,0,1,0,0,0
86,47,44,4.93,36.1,50.69,2009.38,5,0,1,0,1,0,0,0,0,0,0,0,1,0,1,0,0,0
88,74,69,4.96,24.47,86.89,1433.89,5,0,1,0,1,0,0,0,0,0,0,0,1,0,1,0,0,0
83,31,111,7.84,34.81,66.72,1097.75,5,0,1,0,1,0,0,0,0,0,0,0,1,0,1,0,0,0
94,33,45,6.76,19.33,66.62,880.11,5,0,1,0,1,0,0,0,0,0,0,0,1,0,1,0,0,0
89,17,50,7.18,37.63,60.51,1483.86,5,0,1,0,1,0,0,0,0,0,0,0,1,0,1,0,0,0
175,29,142,6.95,38.65,47.81,1684.16,5,0,1,0,1,0,0,0,0,0,0,0,1,0,1,0,0,0
114,78,128,7.17,32.9,31.87,2230.28,5,0,1,0,1,0,0,0,0,0,0,0,1,0,1,0,0,0
122,32,80,5.84,15.29,63.61,1078.13,5,0,1,0,1,0,0,0,0,0,0,0,1,0,1,0,0,0
143,31,47,5.33,19.98,41.66,1880.46,5,0,1,0,1,0,0,0,0,0,0,0,1,0,1,0,0,0
76,16,123,6.82,35.29,58.29,380.86,5,0,1,0,1,0,0,0,0,0,0,0,1,0,1,0,0,0
102,68,36,6.69,32.02,60.88,2293.35,5,0,1,0,1,0,0,0,0,0,0,0,1,0,1,0,0,0
173,38,63,7.46,39.96,41.05,2129.32,5,0,1,0,1,0,0,0,0,0,0,0,1,0,1,0,0,0
98,19,95,8.08,28.6,65.08,2401.51,5,0,1,0,0,1,0,0,0,0,0,0,1,0,1,0,0,0
144,78,146,5.65,32.88,45.07,393.16,5,0,1,0,0,1,0,0,0,0,0,0,1,0,1,0,0,0
177,90,131,6.42,18.93,67.01,311.6,5,0,1,0,0,1,0,0,0,0,0,0,1,0,1,0,0,0
176,44,28,7.85,29.5,43.85,2617.49,5,0,1,0,0,1,0,0,0,0,0,0,1,0,1,0,0,0
154,49,37,5.99,39.74,41.97,919.73,5,0,1,0,0,1,0,0,0,0,0,0,1,0,1,0,0,0
160,59,84,5.72,22.99,31.96,1512.22,5,0,1,0,0,1,0,0,0,0,0,0,1,0,1,0,0,0
174,90,37,6.57,32.94,67.88,1179.52,5,0,1,0,0,1,0,0,0,0,0,0,1,0,1,0,0,0
92,15,108,5.52,39.67,35.4,2661.15,5,0,1,0,0,1,0,0,0,0,0,0,1,0,1,0,0,0
86,76,92,8.13,17.54,83.56,1991.81,5,0,1,0,0,1,0,0,0,0,0,0,1,0,1,0,0,0
68,60,113,6.83,11.03,74.29,1291.83,5,0,1,0,0,1,0,0,0,0,0,0,1,0,1,0,0,0
86,51,64,6.78,33.28,62.33,2313.66,5,0,1,0,0,1,0,0,0,0,0,0,1,0,1,0,0,0
137,66,120,6.51,26.9,64.2,453.4,5,0,1,0,0,1,0,0,0,0,0,0,1,0,1,0,0,0
39,60,69,8.15,14.29,30.77,920.98,5,0,1,0,0,1,0,0,0,0,0,0,1,0,1,0,0,0
128,66,55,7.87,11.62,85.09,2637.34,5,0,1,0,0,1,0,0,0,0,0,0,1,0,1,0,0,0
31,32,93,7.65,31.98,67.07,2654.75,5,0,1,0,0,1,0,0,0,0,0,0,1,0,1,0,0,0
145,38,78,6.06,37.74,79.43,2692.4,5,0,1,0,0,1,0,0,0,0,0,0,1,0,1,0,0,0
63,83,111,7.76,10.89,72.3,331.92,5,0,1,0,0,1,0,0,0,0,0,0,1,0,1,0,0,0
73,45,42,5.86,17.4,60.16,1270.77,5,0,1,0,0,1,0,0,0,0,0,0,1,0,1,0,0,0
63,18,109,7.8,18.37,30.27,1434.45,5,0,1,0,0,1,0,0,0,0,0,0,1,0,1,0,0,0
155,50,126,5.42,34.47,69.85,388.03,5,0,1,0,0,1,0,0,0,0,0,0,1,0,1,0,0,0
62,87,79,5.78,34.55,50.87,1631.18,5,0,1,0,0,1,0,0,0,0,0,0,1,0,1,0,0,0
55,50,139,6.34,14.28,75.98,491.13,5,0,1,0,0,1,0,0,0,0,0,0,1,0,1,0,0,0
165,91,110,8.01,19.95,60.06,2141.1,5,0,1,0,0,1,0,0,0,0,0,0,1,0,1,0,0,0
109,65,28,8.2,27.7,83.75,986.46,5,0,1,0,0,1,0,0,0,0,0,0,1,0,1,0,0,0
93,89,98,7.22,27.51,86.15,1298.61,5,0,1,0,0,1,0,0,0,0,0,0,1,0,1,0,0,0
68,31,46,7.29,23.14,71.71,490.83,5,0,1,0,0,0,1,0,0,0,0,0,1,0,0,0,1,0
133,81,83,8.06,27.7,37.06,1636.82,5,0,1,0,0,0,1,0,0,0,0,0,1,0,0,0,1,0
105,80,138,5.24,38.5,32.46,1973.82,5,0,1,0,0,0,1,0,0,0,0,0,1,0,0,0,1,0
160,16,75,5.12,13.15,47.69,1029.19,5,0,1,0,0,0,1,0,0,0,0,0,1,0,0,0,1,0
170,53,144,5.39,23.71,69.67,624.0,5,0,1,0,0,0,1,0,0,0,0,0,1,0,0,0,1,0
82,31,85,7.09,16.04,71.9,394.33,5,0,1,0,0,0,1,0,0,0,0,0,1,0,0,0,1,0
123,42,85,5.57,11.62,57.37,1854.68,5,0,1,0,0,0,1,0,0,0,0,0,1,0,0,0,1,0
133,37,61,5.01,12.33,32.27,1407.88,5,0,1,0,0,0,1,0,0,0,0,0,1,0,0,0,1,0
152,76,48,7.26,28.08,58.4,2245.71,5,0,1,0,0,0,1,0,0,0,0,0,1,0,0,0,1,0
138,62,124,7.56,17.41,66.39,2031.61,5,0,1,0,0,0,1,0,0,0,0,0,1,0,0,0,1,0
43,18,115,6.16,32.3,77.59,358.07,5,0,1,0,0,0,1,0,0,0,0,0,1,0,0,0,1,0
46,35,49,7.18,34.82,47.68,383.91,5,0,1,0,0,0,1,0,0,0,0,0,1,0,0,0,1,0
91,81,126,5.24,14.35,76.34,1473.21,5,0,1,0,0,0,1,0,0,0,0,0,1,0,0,0,1,0
130,93,72,7.58,28.9,31.77,649.92,5,0,1,0,0,0,1,0,0,0,0,0,1,0,0,0,1,0
159,32,138,6.58,34.87,82.14,2276.27,5,0,1,0,0,0,1,0,0,0,0,0,1,0,0,0,1,0
71,28,123,7.95,37.19,72.12,1234.22,5,0,1,0,0,0,1,0,0,0,0,0,1,0,0,0,1,0
91,87,116,8.04,38.27,43.94,1298.29,5,0,1,0,0,0,1,0,0,0,0,0,1,0,0,0,1,0
90,55,145,5.21,37.14,85.61,385.4,5,0,1,0,0,0,1,0,0,0,0,0,1,0,0,0,1,0
100,45,118,7.14,16.81,76.3,2293.42,5,0,1,0,0,0,1,0,0,0,0,0,1,0,0,0,1,0
113,17,119,5.87,22.82,67.76,1999.38,5,0,1,0,0,0,1,0,0,0,0,0,1,0,0,0,1,0
132,51,44,5.23,19.49,52.66,2006.02,5,0,1,0,0,0,1,0,0,0,0,0,1,0,0,0,1,0
77,78,88,5.81,25.23,68.75,1383.61,5,0,1,0,0,0,1,0,0,0,0,0,1,0,0,0,1,0
72,38,115,6.57,39.02,36.05,1499.66,5,0,1,0,0,0,1,0,0,0,0,0,1,0,0,0,1,0
111,81,45,5.98,16.25,82.93,697.73,5,0,1,0,0,0,1,0,0,0,0,0,1,0,0,0,1,0
81,71,137,7.93,38.26,54.89,1839.07,5,0,1,0,0,0,1,0,0,0,0,0,1,0,0,0,1,0
88,67,24,7.2,18.2,60.76,1441.6,5,0,1,0,0,0,0,1,0,0,0,0,1,1,0,0,0,0
34,62,131,6.97,17.43,39.94,1612.84,5,0,1,0,0,0,0,1,0,0,0,0,1,1,0,0,0,0
173,18,107,7.29,30.57,64.9,1160.77,5,0,1,0,0,0,0,1,0,0,0,0,1,1,0,0,0,0
132,84,115,6.22,23.19,45.57,2471.36,5,0,1,0,0,0,0,1,0,0,0,0,1,1,0,0,0,0
153,85,25,7.34,25.08,60.65,1388.85,5,0,1,0,0,0,0,1,0,0,0,0,1,1,0,0,0,0
170,93,124,5.62,29.69,80.06,2556.1,5,0,1,0,0,0,0,1,0,0,0,0,1,1,0,0,0,0
61,88,117,7.13,15.47,53.39,2269.23,5,0,1,0,0,0,0,1,0,0,0,0,1,1,0,0,0,0
162,32,44,5.0,34.42,45.92,695.78,5,0,1,0,0,0,0,1,0,0,0,0,1,1,0,0,0,0
42,67,112,4.89,11.39,31.33,1151.15,5,0,1,0,0,0,0,1,0,0,0,0,1,1,0,0,0,0
157,84,40,7.25,31.32,68.55,2001.19,5,0,1,0,0,0,0,1,0,0,0,0,1,1,0,0,0,0
136,50,35,6.61,20.05,53.89,1438.66,5,0,1,0,0,0,0,1,0,0,0,0,1,1,0,0,0,0
155,49,148,8.02,32.89,44.65,2744.71,5,0,1,0,0,0,0,1,0,0,0,0,1,1,0,0,0,0
30,44,73,8.11,25.1,86.98,2557.26,5,0,1,0,0,0,0,1,0,0,0,0,1,1,0,0,0,0
100,33,111,7.14,35.23,48.06,2575.56,5,0,1,0,0,0,0,1,0,0,0,0,1,1,0,0,0,0
141,38,88,7.83,37.23,48.37,2457.13,5,0,1,0,0,0,0,1,0,0,0,0,1,1,0,0,0,0
119,82,105,5.58,16.3,53.18,1185.67,5,0,1,0,0,0,0,1,0,0,0,0,1,1,0,0,0,0
77,49,132,6.73,34.68,66.08,902.83,5,0,1,0,0,0,0,1,0,0,0,0,1,1,0,0,0,0
173,66,54,5.79,12.03,64.09,1176.1,5,0,1,0,0,0,0,1,0,0,0,0,1,1,0,0,0,0
79,89,50,5.98,25.34,75.14,483.8,5,0,1,0,0,0,0,1,0,0,0,0,1,1,0,0,0,0
141,47,146,7.04,15.77,34.91,1974.15,5,0,1,0,0,0,0,1,0,0,0,0,1,1,0,0,0,0
124,98,61,6.81,13.8,81.45,1716.65,5,0,1,0,0,0,0,1,0,0,0,0,1,1,0,0,0,0
103,83,50,5.04,37.61,62.2,820.83,5,0,1,0,0,0,0,1,0,0,0,0,1,1,0,0,0,0
73,76,147,6.93,36.83,82.79,1146.71,5,0,1,0,0,0,0,1,0,0,0,0,1,1,0,0,0,0
178,48,144,5.35,24.37,59.0,1259.33,5,0,1,0,0,0,0,1,0,0,0,0,1,1,0,0,0,0
99,35,40,6.66,11.23,48.46,1940.64,5,0,0,1,1,0,0,0,1,0,0,0,0,0,1,0,0,0
33,71,56,6.44,35.67,51.01,2546.49,5,0,0,1,1,0,0,0,1,0,0,0,0,0,1,0,0,0
80,40,78,6.15,32.48,31.76,1883.98,5,0,0,1,1,0,0,0,1,0,0,0,0,0,1,0,0,0
141,56,89,4.94,29.58,64.54,1725.05,5,0,0,1,1,0,0,0,1,0,0,0,0,0,1,0,0,0
151,39,96,6.0,27.53,84.58,1881.21,5,0,0,1,1,0,0,0,1,0,0,0,0,0,1,0,0,0
90,79,85,7.32,17.48,34.93,2170.63,5,0,0,1,1,0,0,0,1,0,0,0,0,0,1,0,0,0
143,50,37,6.42,32.4,85.4,2563.17,5,0,0,1,1,0,0,0,1,0,0,0,0,0,1,0,0,0
105,94,66,7.29,25.01,70.09,1941.13,5,0,0,1,1,0,0,0,1,0,0,0,0,0,1,0,0,0
93,80,47,4.85,23.5,70.64,491.47,5,0,0,1,1,0,0,0,1,0,0,0,0,0,1,0,0,0
83,80,93,8.07,25.29,54.38,564.19,5,0,0,1,1,0,0,0,1,0,0,0,0,0,1,0,0,0
104,99,119,7.48,11.2,64.46,1586.21,5,0,0,1,1,0,0,0,1,0,0,0,0,0,1,0,0,0
115,50,45,7.05,25.64,71.61,1459.64,5,0,0,1,1,0,0,0,1,0,0,0,0,0,1,0,0,0
157,94,25,7.82,22.67,42.64,1133.52,5,0,0,1,1,0,0,0,1,0,0,0,0,0,1,0,0,0
64,81,144,7.96,24.53,66.74,2337.25,5,0,0,1,1,0,0,0,1,0,0,0,0,0,1,0,0,0
108,68,128,7.1,35.13,60.27,2558.25,5,0,0,1,1,0,0,0,1,0,0,0,0,0,1,0,0,0
64,49,106,7.27,16.28,76.54,2017.22,5,0,0,1,1,0,0,0,1,0,0,0,0,0,1,0,0,0
67,33,52,6.88,30.34,67.79,1991.72,5,0,0,1,1,0,0,0,1,0,0,0,0,0,1,0,0,0
175,44,108,5.44,23.93,35.07,1666.56,5,0,0,1,1,0,0,0,1,0,0,0,0,0,1,0,0,0
174,20,134,5.92,11.6,87.73,1417.56,5,0,0,1,1,0,0,0,1,0,0,0,0,0,1,0,0,0
164,84,146,5.36,29.6,34.19,1615.62,5,0,0,1,1,0,0,0,1,0,0,0,0,0,1,0,0,0
132,96,91,5.75,17.27,75.95,1143.3,5,0,0,1,1,0,0,0,1,0,0,0,0,0,1,0,0,0
125,74,86,7.84,27.44,84.7,579.8,5,0,0,1,1,0,0,0,1,0,0,0,0,0,1,0,0,0
162,62,41,6.48,17.9,38.02,1237.67,5,0,0,1,1,0,0,0,1,0,0,0,0,0,1,0,0,0
156,47,56,6.19,18.45,68.34,2112.26,5,0,0,1,1,0,0,0,1,0,0,0,0,0,1,0,0,0
87,99,146,6.7,11.37,44.03,1103.17,5,0,0,1,1,0,0,0,1,0,0,0,0,0,1,0,0,0
148,94,58,7.45,27.44,86.01,1125.0,5,0,0,1,1,0,0,0,1,0,0,0,0,0,1,0,0,0
122,90,75,6.31,14.34,48.44,2639.7,5,0,0,1,1,0,0,0,1,0,0,0,0,0,1,0,0,0
97,50,122,8.02,38.5,55.73,1642.16,5,0,0,1,1,0,0,0,1,0,0,0,0,0,1,0,0,0
39,39,60,6.76,34.99,48.53,743.99,5,0,0,1,1,0,0,0,1,0,0,0,0,0,1,0,0,0
90,90,34,7.39,16.49,44.52,1169.68,5,0,0,1,0,1,0,0,1,0,0,0,0,1,0,0,0,0
74,48,37,7.32,33.43,53.46,879.3,5,0,0,1,0,1,0,0,1,0,0,0,0,1,0,0,0,0
45,52,32,5.17,26.29,78.88,2202.14,5,0,0,1,0,1,0,0,1,0,0,0,0,1,0,0,0,0
36,51,102,5.43,26.54,67.11,824.68,5,0,0,1,0,1,0,0,1,0,0,0,0,1,0,0,0,0
83,23,81,5.68,30.52,75.11,1024.93,5,0,0,1,0,1,0,0,1,0,0,0,0,1,0,0,0,0
103,63,87,7.55,29.05,53.29,459.21,5,0,0,1,0,1,0,0,1,0,0,0,0,1,0,0,0,0
37,31,128,7.47,26.59,73.29,2109.95,5,0,0,1,0,1,0,0,1,0,0,0,0,1,0,0,0,0
176,81,71,5.23,35.1,89.05,2253.65,5,0,0,1,0,1,0,0,1,0,0,0,0,1,0,0,0,0
125,67,120,7.69,23.86,51.02,2607.24,5,0,0,1,0,1,0,0,1,0,0,0,0,1,0,0,0,0
69,87,42,8.17,21.72,48.91,916.55,5,0,0,1,0,1,0,0,1,0,0,0,0,1,0,0,0,0
81,20,68,4.85,16.5,37.3,1055.51,5,0,0,1,0,1,0,0,1,0,0,0,0,1,0,0,0,0
104,45,30,5.88,32.13,89.44,1837.87,5,0,0,1,0,1,0,0,1,0,0,0,0,1,0,0,0,0
146,33,69,8.11,22.69,41.26,2223.71,5,0,0,1,0,1,0,0,1,0,0,0,0,1,0,0,0,0
149,89,61,5.12,30.94,85.64,2040.71,5,0,0,1,0,1,0,0,1,0,0,0,0,1,0,0,0,0
71,15,113,5.35,22.25,39.09,2511.09,5,0,0,1,0,1,0,0,1,0,0,0,0,1,0,0,0,0
151,25,61,6.92,22.14,86.72,2783.65,5,0,0,1,0,1,0,0,1,0,0,0,0,1,0,0,0,0
159,63,74,7.56,15.58,62.23,1509.7,5,0,0,1,0,1,0,0,1,0,0,0,0,1,0,0,0,0
49,71,78,5.12,29.26,49.52,1732.04,5,0,0,1,0,1,0,0,1,0,0,0,0,1,0,0,0,0
54,84,95,6.63,37.43,66.66,1536.47,5,0,0,1,0,1,0,0,1,0,0,0,0,1,0,0,0,0
117,89,34,6.14,28.25,81.81,2297.25,5,0,0,1,0,1,0,0,1,0,0,0,0,1,0,0,0,0
41,68,123,7.84,17.75,57.48,683.58,5,0,0,1,0,1,0,0,1,0,0,0,0,1,0,0,0,0
153,33,101,6.13,14.3,58.54,2188.02,5,0,0,1,0,0,1,0,1,0,0,0,0,0,0,0,0,1
144,19,100,7.93,37.6,48.81,2065.81,5,0,0,1,0,0,1,0,1,0,0,0,0,0,0,0,0,1
107,76,83,5.64,16.27,81.29,2270.18,5,0,0,1,0,0,1,0,1,0,0,0,0,0,0,0,0,1
124,37,69,6.1,10.2,60.17,2422.27,5,0,0,1,0,0,1,0,1,0,0,0,0,0,0,0,0,1
40,48,102,6.36,22.94,78.2,440.73,5,0,0,1,0,0,1,0,1,0,0,0,0,0,0,0,0,1
137,90,44,7.7,12.31,51.61,654.55,5,0,0,1,0,0,1,0,1,0,0,0,0,0,0,0,0,1
49,50,56,5.0,35.6,33.4,1011.99,5,0,0,1,0,0,1,0,1,0,0,0,0,0,0,0,0,1
153,64,55,6.77,26.21,83.66,806.71,5,0,0,1,0,0,1,0,1,0,0,0,0,0,0,0,0,1
127,69,122,5.3,14.2,63.58,2492.36,5,0,0,1,0,0,1,0,1,0,0,0,0,0,0,0,0,1
112,33,106,7.99,39.45,77.58,2064.22,5,0,0,1,0,0,1,0,1,0,0,0,0,0,0,0,0,1
125,48,102,5.66,20.94,31.32,2064.57,5,0,0,1,0,0,1,0,1,0,0,0,0,0,0,0,0,1
131,41,90,4.91,21.41,82.71,1569.39,5,0,0,1,0,0,1,0,1,0,0,0,0,0,0,0,0,1
104,15,46,5.36,33.28,59.48,2230.53,5,0,0,1,0,0,1,0,1,0,0,0,0,0,0,0,0,1
75,26,94,5.99,25.26,75.8,1282.9,5,0,0,1,0,0,1,0,1,0,0,0,0,0,0,0,0,1
86,96,59,4.82,13.2,42.57,2332.81,5,0,0,1,0,0,1,0,1,0,0,0,0,0,0,0,0,1
135,26,86,7.2,26.94,89.89,2703.0,5,0,0,1,0,0,1,0,1,0,0,0,0,0,0,0,0,1
144,63,83,7.03,20.94,89.25,364.89,5,0,0,1,0,0,1,0,1,0,0,0,0,0,0,0,0,1
177,83,115,7.72,19.23,86.83,328.68,5,0,0,1,0,0,1,0,1,0,0,0,0,0,0,0,0,1
98,25,118,7.91,38.25,51.49,2505.03,5,0,0,1,0,0,1,0,1,0,0,0,0,0,0,0,0,1
139,60,132,5.78,22.64,44.29,1479.22,5,0,0,1,0,0,1,0,1,0,0,0,0,0,0,0,0,1
136,64,121,5.22,22.53,46.14,2644.19,5,0,0,1,0,0,1,0,1,0,0,0,0,0,0,0,0,1
100,19,41,7.95,20.38,89.97,1502.4,5,0,0,1,0,0,1,0,1,0,0,0,0,0,0,0,0,1
99,91,71,5.96,31.95,84.53,969.83,5,0,0,1,0,0,1,0,1,0,0,0,0,0,0,0,0,1
101,34,42,5.84,22.74,46.27,483.47,5,0,0,1,0,0,0,1,1,0,0,0,0,1,0,0,0,0
168,35,80,4.81,31.59,66.31,2032.83,5,0,0,1,0,0,0,1,1,0,0,0,0,1,0,0,0,0
168,85,92,7.65,21.97,78.69,990.5,5,0,0,1,0,0,0,1,1,0,0,0,0,1,0,0,0,0
104,21,66,7.89,22.9,78.99,1652.61,5,0,0,1,0,0,0,1,1,0,0,0,0,1,0,0,0,0
156,87,72,7.0,17.36,67.7,657.37,5,0,0,1,0,0,0,1,1,0,0,0,0,1,0,0,0,0
41,24,40,5.9,27.33,62.44,386.46,5,0,0,1,0,0,0,1,1,0,0,0,0,1,0,0,0,0
96,45,77,5.75,22.98,46.45,1746.62,5,0,0,1,0,0,0,1,1,0,0,0,0,1,0,0,0,0
124,85,147,7.46,39.65,56.57,1992.62,5,0,0,1,0,0,0,1,1,0,0,0,0,1,0,0,0,0
147,68,89,6.4,23.04,56.92,2109.64,5,0,0,1,0,0,0,1,1,0,0,0,0,1,0,0,0,0
148,76,100,7.66,34.99,64.09,761.41,5,0,0,1,0,0,0,1,1,0,0,0,0,1,0,0,0,0
75,41,107,4.87,29.17,50.59,2496.81,5,0,0,1,0,0,0,1,1,0,0,0,0,1,0,0,0,0
68,20,121,5.26,22.5,87.87,325.23,5,0,0,1,0,0,0,1,1,0,0,0,0,1,0,0,0,0
36,47,115,7.83,16.79,58.63,2706.55,5,0,0,1,0,0,0,1,1,0,0,0,0,1,0,0,0,0
69,30,99,8.14,22.21,33.35,1219.12,5,0,0,1,0,0,0,1,1,0,0,0,0,1,0,0,0,0
160,37,57,6.76,25.32,72.37,1482.86,5,0,0,1,0,0,0,1,1,0,0,0,0,1,0,0,0,0
153,30,134,6.96,27.42,74.75,804.3,5,0,0,1,0,0,0,1,1,0,0,0,0,1,0,0,0,0
172,61,96,6.05,35.06,84.76,1423.06,5,0,0,1,0,0,0,1,1,0,0,0,0,1,0,0,0,0
57,59,30,6.72,31.57,51.01,1808.61,5,0,0,1,0,0,0,1,1,0,0,0,0,1,0,0,0,0
122,62,78,4.99,33.04,33.32,1782.42,5,0,0,1,0,0,0,1,1,0,0,0,0,1,0,0,0,0
83,35,132,5.34,11.48,56.24,1701.23,5,0,0,1,0,0,0,1,1,0,0,0,0,1,0,0,0,0
44,82,123,7.11,30.42,40.03,1841.1,5,0,0,1,0,0,0,1,1,0,0,0,0,1,0,0,0,0
146,57,123,7.78,33.7,59.3,671.71,5,0,0,1,0,0,0,1,1,0,0,0,0,1,0,0,0,0
130,62,116,7.7,25.21,43.41,2676.44,5,0,0,1,0,0,0,1,1,0,0,0,0,1,0,0,0,0
158,97,138,7.67,20.07,37.18,1454.36,5,0,0,1,0,0,0,1,1,0,0,0,0,1,0,0,0,0
63,42,139,5.52,22.25,41.75,1396.84,5,0,0,1,0,0,0,1,1,0,0,0,0,1,0,0,0,0
121,69,82,7.35,32.58,79.98,2527.05,5,0,0,1,0,0,0,1,1,0,0,0,0,1,0,0,0,0
68,85,49,6.64,27.24,67.98,2465.29,5,0,0,1,0,0,0,1,1,0,0,0,0,1,0,0,0,0
75,58,26,7.29,16.78,52.89,970.05,5,0,0,1,0,0,0,1,1,0,0,0,0,1,0,0,0,0
118,58,140,7.85,15.53,41.67,745.98,5,0,0,1,0,0,0,1,1,0,0,0,0,1,0,0,0,0
176,33,108,5.69,33.2,44.86,763.08,5,0,0,1,0,0,0,1,1,0,0,0,0,1,0,0,0,0
59,72,119,5.84,12.29,77.79,783.03,5,0,0,1,0,0,0,1,1,0,0,0,0,1,0,0,0,0
45,97,40,7.38,28.28,32.8,510.86,5,0,0,1,0,0,0,1,1,0,0,0,0,1,0,0,0,0
61,74,75,6.9,33.32,36.79,1897.78,5,0,0,1,1,0,0,0,0,1,0,0,0,1,0,0,0,0
42,91,55,7.71,39.44,34.62,975.08,5,0,0,1,1,0,0,0,0,1,0,0,0,1,0,0,0,0
73,68,119,5.38,17.29,41.06,768.41,5,0,0,1,1,0,0,0,0,1,0,0,0,1,0,0,0,0
134,82,148,6.1,14.34,68.58,986.9,5,0,0,1,1,0,0,0,0,1,0,0,0,1,0,0,0,0
56,93,95,7.0,19.9,70.11,1057.77,5,0,0,1,1,0,0,0,0,1,0,0,0,1,0,0,0,0
124,29,85,7.32,34.44,59.71,834.79,5,0,0,1,1,0,0,0,0,1,0,0,0,1,0,0,0,0
113,30,113,5.29,20.57,51.79,1950.71,5,0,0,1,1,0,0,0,0,1,0,0,0,1,0,0,0,0
161,26,118,6.82,16.7,86.83,670.9,5,0,0,1,1,0,0,0,0,1,0,0,0,1,0,0,0,0
123,23,68,6.64,36.85,74.59,850.86,5,0,0,1,1,0,0,0,0,1,0,0,0,1,0,0,0,0
156,91,106,8.08,11.19,50.93,1374.87,5,0,0,1,1,0,0,0,0,1,0,0,0,1,0,0,0,0
156,40,122,6.99,23.56,84.46,1210.18,5,0,0,1,1,0,0,0,0,1,0,0,0,1,0,0,0,0
99,18,34,6.31,20.08,38.31,414.34,5,0,0,1,1,0,0,0,0,1,0,0,0,1,0,0,0,0
110,35,105,5.1,21.11,41.21,2195.68,5,0,0,1,1,0,0,0,0,1,0,0,0,1,0,0,0,0
51,95,50,4.96,14.71,42.54,2425.4,5,0,0,1,1,0,0,0,0,1,0,0,0,1,0,0,0,0
42,35,134,6.58,12.21,49.24,1122.21,5,0,0,1,1,0,0,0,0,1,0,0,0,1,0,0,0,0
81,52,129,6.13,27.8,84.67,510.04,5,0,0,1,1,0,0,0,0,1,0,0,0,1,0,0,0,0
81,96,82,5.6,36.28,72.31,1758.16,5,0,0,1,1,0,0,0,0,1,0,0,0,1,0,0,0,0
93,49,22,4.85,13.52,67.49,1363.61,5,0,0,1,1,0,0,0,0,1,0,0,0,1,0,0,0,0
163,85,44,7.39,31.94,85.4,1195.02,5,0,0,1,1,0,0,0,0,1,0,0,0,1,0,0,0,0
86,17,49,6.2,32.24,54.97,1706.91,5,0,0,1,1,0,0,0,0,1,0,0,0,1,0,0,0,0
106,99,122,6.23,20.05,79.32,2226.09,5,0,0,1,1,0,0,0,0,1,0,0,0,1,0,0,0,0
85,39,50,5.73,10.29,62.62,2083.24,5,0,0,1,1,0,0,0,0,1,0,0,0,1,0,0,0,0
124,27,33,5.17,25.04,81.01,1886.08,5,0,0,1,1,0,0,0,0,1,0,0,0,1,0,0,0,0
171,61,46,7.44,37.8,33.48,2167.97,5,0,0,1,1,0,0,0,0,1,0,0,0,1,0,0,0,0
150,33,20,4.92,16.2,89.11,436.86,5,0,0,1,0,1,0,0,0,1,0,0,0,1,0,0,0,0
56,81,103,7.61,38.74,61.11,1959.72,5,0,0,1,0,1,0,0,0,1,0,0,0,1,0,0,0,0
121,42,132,7.62,20.27,44.8,2752.14,5,0,0,1,0,1,0,0,0,1,0,0,0,1,0,0,0,0
107,50,128,6.88,15.56,55.24,406.79,5,0,0,1,0,1,0,0,0,1,0,0,0,1,0,0,0,0
172,93,89,7.7,27.78,49.02,1277.7,5,0,0,1,0,1,0,0,0,1,0,0,0,1,0,0,0,0
164,34,127,5.19,15.33,63.26,800.66,5,0,0,1,0,1,0,0,0,1,0,0,0,1,0,0,0,0
74,17,74,5.36,30.4,64.21,2371.7,5,0,0,1,0,1,0,0,0,1,0,0,0,1,0,0,0,0
88,61,96,6.29,17.98,34.52,1622.61,5,0,0,1,0,1,0,0,0,1,0,0,0,1,0,0,0,0
98,77,111,7.98,35.67,88.17,1726.26,5,0,0,1,0,1,0,0,0,1,0,0,0,1,0,0,0,0
116,65,138,6.4,39.61,38.65,2357.19,5,0,0,1,0,1,0,0,0,1,0,0,0,1,0,0,0,0
137,36,51,5.34,17.02,50.61,2101.78,5,0,0,1,0,1,0,0,0,1,0,0,0,1,0,0,0,0
60,50,31,5.33,27.75,52.22,2161.79,5,0,0,1,0,1,0,0,0,1,0,0,0,1,0,0,0,0
101,28,135,7.6,29.63,30.22,447.07,5,0,0,1,0,1,0,0,0,1,0,0,0,1,0,0,0,0
82,71,54,7.14,35.06,64.37,2361.07,5,0,0,1,0,1,0,0,0,1,0,0,0,1,0,0,0,0
128,55,61,8.14,22.28,38.08,1264.78,5,0,0,1,0,1,0,0,0,1,0,0,0,1,0,0,0,0
132,17,141,7.97,35.32,79.48,925.06,5,0,0,1,0,1,0,0,0,1,0,0,0,1,0,0,0,0
78,96,111,7.63,11.77,53.02,316.9,5,0,0,1,0,1,0,0,0,1,0,0,0,1,0,0,0,0
102,27,116,5.62,26.53,35.65,2070.54,5,0,0,1,0,1,0,0,0,1,0,0,0,1,0,0,0,0
43,76,128,6.44,26.47,38.66,1820.95,5,0,0,1,0,1,0,0,0,1,0,0,0,1,0,0,0,0
125,20,136,6.53,27.01,31.39,1120.61,5,0,0,1,0,1,0,0,0,1,0,0,0,1,0,0,0,0
109,60,56,5.15,34.26,55.34,1047.31,5,0,0,1,0,1,0,0,0,1,0,0,0,1,0,0,0,0
39,83,141,6.25,12.55,47.37,1438.41,5,0,0,1,0,1,0,0,0,1,0,0,0,1,0,0,0,0
91,16,92,7.69,30.95,33.88,1373.11,5,0,0,1,0,1,0,0,0,1,0,0,0,1,0,0,0,0
167,49,91,6.47,12.8,84.95,597.01,5,0,0,1,0,1,0,0,0,1,0,0,0,1,0,0,0,0
77,32,70,5.88,20.59,61.91,2716.31,5,0,0,1,0,1,0,0,0,1,0,0,0,1,0,0,0,0
55,62,63,5.69,31.05,73.06,1430.26,5,0,0,1,0,1,0,0,0,1,0,0,0,1,0,0,0,0
44,31,95,6.66,16.03,31.0,609.18,5,0,0,1,0,1,0,0,0,1,0,0,0,1,0,0,0,0
45,23,51,5.43,34.53,30.09,2001.32,5,0,0,1,0,1,0,0,0,1,0,0,0,1,0,0,0,0
93,59,113,7.05,18.88,83.73,628.7,5,0,0,1,0,1,0,0,0,1,0,0,0,1,0,0,0,0
172,21,113,5.33,12.01,41.43,681.67,5,0,0,1,0,1,0,0,0,1,0,0,0,1,0,0,0,0
147,99,75,5.2,32.29,51.37,2177.49,5,0,0,1,0,1,0,0,0,1,0,0,0,1,0,0,0,0
67,32,111,6.65,23.93,77.84,1427.84,5,0,0,1,0,1,0,0,0,1,0,0,0,1,0,0,0,0
76,91,68,7.04,26.85,69.04,1786.32,5,0,0,1,0,1,0,0,0,1,0,0,0,1,0,0,0,0
47,98,115,5.5,11.67,81.14,962.35,5,0,0,1,0,0,1,0,0,1,0,0,0,0,0,0,0,1
145,76,109,5.4,14.07,62.38,2109.34,5,0,0,1,0,0,1,0,0,1,0,0,0,0,0,0,0,1
87,87,26,6.71,27.14,34.61,760.61,5,0,0,1,0,0,1,0,0,1,0,0,0,0,0,0,0,1
125,65,65,7.63,25.61,68.09,886.79,5,0,0,1,0,0,1,0,0,1,0,0,0,0,0,0,0,1
109,79,69,6.85,24.64,47.96,2383.12,5,0,0,1,0,0,1,0,0,1,0,0,0,0,0,0,0,1
32,26,107,7.5,24.33,85.36,1955.73,5,0,0,1,0,0,1,0,0,1,0,0,0,0,0,0,0,1
178,71,128,7.45,15.03,65.91,1717.64,5,0,0,1,0,0,1,0,0,1,0,0,0,0,0,0,0,1
178,93,111,7.51,39.32,39.04,658.12,5,0,0,1,0,0,1,0,0,1,0,0,0,0,0,0,0,1
126,16,98,5.92,24.69,35.57,1448.62,5,0,0,1,0,0,1,0,0,1,0,0,0,0,0,0,0,1
49,35,103,7.01,37.61,50.38,1470.88,5,0,0,1,0,0,1,0,0,1,0,0,0,0,0,0,0,1
113,55,51,5.47,34.64,66.96,496.13,5,0,0,1,0,0,1,0,0,1,0,0,0,0,0,0,0,1
167,58,96,7.23,36.96,58.75,1780.58,5,0,0,1,0,0,1,0,0,1,0,0,0,0,0,0,0,1
162,98,65,6.16,33.8,59.32,740.47,5,0,0,1,0,0,1,0,0,1,0,0,0,0,0,0,0,1
176,45,91,5.57,23.3,39.39,2739.05,5,0,0,1,0,0,1,0,0,1,0,0,0,0,0,0,0,1
135,96,43,7.19,31.19,52.71,550.36,5,0,0,1,0,0,1,0,0,1,0,0,0,0,0,0,0,1
80,18,41,7.26,25.03,49.33,2168.7,5,0,0,1,0,0,1,0,0,1,0,0,0,0,0,0,0,1
160,23,76,7.96,26.5,62.0,359.36,5,0,0,1,0,0,1,0,0,1,0,0,0,0,0,0,0,1
49,75,46,5.8,27.41,59.14,2407.67,5,0,0,1,0,0,1,0,0,1,0,0,0,0,0,0,0,1
108,25,134,7.38,16.72,44.99,729.5,5,0,0,1,0,0,1,0,0,1,0,0,0,0,0,0,0,1
113,53,92,5.69,39.44,35.42,996.76,5,0,0,1,0,0,1,0,0,1,0,0,0,0,0,0,0,1
147,95,54,5.01,36.46,74.03,2500.79,5,0,0,1,0,0,1,0,0,1,0,0,0,0,0,0,0,1
92,17,36,5.19,28.3,42.43,1406.37,5,0,0,1,0,0,1,0,0,1,0,0,0,0,0,0,0,1
130,36,51,5.15,19.77,41.1,1236.87,5,0,0,1,0,0,1,0,0,1,0,0,0,0,0,0,0,1
39,86,124,6.83,25.99,42.52,990.91,5,0,0,1,0,0,1,0,0,1,0,0,0,0,0,0,0,1
158,24,95,6.01,24.35,62.77,784.75,5,0,0,1,0,0,1,0,0,1,0,0,0,0,0,0,0,1
35,18,139,6.07,28.46,37.94,557.55,5,0,0,1,0,0,1,0,0,1,0,0,0,0,0,0,0,1
60,88,120,5.02,27.83,72.52,886.58,5,0,0,1,0,0,1,0,0,1,0,0,0,0,0,0,0,1
66,96,46,7.71,22.25,85.15,373.21,5,0,0,1,0,0,1,0,0,1,0,0,0,0,0,0,0,1
118,47,94,7.97,16.68,56.49,2230.35,5,0,0,1,0,0,1,0,0,1,0,0,0,0,0,0,0,1
169,49,77,5.41,23.42,67.2,880.44,5,0,0,1,0,0,1,0,0,1,0,0,0,0,0,0,0,1
56,96,147,7.64,17.68,69.36,1866.25,5,0,0,1,0,0,1,0,0,1,0,0,0,0,0,0,0,1
125,64,102,5.62,26.56,42.39,2531.42,5,0,0,1,0,0,1,0,0,1,0,0,0,0,0,0,0,1
131,68,133,6.03,25.1,31.96,559.53,5,0,0,1,0,0,1,0,0,1,0,0,0,0,0,0,0,1
92,56,125,5.84,20.33,51.89,2353.11,5,0,0,1,0,0,1,0,0,1,0,0,0,0,0,0,0,1
146,90,91,6.25,10.54,41.95,1744.64,5,0,0,1,0,0,1,0,0,1,0,0,0,0,0,0,0,1
118,19,110,7.11,26.3,40.32,2263.65,5,0,0,1,0,0,0,1,0,1,0,0,0,1,0,0,0,0
155,24,70,6.25,31.32,44.25,1680.41,5,0,0,1,0,0,0,1,0,1,0,0,0,1,0,0,0,0
59,24,20,8.15,19.79,45.69,1755.22,5,0,0,1,0,0,0,1,0,1,0,0,0,1,0,0,0,0
68,82,120,4.85,20.29,75.79,1336.7,5,0,0,1,0,0,0,1,0,1,0,0,0,1,0,0,0,0
138,71,55,5.13,32.71,55.31,646.93,5,0,0,1,0,0,0,1,0,1,0,0,0,1,0,0,0,0
54,89,23,5.2,19.31,58.32,1925.15,5,0,0,1,0,0,0,1,0,1,0,0,0,1,0,0,0,0
50,23,119,8.14,27.66,77.64,2488.83,5,0,0,1,0,0,0,1,0,1,0,0,0,1,0,0,0,0
122,67,72,6.97,18.03,43.86,2317.96,5,0,0,1,0,0,0,1,0,1,0,0,0,1,0,0,0,0
154,15,130,6.47,21.93,59.4,2795.4,5,0,0,1,0,0,0,1,0,1,0,0,0,1,0,0,0,0
103,73,79,8.02,26.43,45.62,1873.1,5,0,0,1,0,0,0,1,0,1,0,0,0,1,0,0,0,0
128,80,91,4.96,13.58,65.09,1471.08,5,0,0,1,0,0,0,1,0,1,0,0,0,1,0,0,0,0
140,83,34,5.76,33.77,36.67,2135.73,5,0,0,1,0,0,0,1,0,1,0,0,0,1,0,0,0,0
157,54,122,6.24,10.48,64.93,1129.23,5,0,0,1,0,0,0,1,0,1,0,0,0,1,0,0,0,0
57,35,76,6.18,33.42,73.93,2416.9,5,0,0,1,0,0,0,1,0,1,0,0,0,1,0,0,0,0
178,56,119,5.23,16.19,88.28,734.56,5,0,0,1,0,0,0,1,0,1,0,0,0,1,0,0,0,0
110,66,67,4.97,10.33,43.26,1367.9,5,0,0,1,0,0,0,1,0,1,0,0,0,1,0,0,0,0
49,98,130,5.0,24.97,39.9,1032.58,5,0,0,1,0,0,0,1,0,1,0,0,0,1,0,0,0,0
36,82,75,5.14,22.29,53.87,1760.06,5,0,0,1,0,0,0,1,0,1,0,0,0,1,0,0,0,0
43,46,51,6.03,13.11,80.15,669.3,5,0,0,1,0,0,0,1,0,1,0,0,0,1,0,0,0,0
173,15,114,5.8,25.79,76.67,2258.36,5,0,0,1,0,0,0,1,0,1,0,0,0,1,0,0,0,0
53,97,138,6.54,22.36,53.04,1950.51,5,0,0,1,0,0,0,1,0,1,0,0,0,1,0,0,0,0
141,72,82,8.09,16.58,49.6,1971.75,5,0,0,1,0,0,0,1,0,1,0,0,0,1,0,0,0,0
89,47,106,8.05,21.91,70.36,2198.38,5,0,0,1,0,0,0,1,0,1,0,0,0,1,0,0,0,0
34,20,57,7.96,12.85,74.15,789.76,5,0,0,1,0,0,0,1,0,1,0,0,0,1,0,0,0,0
33,59,70,5.91,26.35,57.66,2334.31,5,0,0,1,1,0,0,0,0,0,1,0,0,1,0,0,0,0
121,74,100,7.52,35.82,41.97,1279.8,5,0,0,1,1,0,0,0,0,0,1,0,0,1,0,0,0,0
113,38,68,7.12,19.85,60.53,367.68,5,0,0,1,1,0,0,0,0,0,1,0,0,1,0,0,0,0
121,67,26,7.53,33.97,47.54,2777.2,5,0,0,1,1,0,0,0,0,0,1,0,0,1,0,0,0,0
89,88,37,5.57,12.95,73.45,1786.02,5,0,0,1,1,0,0,0,0,0,1,0,0,1,0,0,0,0
165,55,110,7.87,19.19,77.55,2205.31,5,0,0,1,1,0,0,0,0,0,1,0,0,1,0,0,0,0
112,91,54,6.38,12.68,77.32,813.69,5,0,0,1,1,0,0,0,0,0,1,0,0,1,0,0,0,0
119,34,53,7.72,35.43,54.42,1937.7,5,0,0,1,1,0,0,0,0,0,1,0,0,1,0,0,0,0
175,90,107,6.2,27.19,46.89,792.36,5,0,0,1,1,0,0,0,0,0,1,0,0,1,0,0,0,0
117,92,73,6.02,26.51,63.34,2383.98,5,0,0,1,1,0,0,0,0,0,1,0,0,1,0,0,0,0
158,82,140,6.49,15.56,89.96,1589.19,5,0,0,1,1,0,0,0,0,0,1,0,0,1,0,0,0,0
155,80,75,6.91,11.99,44.58,361.8,5,0,0,1,1,0,0,0,0,0,1,0,0,1,0,0,0,0
158,54,105,6.77,18.08,34.87,2452.12,5,0,0,1,1,0,0,0,0,0,1,0,0,1,0,0,0,0
35,77,136,7.54,18.86,79.69,1124.0,5,0,0,1,1,0,0,0,0,0,1,0,0,1,0,0,0,0
105,48,36,6.74,39.46,71.87,2042.99,5,0,0,1,1,0,0,0,0,0,1,0,0,1,0,0,0,0
176,76,109,6.59,12.8,59.11,1774.81,5,0,0,1,1,0,0,0,0,0,1,0,0,1,0,0,0,0
128,74,50,7.12,33.97,36.6,2565.36,5,0,0,1,1,0,0,0,0,0,1,0,0,1,0,0,0,0
108,57,118,6.43,27.69,62.5,819.49,5,0,0,1,1,0,0,0,0,0,1,0,0,1,0,0,0,0
100,21,47,5.22,11.15,48.2,2204.17,5,0,0,1,1,0,0,0,0,0,1,0,0,1,0,0,0,0
149,19,29,7.49,39.14,43.83,1241.51,5,0,0,1,1,0,0,0,0,0,1,0,0,1,0,0,0,0
54,29,75,5.54,38.75,89.2,2161.47,5,0,0,1,1,0,0,0,0,0,1,0,0,1,0,0,0,0
102,79,136,5.64,15.68,87.71,574.04,5,0,0,1,1,0,0,0,0,0,1,0,0,1,0,0,0,0
85,79,24,7.71,31.97,30.48,1247.45,5,0,0,1,1,0,0,0,0,0,1,0,0,1,0,0,0,0
142,27,91,4.8,27.71,57.21,670.19,5,0,0,1,1,0,0,0,0,0,1,0,0,1,0,0,0,0
46,89,137,8.02,29.81,38.98,1110.33,5,0,0,1,1,0,0,0,0,0,1,0,0,1,0,0,0,0
153,81,143,7.74,32.84,34.9,939.11,5,0,0,1,1,0,0,0,0,0,1,0,0,1,0,0,0,0
74,82,37,5.78,11.15,86.55,1915.04,5,0,0,1,1,0,0,0,0,0,1,0,0,1,0,0,0,0
83,17,109,7.3,28.12,64.02,700.34,5,0,0,1,1,0,0,0,0,0,1,0,0,1,0,0,0,0
127,62,77,6.69,22.1,54.42,1901.89,5,0,0,1,1,0,0,0,0,0,1,0,0,1,0,0,0,0
108,42,50,5.55,29.58,37.81,1191.69,5,0,0,1,1,0,0,0,0,0,1,0,0,1,0,0,0,0
139,43,42,4.94,29.1,47.64,2150.2,5,0,0,1,1,0,0,0,0,0,1,0,0,1,0,0,0,0
107,82,134,7.3,17.58,30.49,2348.66,5,0,0,1,1,0,0,0,0,0,1,0,0,1,0,0,0,0
106,55,56,5.32,23.57,88.33,2336.8,5,0,0,1,1,0,0,0,0,0,1,0,0,1,0,0,0,0
141,65,58,6.57,27.75,82.71,717.64,5,0,0,1,1,0,0,0,0,0,1,0,0,1,0,0,0,0
129,59,96,5.75,39.16,46.28,590.26,5,0,0,1,1,0,0,0,0,0,1,0,0,1,0,0,0,0
76,77,105,5.44,20.68,44.45,1010.48,5,0,0,1,1,0,0,0,0,0,1,0,0,1,0,0,0,0
141,24,66,7.06,31.73,56.33,955.3,5,0,0,1,0,1,0,0,0,0,1,0,0,1,0,0,0,0
176,24,24,6.76,28.13,32.21,886.64,5,0,0,1,0,1,0,0,0,0,1,0,0,1,0,0,0,0
109,82,80,6.81,38.93,49.03,2383.93,5,0,0,1,0,1,0,0,0,0,1,0,0,1,0,0,0,0
123,41,128,5.24,15.87,38.5,454.96,5,0,0,1,0,1,0,0,0,0,1,0,0,1,0,0,0,0
69,53,48,5.94,25.82,58.94,2402.71,5,0,0,1,0,1,0,0,0,0,1,0,0,1,0,0,0,0
99,15,109,5.26,34.22,33.43,2549.12,5,0,0,1,0,1,0,0,0,0,1,0,0,1,0,0,0,0
55,71,111,7.82,25.77,33.18,1174.52,5,0,0,1,0,1,0,0,0,0,1,0,0,1,0,0,0,0
131,63,89,6.62,32.13,62.66,463.49,5,0,0,1,0,1,0,0,0,0,1,0,0,1,0,0,0,0
149,45,147,6.91,38.62,45.34,1406.37,5,0,0,1,0,1,0,0,0,0,1,0,0,1,0,0,0,0
58,17,135,7.51,13.26,80.07,2453.29,5,0,0,1,0,1,0,0,0,0,1,0,0,1,0,0,0,0
66,16,118,5.23,27.28,66.04,458.58,5,0,0,1,0,1,0,0,0,0,1,0,0,1,0,0,0,0
100,80,41,7.69,30.41,66.45,1095.83,5,0,0,1,0,1,0,0,0,0,1,0,0,1,0,0,0,0
46,74,144,5.71,17.9,36.2,2484.96,5,0,0,1,0,1,0,0,0,0,1,0,0,1,0,0,0,0
132,68,86,7.56,28.03,70.16,1779.23,5,0,0,1,0,1,0,0,0,0,1,0,0,1,0,0,0,0
106,23,133,7.09,18.99,39.34,1733.1,5,0,0,1,0,1,0,0,0,0,1,0,0,1,0,0,0,0
95,76,64,6.81,12.65,36.15,2683.86,5,0,0,1,0,1,0,0,0,0,1,0,0,1,0,0,0,0
111,47,83,6.87,16.12,30.26,1242.27,5,0,0,1,0,1,0,0,0,0,1,0,0,1,0,0,0,0
159,32,102,7.98,32.95,80.06,1015.33,5,0,0,1,0,1,0,0,0,0,1,0,0,1,0,0,0,0
100,80,73,5.61,20.16,74.63,1234.18,5,0,0,1,0,1,0,0,0,0,1,0,0,1,0,0,0,0
80,86,46,5.4,15.72,53.46,875.83,5,0,0,1,0,1,0,0,0,0,1,0,0,1,0,0,0,0
130,74,140,5.86,27.95,89.08,348.55,5,0,0,1,0,0,1,0,0,0,1,0,0,0,0,0,1,0
64,75,66,5.57,24.24,81.11,2006.56,5,0,0,1,0,0,1,0,0,0,1,0,0,0,0,0,1,0
37,69,35,6.96,14.76,50.64,2104.29,5,0,0,1,0,0,1,0,0,0,1,0,0,0,0,0,1,0
163,87,100,5.47,13.31,66.95,550.38,5,0,0,1,0,0,1,0,0,0,1,0,0,0,0,0,1,0
49,62,58,5.78,11.68,48.79,1607.39,5,0,0,1,0,0,1,0,0,0,1,0,0,0,0,0,1,0
147,62,44,6.27,31.8,56.07,2701.49,5,0,0,1,0,0,1,0,0,0,1,0,0,0,0,0,1,0
130,31,95,5.17,15.41,35.4,1830.66,5,0,0,1,0,0,1,0,0,0,1,0,0,0,0,0,1,0
62,53,38,8.05,20.28,82.24,1770.11,5,0,0,1,0,0,1,0,0,0,1,0,0,0,0,0,1,0
146,47,27,7.83,38.98,72.99,1368.4,5,0,0,1,0,0,1,0,0,0,1,0,0,0,0,0,1,0
135,72,99,6.81,39.6,53.89,1216.56,5,0,0,1,0,0,1,0,0,0,1,0,0,0,0,0,1,0
164,97,100,7.16,13.37,66.63,803.65,5,0,0,1,0,0,1,0,0,0,1,0,0,0,0,0,1,0
148,70,78,7.38,39.21,76.7,2094.55,5,0,0,1,0,0,1,0,0,0,1,0,0,0,0,0,1,0
105,32,34,7.66,36.38,57.41,1231.58,5,0,0,1,0,0,1,0,0,0,1,0,0,0,0,0,1,0
54,66,79,7.91,15.47,89.45,817.72,5,0,0,1,0,0,1,0,0,0,1,0,0,0,0,0,1,0
67,28,114,6.49,12.82,59.01,771.1,5,0,0,1,0,0,1,0,0,0,1,0,0,0,0,0,1,0
171,26,86,5.64,11.67,87.48,1726.7,5,0,0,1,0,0,1,0,0,0,1,0,0,0,0,0,1,0
141,38,114,6.13,21.37,40.66,2416.95,5,0,0,1,0,0,1,0,0,0,1,0,0,0,0,0,1,0
164,19,45,6.41,15.99,43.5,881.29,5,0,0,1,0,0,1,0,0,0,1,0,0,0,0,0,1,0
153,77,89,5.42,15.89,38.99,2367.28,5,0,0,1,0,0,1,0,0,0,1,0,0,0,0,0,1,0
123,93,35,8.0,17.44,86.33,1744.8,5,0,0,1,0,0,1,0,0,0,1,0,0,0,0,0,1,0
153,98,91,5.24,12.56,72.75,354.37,5,0,0,1,0,0,1,0,0,0,1,0,0,0,0,0,1,0
122,52,43,6.32,33.15,80.44,1307.38,5,0,0,1,0,0,1,0,0,0,1,0,0,0,0,0,1,0
91,78,64,5.53,37.16,75.27,1740.38,5,0,0,1,0,0,1,0,0,0,1,0,0,0,0,0,1,0
90,74,103,7.42,26.72,34.47,2461.41,5,0,0,1,0,0,1,0,0,0,1,0,0,0,0,0,1,0
124,84,43,5.76,36.56,79.05,2587.63,5,0,0,1,0,0,1,0,0,0,1,0,0,0,0,0,1,0
74,40,50,6.27,37.57,81.89,812.97,5,0,0,1,0,0,1,0,0,0,1,0,0,0,0,0,1,0
165,57,149,7.94,36.77,87.42,905.44,5,0,0,1,0,0,0,1,0,0,1,0,0,1,0,0,0,0
165,64,132,5.39,37.9,47.25,1561.14,5,0,0,1,0,0,0,1,0,0,1,0,0,1,0,0,0,0
34,62,81,7.32,31.06,52.15,2384.02,5,0,0,1,0,0,0,1,0,0,1,0,0,1,0,0,0,0
52,32,92,6.43,15.96,85.66,1495.82,5,0,0,1,0,0,0,1,0,0,1,0,0,1,0,0,0,0
112,18,26,5.14,19.38,83.27,2550.01,5,0,0,1,0,0,0,1,0,0,1,0,0,1,0,0,0,0
51,76,108,5.46,29.33,73.23,2061.78,5,0,0,1,0,0,0,1,0,0,1,0,0,1,0,0,0,0
149,47,146,6.16,12.99,37.63,1979.65,5,0,0,1,0,0,0,1,0,0,1,0,0,1,0,0,0,0
170,40,22,6.37,32.71,40.69,554.31,5,0,0,1,0,0,0,1,0,0,1,0,0,1,0,0,0,0
126,30,122,7.76,37.77,69.35,1599.25,5,0,0,1,0,0,0,1,0,0,1,0,0,1,0,0,0,0
49,37,104,5.56,10.26,40.75,317.62,5,0,0,1,0,0,0,1,0,0,1,0,0,1,0,0,0,0
64,65,124,6.3,22.87,69.63,1170.32,5,0,0,1,0,0,0,1,0,0,1,0,0,1,0,0,0,0
70,72,22,6.8,18.03,40.44,2535.71,5,0,0,1,0,0,0,1,0,0,1,0,0,1,0,0,0,0
99,36,80,7.23,28.46,58.74,1683.68,5,0,0,1,0,0,0,1,0,0,1,0,0,1,0,0,0,0
75,49,118,6.32,20.9,70.5,2754.47,5,0,0,1,0,0,0,1,0,0,1,0,0,1,0,0,0,0
138,64,46,5.17,19.02,30.32,2219.33,5,0,0,1,0,0,0,1,0,0,1,0,0,1,0,0,0,0
67,85,85,6.38,12.04,67.23,926.79,5,0,0,1,0,0,0,1,0,0,1,0,0,1,0,0,0,0
118,60,50,7.56,26.31,83.27,710.22,5,0,0,1,0,0,0,1,0,0,1,0,0,1,0,0,0,0
37,99,55,6.47,32.5,30.52,2029.7,5,0,0,1,0,0,0,1,0,0,1,0,0,1,0,0,0,0
132,65,71,6.93,18.76,57.13,1911.65,5,0,0,1,0,0,0,1,0,0,1,0,0,1,0,0,0,0
178,57,54,7.09,37.6,81.75,515.13,5,0,0,1,0,0,0,1,0,0,1,0,0,1,0,0,0,0
35,42,74,5.63,34.57,36.2,2788.93,5,0,0,1,0,0,0,1,0,0,1,0,0,1,0,0,0,0
114,28,108,7.35,28.97,42.82,2234.78,5,0,0,1,0,0,0,1,0,0,1,0,0,1,0,0,0,0
78,75,85,4.88,34.3,86.96,1514.81,5,0,0,1,0,0,0,1,0,0,1,0,0,1,0,0,0,0
116,89,69,7.42,32.69,30.06,2286.99,5,0,0,1,0,0,0,1,0,0,1,0,0,1,0,0,0,0
76,42,48,8.16,24.76,64.8,2285.79,5,0,0,1,0,0,0,1,0,0,1,0,0,1,0,0,0,0
75,92,88,6.53,30.27,42.12,2424.83,5,0,0,1,0,0,0,1,0,0,1,0,0,1,0,0,0,0
171,92,104,5.99,22.06,66.41,2152.4,5,0,0,1,0,0,0,1,0,0,1,0,0,1,0,0,0,0
81,27,90,6.75,37.93,32.6,1269.1,5,0,0,1,0,0,0,1,0,0,1,0,0,1,0,0,0,0
82,87,148,7.49,26.88,34.59,2066.56,5,0,0,1,0,0,0,1,0,0,1,0,0,1,0,0,0,0
139,78,142,6.83,39.73,86.92,2648.97,5,0,0,1,0,0,0,1,0,0,1,0,0,1,0,0,0,0
41,38,74,5.42,27.77,52.72,1172.89,5,0,0,1,0,0,0,1,0,0,1,0,0,1,0,0,0,0
170,78,67,4.88,22.65,78.3,2719.99,5,0,0,1,0,0,0,1,0,0,1,0,0,1,0,0,0,0
37,71,22,5.7,38.2,57.5,2690.6,5,0,0,1,0,0,0,1,0,0,1,0,0,1,0,0,0,0
71,90,131,6.05,27.97,52.4,1907.36,5,0,0,1,0,0,0,1,0,0,1,0,0,1,0,0,0,0
156,66,108,6.52,17.54,63.05,2215.45,5,0,0,1,0,0,0,1,0,0,1,0,0,1,0,0,0,0
121,25,49,5.83,29.79,68.1,2796.24,5,0,0,1,0,0,0,1,0,0,1,0,0,1,0,0,0,0
122,32,94,5.81,27.93,57.57,1839.45,5,0,0,1,0,0,0,1,0,0,1,0,0,1,0,0,0,0
92,83,122,5.44,11.78,77.62,526.36,5,0,0,1,1,0,0,0,0,0,0,1,0,0,1,0,0,0
149,41,69,7.69,23.25,74.1,1156.35,5,0,0,1,1,0,0,0,0,0,0,1,0,0,1,0,0,0
131,99,38,5.94,38.19,37.18,1739.73,5,0,0,1,1,0,0,0,0,0,0,1,0,0,1,0,0,0
163,53,66,7.34,29.84,75.19,2035.26,5,0,0,1,1,0,0,0,0,0,0,1,0,0,1,0,0,0
120,35,68,6.41,20.11,59.54,1661.38,5,0,0,1,1,0,0,0,0,0,0,1,0,0,1,0,0,0
70,96,81,7.33,10.37,71.55,1059.12,5,0,0,1,1,0,0,0,0,0,0,1,0,0,1,0,0,0
33,55,135,7.53,15.15,58.79,578.42,5,0,0,1,1,0,0,0,0,0,0,1,0,0,1,0,0,0
121,46,27,7.01,13.21,66.96,2374.27,5,0,0,1,1,0,0,0,0,0,0,1,0,0,1,0,0,0
101,73,121,6.27,12.38,64.01,556.77,5,0,0,1,1,0,0,0,0,0,0,1,0,0,1,0,0,0
88,29,61,6.66,12.75,37.87,882.85,5,0,0,1,1,0,0,0,0,0,0,1,0,0,1,0,0,0
38,39,145,5.47,10.44,68.72,2194.39,5,0,0,1,1,0,0,0,0,0,0,1,0,0,1,0,0,0
114,41,37,7.69,25.98,79.27,2727.64,5,0,0,1,1,0,0,0,0,0,0,1,0,0,1,0,0,0
91,74,68,8.01,34.63,50.1,2133.05,5,0,0,1,1,0,0,0,0,0,0,1,0,0,1,0,0,0
175,55,38,7.17,26.07,89.67,1750.12,5,0,0,1,1,0,0,0,0,0,0,1,0,0,1,0,0,0
137,70,68,6.98,28.69,37.42,2633.71,5,0,0,1,1,0,0,0,0,0,0,1,0,0,1,0,0,0
146,81,38,7.07,14.91,56.95,1399.33,5,0,0,1,1,0,0,0,0,0,0,1,0,0,1,0,0,0
118,80,36,7.62,36.85,43.39,2375.11,5,0,0,1,1,0,0,0,0,0,0,1,0,0,1,0,0,0
39,72,112,6.85,35.72,87.43,401.66,5,0,0,1,1,0,0,0,0,0,0,1,0,0,1,0,0,0
75,51,75,7.07,15.06,38.05,825.98,5,0,0,1,1,0,0,0,0,0,0,1,0,0,1,0,0,0
151,36,105,5.21,18.9,86.67,2118.43,5,0,0,1,1,0,0,0,0,0,0,1,0,0,1,0,0,0
174,54,59,5.09,23.66,57.33,2000.87,5,0,0,1,1,0,0,0,0,0,0,1,0,0,1,0,0,0
93,32,90,7.34,11.37,85.63,2366.42,5,0,0,1,1,0,0,0,0,0,0,1,0,0,1,0,0,0
154,95,60,8.07,26.18,51.02,1826.76,5,0,0,1,1,0,0,0,0,0,0,1,0,0,1,0,0,0
117,73,24,7.08,20.36,60.88,1944.29,5,0,0,1,1,0,0,0,0,0,0,1,0,0,1,0,0,0
43,50,71,5.8,29.23,53.0,2260.38,5,0,0,1,1,0,0,0,0,0,0,1,0,0,1,0,0,0
95,54,99,6.11,24.43,61.37,2553.64,5,0,0,1,0,1,0,0,0,0,0,1,0,0,1,0,0,0
179,17,104,6.9,28.15,84.3,860.4,5,0,0,1,0,1,0,0,0,0,0,1,0,0,1,0,0,0
105,15,135,5.81,33.73,79.54,741.32,5,0,0,1,0,1,0,0,0,0,0,1,0,0,1,0,0,0
34,23,77,7.3,18.88,60.61,1533.3,5,0,0,1,0,1,0,0,0,0,0,1,0,0,1,0,0,0
63,34,35,6.82,31.65,75.31,524.18,5,0,0,1,0,1,0,0,0,0,0,1,0,0,1,0,0,0
154,16,55,6.8,37.77,86.67,2185.42,5,0,0,1,0,1,0,0,0,0,0,1,0,0,1,0,0,0
170,39,38,6.84,21.14,56.49,2461.17,5,0,0,1,0,1,0,0,0,0,0,1,0,0,1,0,0,0
138,35,89,5.7,23.15,81.15,1657.57,5,0,0,1,0,1,0,0,0,0,0,1,0,0,1,0,0,0
84,47,30,5.39,24.08,80.87,992.99,5,0,0,1,0,1,0,0,0,0,0,1,0,0,1,0,0,0
133,37,55,7.44,17.66,48.62,1328.97,5,0,0,1,0,1,0,0,0,0,0,1,0,0,1,0,0,0
122,51,92,6.76,26.17,53.91,967.44,5,0,0,1,0,1,0,0,0,0,0,1,0,0,1,0,0,0
45,61,56,8.13,14.99,48.62,2630.43,5,0,0,1,0,1,0,0,0,0,0,1,0,0,1,0,0,0
97,24,103,6.6,38.11,81.33,2725.85,5,0,0,1,0,1,0,0,0,0,0,1,0,0,1,0,0,0
31,64,117,5.39,31.82,42.99,346.37,5,0,0,1,0,1,0,0,0,0,0,1,0,0,1,0,0,0
90,75,71,8.03,12.72,86.48,441.72,5,0,0,1,0,1,0,0,0,0,0,1,0,0,1,0,0,0
91,20,137,5.16,35.42,37.64,2421.06,5,0,0,1,0,1,0,0,0,0,0,1,0,0,1,0,0,0
31,78,26,6.99,32.16,37.33,1157.14,5,0,0,1,0,1,0,0,0,0,0,1,0,0,1,0,0,0
41,71,21,5.63,33.42,85.97,879.9,5,0,0,1,0,1,0,0,0,0,0,1,0,0,1,0,0,0
154,53,124,6.08,34.66,74.65,2666.93,5,0,0,1,0,1,0,0,0,0,0,1,0,0,1,0,0,0
116,95,54,7.17,37.55,66.49,1480.86,5,0,0,1,0,1,0,0,0,0,0,1,0,0,1,0,0,0
67,48,67,8.06,17.3,34.49,1739.67,5,0,0,1,0,1,0,0,0,0,0,1,0,0,1,0,0,0
35,26,102,6.2,21.71,60.32,1514.57,5,0,0,1,0,1,0,0,0,0,0,1,0,0,1,0,0,0
68,76,65,4.82,29.76,86.97,2415.69,5,0,0,1,0,1,0,0,0,0,0,1,0,0,1,0,0,0
41,18,107,6.18,34.56,56.53,1650.79,5,0,0,1,0,1,0,0,0,0,0,1,0,0,1,0,0,0
50,92,69,5.12,11.63,45.08,2085.5,5,0,0,1,0,1,0,0,0,0,0,1,0,0,1,0,0,0
175,79,64,8.02,17.75,45.37,1507.22,5,0,0,1,0,1,0,0,0,0,0,1,0,0,1,0,0,0
113,74,136,6.15,19.64,75.88,1982.4,5,0,0,1,0,1,0,0,0,0,0,1,0,0,1,0,0,0
52,86,56,7.55,20.4,89.09,1993.63,5,0,0,1,0,1,0,0,0,0,0,1,0,0,1,0,0,0
82,40,92,5.67,25.36,80.84,1095.19,5,0,0,1,0,1,0,0,0,0,0,1,0,0,1,0,0,0
70,80,46,6.56,35.12,37.35,2746.23,5,0,0,1,0,1,0,0,0,0,0,1,0,0,1,0,0,0
128,39,94,7.85,10.95,47.25,442.85,5,0,0,1,0,1,0,0,0,0,0,1,0,0,1,0,0,0
143,77,21,6.08,28.96,45.34,2696.79,5,0,0,1,0,1,0,0,0,0,0,1,0,0,1,0,0,0
149,54,74,5.89,28.0,32.33,1003.64,5,0,0,1,0,0,1,0,0,0,0,1,0,0,0,0,0,1
54,26,52,7.29,30.24,64.49,406.9,5,0,0,1,0,0,1,0,0,0,0,1,0,0,0,0,0,1
163,68,128,7.01,24.87,36.65,1522.91,5,0,0,1,0,0,1,0,0,0,0,1,0,0,0,0,0,1
109,53,94,4.81,15.87,48.94,1353.11,5,0,0,1,0,0,1,0,0,0,0,1,0,0,0,0,0,1
112,79,67,6.75,25.57,51.07,2673.9,5,0,0,1,0,0,1,0,0,0,0,1,0,0,0,0,0,1
159,92,126,6.06,28.23,42.15,1866.35,5,0,0,1,0,0,1,0,0,0,0,1,0,0,0,0,0,1
99,47,111,5.86,34.81,30.1,2397.16,5,0,0,1,0,0,1,0,0,0,0,1,0,0,0,0,0,1
83,21,136,7.68,21.77,74.11,986.06,5,0,0,1,0,0,1,0,0,0,0,1,0,0,0,0,0,1
85,75,60,6.01,28.61,76.41,2215.86,5,0,0,1,0,0,1,0,0,0,0,1,0,0,0,0,0,1
135,38,102,5.59,10.8,66.75,794.59,5,0,0,1,0,0,1,0,0,0,0,1,0,0,0,0,0,1
61,68,79,7.78,26.58,35.68,1038.25,5,0,0,1,0,0,1,0,0,0,0,1,0,0,0,0,0,1
58,62,140,5.81,10.27,38.09,1914.49,5,0,0,1,0,0,1,0,0,0,0,1,0,0,0,0,0,1
83,85,29,6.63,10.83,57.57,2431.01,5,0,0,1,0,0,1,0,0,0,0,1,0,0,0,0,0,1
73,70,142,5.33,18.29,86.87,2368.57,5,0,0,1,0,0,1,0,0,0,0,1,0,0,0,0,0,1
174,74,113,4.87,38.34,30.82,1416.13,5,0,0,1,0,0,1,0,0,0,0,1,0,0,0,0,0,1
122,73,51,5.8,38.3,59.15,2422.43,5,0,0,1,0,0,1,0,0,0,0,1,0,0,0,0,0,1
77,56,63,7.62,39.29,47.63,862.58,5,0,0,1,0,0,1,0,0,0,0,1,0,0,0,0,0,1
159,88,124,7.04,21.83,47.93,463.56,5,0,0,1,0,0,1,0,0,0,0,1,0,0,0,0,0,1
82,40,50,4.81,29.95,77.15,998.65,5,0,0,1,0,0,0,1,0,0,0,1,0,1,0,0,0,0
176,97,62,5.79,38.5,55.49,1915.79,5,0,0,1,0,0,0,1,0,0,0,1,0,1,0,0,0,0
133,86,121,7.38,35.84,45.64,2073.4,5,0,0,1,0,0,0,1,0,0,0,1,0,1,0,0,0,0
144,16,130,6.93,28.47,83.22,1670.03,5,0,0,1,0,0,0,1,0,0,0,1,0,1,0,0,0,0
138,27,123,5.75,17.36,41.97,1946.99,5,0,0,1,0,0,0,1,0,0,0,1,0,1,0,0,0,0
102,45,119,6.85,18.11,37.24,2450.59,5,0,0,1,0,0,0,1,0,0,0,1,0,1,0,0,0,0
149,96,49,8.01,17.17,83.15,1648.51,5,0,0,1,0,0,0,1,0,0,0,1,0,1,0,0,0,0
101,58,128,4.92,37.3,40.05,492.1,5,0,0,1,0,0,0,1,0,0,0,1,0,1,0,0,0,0
81,71,147,8.05,18.45,60.29,2386.48,5,0,0,1,0,0,0,1,0,0,0,1,0,1,0,0,0,0
83,85,84,5.39,33.95,63.27,2134.23,5,0,0,1,0,0,0,1,0,0,0,1,0,1,0,0,0,0
153,29,125,7.76,37.8,68.64,1168.76,5,0,0,1,0,0,0,1,0,0,0,1,0,1,0,0,0,0
40,61,85,6.33,26.21,60.22,1588.07,5,0,0,1,0,0,0,1,0,0,0,1,0,1,0,0,0,0
106,58,90,7.62,27.82,41.4,2167.89,5,0,0,1,0,0,0,1,0,0,0,1,0,1,0,0,0,0
87,99,127,6.38,22.7,43.35,2283.15,5,0,0,1,0,0,0,1,0,0,0,1,0,1,0,0,0,0
119,40,99,7.63,20.99,47.83,2235.26,5,0,0,1,0,0,0,1,0,0,0,1,0,1,0,0,0,0
70,77,101,4.85,36.24,46.0,893.12,5,0,0,1,0,0,0,1,0,0,0,1,0,1,0,0,0,0
121,58,122,7.9,16.48,68.77,1068.59,5,0,0,1,0,0,0,1,0,0,0,1,0,1,0,0,0,0
155,67,62,5.87,31.98,39.84,487.74,5,0,0,1,0,0,0,1,0,0,0,1,0,1,0,0,0,0
77,41,34,5.31,19.43,59.08,1536.57,5,0,0,1,0,0,0,1,0,0,0,1,0,1,0,0,0,0
62,79,66,7.08,38.08,70.63,558.61,5,0,0,1,0,0,0,1,0,0,0,1,0,1,0,0,0,0
171,43,60,6.81,18.41,45.24,383.44,5,0,0,1,0,0,0,1,0,0,0,1,0,1,0,0,0,0
155,50,127,6.91,36.96,81.52,1460.53,5,0,0,1,0,0,0,1,0,0,0,1,0,1,0,0,0,0
114,37,67,5.26,23.01,35.59,1484.14,5,0,0,1,0,0,0,1,0,0,0,1,0,1,0,0,0,0
101,65,129,6.53,13.84,42.82,1051.37,5,0,0,1,0,0,0,1,0,0,0,1,0,1,0,0,0,0
59,64,46,5.68,23.82,46.6,1478.26,5,0,0,1,0,0,0,1,0,0,0,1,0,1,0,0,0,0
110,83,83,7.88,24.94,87.91,1394.52,5,0,0,1,0,0,0,1,0,0,0,1,0,1,0,0,0,0
143,89,58,8.17,34.58,32.32,634.02,5,0,0,1,0,0,0,1,0,0,0,1,0,1,0,0,0,0
170,47,126,6.66,21.64,88.95,357.12,5,0,0,1,0,0,0,1,0,0,0,1,0,1,0,0,0,0
66,60,21,5.01,16.53,78.92,760.73,5,0,0,1,1,0,0,0,0,0,0,0,1,0,1,0,0,0
50,95,50,6.88,17.66,30.7,1615.76,5,0,0,1,1,0,0,0,0,0,0,0,1,0,1,0,0,0
128,46,65,7.9,13.89,55.55,496.05,5,0,0,1,1,0,0,0,0,0,0,0,1,0,1,0,0,0
59,94,102,7.07,25.39,71.83,855.02,5,0,0,1,1,0,0,0,0,0,0,0,1,0,1,0,0,0
144,20,146,5.84,18.46,40.4,414.05,5,0,0,1,1,0,0,0,0,0,0,0,1,0,1,0,0,0
119,74,125,7.2,25.02,62.72,1573.73,5,0,0,1,1,0,0,0,0,0,0,0,1,0,1,0,0,0
113,75,113,7.13,18.28,75.1,2517.96,5,0,0,1,1,0,0,0,0,0,0,0,1,0,1,0,0,0
34,88,115,6.58,29.98,38.48,895.86,5,0,0,1,1,0,0,0,0,0,0,0,1,0,1,0,0,0
35,81,65,5.08,17.99,41.52,1078.83,5,0,0,1,1,0,0,0,0,0,0,0,1,0,1,0,0,0
73,23,114,7.58,31.79,61.75,1438.61,5,0,0,1,1,0,0,0,0,0,0,0,1,0,1,0,0,0
106,58,115,6.09,39.47,56.77,1892.21,5,0,0,1,1,0,0,0,0,0,0,0,1,0,1,0,0,0
63,67,100,5.69,25.85,72.85,2021.64,5,0,0,1,1,0,0,0,0,0,0,0,1,0,1,0,0,0
143,34,71,6.32,19.68,42.86,1360.95,5,0,0,1,1,0,0,0,0,0,0,0,1,0,1,0,0,0
40,78,144,4.97,19.92,70.93,2564.3,5,0,0,1,1,0,0,0,0,0,0,0,1,0,1,0,0,0
142,38,42,5.89,39.11,89.21,1532.56,5,0,0,1,1,0,0,0,0,0,0,0,1,0,1,0,0,0
111,55,31,6.7,31.52,43.19,2172.24,5,0,0,1,1,0,0,0,0,0,0,0,1,0,1,0,0,0
129,31,136,6.38,18.67,70.04,439.7,5,0,0,1,1,0,0,0,0,0,0,0,1,0,1,0,0,0
64,32,87,6.68,13.13,86.72,922.12,5,0,0,1,1,0,0,0,0,0,0,0,1,0,1,0,0,0
69,47,42,6.5,33.14,31.94,2455.02,5,0,0,1,1,0,0,0,0,0,0,0,1,0,1,0,0,0
91,50,95,7.81,23.33,41.91,446.52,5,0,0,1,1,0,0,0,0,0,0,0,1,0,1,0,0,0
130,87,32,6.02,11.33,70.19,629.13,5,0,0,1,1,0,0,0,0,0,0,0,1,0,1,0,0,0
171,17,48,6.1,26.82,84.63,832.5,5,0,0,1,0,1,0,0,0,0,0,0,1,0,1,0,0,0
55,87,128,4.98,21.95,86.76,2307.92,5,0,0,1,0,1,0,0,0,0,0,0,1,0,1,0,0,0
121,26,129,7.32,13.92,56.19,1257.76,5,0,0,1,0,1,0,0,0,0,0,0,1,0,1,0,0,0
176,94,114,5.93,18.17,86.0,1126.65,5,0,0,1,0,1,0,0,0,0,0,0,1,0,1,0,0,0
156,44,104,6.41,32.43,72.38,576.39,5,0,0,1,0,1,0,0,0,0,0,0,1,0,1,0,0,0
146,80,119,6.03,39.06,83.54,2435.83,5,0,0,1,0,1,0,0,0,0,0,0,1,0,1,0,0,0
116,96,54,6.98,18.99,32.34,1391.0,5,0,0,1,0,1,0,0,0,0,0,0,1,0,1,0,0,0
133,86,114,5.36,37.1,52.45,1273.83,5,0,0,1,0,1,0,0,0,0,0,0,1,0,1,0,0,0
44,68,147,6.32,35.57,70.85,2024.3,5,0,0,1,0,1,0,0,0,0,0,0,1,0,1,0,0,0
106,83,126,5.89,35.91,77.34,1515.83,5,0,0,1,0,1,0,0,0,0,0,0,1,0,1,0,0,0
39,33,22,7.27,14.33,83.39,339.63,5,0,0,1,0,1,0,0,0,0,0,0,1,0,1,0,0,0
53,85,112,6.06,31.61,32.3,1001.5,5,0,0,1,0,1,0,0,0,0,0,0,1,0,1,0,0,0
86,88,142,4.89,11.22,75.85,665.27,5,0,0,1,0,1,0,0,0,0,0,0,1,0,1,0,0,0
179,68,127,6.13,35.63,62.05,2771.99,5,0,0,1,0,1,0,0,0,0,0,0,1,0,1,0,0,0
104,35,92,7.01,18.81,67.53,537.04,5,0,0,1,0,1,0,0,0,0,0,0,1,0,1,0,0,0
149,91,35,6.55,39.66,50.92,698.11,5,0,0,1,0,1,0,0,0,0,0,0,1,0,1,0,0,0
132,66,39,6.31,28.0,34.64,1687.2,5,0,0,1,0,1,0,0,0,0,0,0,1,0,1,0,0,0
93,21,145,7.55,37.88,41.12,392.46,5,0,0,1,0,1,0,0,0,0,0,0,1,0,1,0,0,0
65,68,33,6.06,32.47,44.32,2081.54,5,0,0,1,0,1,0,0,0,0,0,0,1,0,1,0,0,0
139,91,92,6.22,15.36,78.52,2422.65,5,0,0,1,0,1,0,0,0,0,0,0,1,0,1,0,0,0
68,91,67,5.76,10.08,30.2,1252.38,5,0,0,1,0,1,0,0,0,0,0,0,1,0,1,0,0,0
35,57,77,6.4,39.4,39.0,1829.44,5,0,0,1,0,1,0,0,0,0,0,0,1,0,1,0,0,0
168,66,115,6.85,10.45,47.13,2576.31,5,0,0,1,0,1,0,0,0,0,0,0,1,0,1,0,0,0
163,33,102,5.28,12.48,63.92,2116.69,5,0,0,1,0,1,0,0,0,0,0,0,1,0,1,0,0,0
158,15,89,4.82,23.77,38.8,1683.49,5,0,0,1,0,0,1,0,0,0,0,0,1,0,0,0,1,0
132,53,102,4.99,22.58,44.29,1159.12,5,0,0,1,0,0,1,0,0,0,0,0,1,0,0,0,1,0
97,47,72,8.15,16.0,69.97,1363.41,5,0,0,1,0,0,1,0,0,0,0,0,1,0,0,0,1,0
132,80,106,7.96,15.05,46.45,1476.32,5,0,0,1,0,0,1,0,0,0,0,0,1,0,0,0,1,0
58,61,137,7.69,16.64,82.67,2568.74,5,0,0,1,0,0,1,0,0,0,0,0,1,0,0,0,1,0
142,55,37,6.1,28.24,40.65,1826.08,5,0,0,1,0,0,1,0,0,0,0,0,1,0,0,0,1,0
155,69,82,5.15,12.89,64.59,901.75,5,0,0,1,0,0,1,0,0,0,0,0,1,0,0,0,1,0
104,79,141,5.88,23.56,36.86,1161.91,5,0,0,1,0,0,1,0,0,0,0,0,1,0,0,0,1,0
171,22,47,6.97,25.14,42.68,2061.47,5,0,0,1,0,0,1,0,0,0,0,0,1,0,0,0,1,0
42,29,123,7.35,12.59,58.59,2406.21,5,0,0,1,0,0,1,0,0,0,0,0,1,0,0,0,1,0
91,16,131,8.02,12.59,60.78,1948.02,5,0,0,1,0,0,1,0,0,0,0,0,1,0,0,0,1,0
51,85,146,6.37,34.46,75.91,803.61,5,0,0,1,0,0,1,0,0,0,0,0,1,0,0,0,1,0
46,41,61,7.19,37.19,30.64,1119.75,5,0,0,1,0,0,1,0,0,0,0,0,1,0,0,0,1,0
49,87,120,8.1,15.13,41.87,1604.75,5,0,0,1,0,0,1,0,0,0,0,0,1,0,0,0,1,0
170,83,30,6.69,12.66,37.57,1070.63,5,0,0,1,0,0,1,0,0,0,0,0,1,0,0,0,1,0
150,83,55,5.82,39.54,89.45,560.72,5,0,0,1,0,0,1,0,0,0,0,0,1,0,0,0,1,0
136,77,88,6.57,28.84,81.76,1108.92,5,0,0,1,0,0,1,0,0,0,0,0,1,0,0,0,1,0
168,76,104,5.92,33.82,34.57,1930.81,5,0,0,1,0,0,1,0,0,0,0,0,1,0,0,0,1,0
121,87,138,6.71,32.83,53.08,1591.02,5,0,0,1,0,0,1,0,0,0,0,0,1,0,0,0,1,0
131,88,133,5.39,35.55,68.48,865.91,5,0,0,1,0,0,1,0,0,0,0,0,1,0,0,0,1,0
173,23,70,5.44,28.72,88.59,2239.02,5,0,0,1,0,0,1,0,0,0,0,0,1,0,0,0,1,0
115,39,110,5.52,32.26,84.23,461.03,5,0,0,1,0,0,1,0,0,0,0,0,1,0,0,0,1,0
37,42,128,6.88,38.28,74.26,2541.7,5,0,0,1,0,0,1,0,0,0,0,0,1,0,0,0,1,0
145,56,103,6.55,10.56,64.93,1712.53,5,0,0,1,0,0,1,0,0,0,0,0,1,0,0,0,1,0
171,51,21,6.07,12.67,70.65,1678.14,5,0,0,1,0,0,1,0,0,0,0,0,1,0,0,0,1,0
162,36,140,6.95,14.07,82.52,2334.09,5,0,0,1,0,0,1,0,0,0,0,0,1,0,0,0,1,0
158,81,23,6.82,16.57,31.13,1667.73,5,0,0,1,0,0,0,1,0,0,0,0,1,0,0,0,1,0
172,21,121,6.56,32.1,42.77,1631.86,5,0,0,1,0,0,0,1,0,0,0,0,1,0,0,0,1,0
51,19,42,4.86,26.18,76.12,1428.67,5,0,0,1,0,0,0,1,0,0,0,0,1,0,0,0,1,0
79,40,65,6.47,26.44,75.84,1344.79,5,0,0,1,0,0,0,1,0,0,0,0,1,0,0,0,1,0
113,76,70,6.81,14.33,70.74,2439.29,5,0,0,1,0,0,0,1,0,0,0,0,1,0,0,0,1,0
36,22,52,6.22,30.53,70.59,1721.53,5,0,0,1,0,0,0,1,0,0,0,0,1,0,0,0,1,0
124,16,38,5.44,36.72,87.03,1115.29,5,0,0,1,0,0,0,1,0,0,0,0,1,0,0,0,1,0
75,16,42,5.15,12.47,38.32,396.6,5,0,0,1,0,0,0,1,0,0,0,0,1,0,0,0,1,0
175,50,123,7.73,22.62,54.14,2148.19,5,0,0,1,0,0,0,1,0,0,0,0,1,0,0,0,1,0
99,48,130,8.08,35.4,84.59,2451.21,5,0,0,1,0,0,0,1,0,0,0,0,1,0,0,0,1,0
164,65,87,7.47,16.72,63.76,974.81,5,0,0,1,0,0,0,1,0,0,0,0,1,0,0,0,1,0
56,37,90,5.04,11.24,38.21,414.59,5,0,0,1,0,0,0,1,0,0,0,0,1,0,0,0,1,0
98,22,141,7.9,30.58,50.4,904.47,5,0,0,1,0,0,0,1,0,0,0,0,1,0,0,0,1,0
177,98,76,5.58,27.81,61.72,1826.68,5,0,0,1,0,0,0,1,0,0,0,0,1,0,0,0,1,0
79,30,54,8.18,10.26,84.88,464.47,5,0,0,1,0,0,0,1,0,0,0,0,1,0,0,0,1,0
145,57,40,6.76,22.55,45.76,720.47,5,0,0,1,0,0,0,1,0,0,0,0,1,0,0,0,1,0
41,77,31,7.26,20.91,79.93,1539.94,5,0,0,1,0,0,0,1,0,0,0,0,1,0,0,0,1,0
175,40,136,7.68,21.92,33.59,744.78,5,0,0,1,0,0,0,1,0,0,0,0,1,0,0,0,1,0
123,17,37,5.78,27.15,48.7,2188.18,5,0,0,1,0,0,0,1,0,0,0,0,1,0,0,0,1,0
139,66,119,8.16,28.42,43.09,1147.65,5,0,0,1,0,0,0,1,0,0,0,0,1,0,0,0,1,0
131,27,113,7.02,21.95,34.78,569.63,5,0,0,1,0,0,0,1,0,0,0,0,1,0,0,0,1,0
84,77,36,8.18,38.23,71.38,1833.95,5,0,0,1,0,0,0,1,0,0,0,0,1,0,0,0,1,0
81,72,105,5.58,24.14,37.2,1739.66,5,0,0,1,0,0,0,1,0,0,0,0,1,0,0,0,1,0
94,96,56,6.6,10.35,60.81,729.27,5,0,0,1,0,0,0,1,0,0,0,0,1,0,0,0,1,0
41,68,92,6.81,36.65,73.18,2108.15,5,0,0,1,0,0,0,1,0,0,0,0,1,0,0,0,1,0
160,47,54,6.84,35.2,68.67,2299.42,5,0,0,1,0,0,0,1,0,0,0,0,1,0,0,0,1,0
37,66,126,7.05,13.42,42.62,309.89,5,0,0,1,0,0,0,1,0,0,0,0,1,0,0,0,1,0
94,82,27,5.89,25.29,38.53,685.54,5,0,0,1,0,0,0,1,0,0,0,0,1,0,0,0,1,0
157,84,30,6.22,11.11,81.78,2105.42,5,0,0,1,0,0,0,1,0,0,0,0,1,0,0,0,1,0
